Título;Cód. empresa;Empresa;Documento;Nº documento;Data emissão;Cód. cliente;Cliente;Origem;Inadimplente;SPC;Serasa;Subjudice;Taxa administrativa;Seguro;Valor a receber;Valor baixado;Valor líquido;Valor total;Observação
89;1;DINAMICA EMPREENDIMENTOS E SOLUCOES LTDA;NFSE;206;13/08/2019;17;INSTITUTO FEDERAL DE EDUCAÇÃO, CIÊNCIA E TECNOLOGIA DO CEARÁ;CR;Não;Não;Não;Não;R$ 0,00;R$ 0,00;R$ 0,00;R$ 230.571,01;R$ 230.571,01;R$ 230.571,01;3° MEDIÇÃO OBJETO: SERVIÇOS COMUNS DE ENGENHARIA INERENTES A MANUTENÇÃO PREDIAL CORRETIVA OU PREVENTIVA CAMPUS FORTALEZA
232;1;DINAMICA EMPREENDIMENTOS E SOLUCOES LTDA;NFE;205;13/08/2019;21;INSTITUTO FEDERAL DE EDUCAÇÃO, CIÊNCIA E TECNOLOGIA DO CEARÁ;CR;Não;Não;Não;Não;R$ 0,00;R$ 0,00;R$ 0,00;R$ 57.764,30;R$ 57.764,30;R$ 57.764,30;1° MEDIÇÃO OBJETO: SERVIÇOS COMUNS DE ENGENHARIA INERENTES A MANUTENÇÃO PREDIAL CORRETIVA OU PREVENTIVA CAMPUS ITAPIPOCA
233;1;DINAMICA EMPREENDIMENTOS E SOLUCOES LTDA;NFSE;209;13/08/2019;7;INSTITUTO FEDERAL DE EDUCAÇÃO, CIÊNCIA E TECNOLOGIA DO CEARÁ;CR;Não;Não;Não;Não;R$ 0,00;R$ 0,00;R$ 0,00;R$ 80.006,28;R$ 80.006,28;R$ 80.006,28;3° MEDIÇÃO OBJETO: CONTRATAÇÃO DE EMPRESA ESPECIALIZADA NA EXECUÇÃO DE OBRA DE ENGENHARIA PARA CONSTRUÇÃO DE SALAS DE AULA E ESPAÇO DE VIVENCIA NO CAMPUS JAGUARIBE
234;1;DINAMICA EMPREENDIMENTOS E SOLUCOES LTDA;NFSE;208;13/08/2019;1;INSTITUTO FEDERAL DE EDUCAÇÃO, CIÊNCIA E TECNOLOGIA DO CEARÁ;CR;Não;Não;Não;Não;R$ 0,00;R$ 0,00;R$ 0,00;R$ 79.227,87;R$ 79.227,87;R$ 79.227,87;4° MEDIÇÃO OBJETO: CONTRATAÇÃO DE EMPRESA ESPECIALIZADA NA EXECUÇÃO DE OBRA DE ENGENHARIA PARA CONSTRUÇÃO DE SALAS DE AULA EM FAVOR DO IFCE MORADA NOVA
90;1;DINAMICA EMPREENDIMENTOS E SOLUCOES LTDA;NFSE;211;04/09/2019;22;FUNDO MUNICIPAL DE SAÚDE;CR;Não;Não;Não;Não;R$ 0,00;R$ 0,00;R$ 0,00;R$ 153.021,90;R$ 153.021,90;R$ 153.021,90;3° MEDIÇÃO - OBJETO: CONTRATAÇÃO DE EMPRESA PARA EXECUTAR OS SERVIÇOS DE REFORMA DE UNIDADE DE ATENÇÃO ESPECIALIZADA EM SAÚDE DO MUNICÍPIO DE MORRINHOS/CE. CONTRATO N° 20190010
93;1;DINAMICA EMPREENDIMENTOS E SOLUCOES LTDA;NFSE;214;10/09/2019;1;INSTITUTO FEDERAL DE EDUCAÇÃO, CIÊNCIA E TECNOLOGIA DO CEARÁ;CR;Não;Não;Não;Não;R$ 0,00;R$ 0,00;R$ 0,00;R$ 18.960,76;R$ 18.960,76;R$ 18.960,76;1° MEDIÇÃO OBJETO: SERVIÇOS COMUNS DE ENGENHARIA INERENTES A MANUTENÇÃO PREDIAL CORRETIVA OU PREVENTIVA CAMPUS MORADA NOVA
94;1;DINAMICA EMPREENDIMENTOS E SOLUCOES LTDA;NFSE;219;10/09/2019;9;INSTITUTO FEDERAL DE EDUCAÇÃO, CIÊNCIA E TECNOLOGIA DO CEARÁ;CR;Não;Não;Não;Não;R$ 0,00;R$ 0,00;R$ 0,00;R$ 8.361,64;R$ 8.361,64;R$ 8.361,64;2° MEDIÇÃO OBJETO: SERVIÇOS COMUNS DE ENGENHARIA INERENTES A MANUTENÇÃO PREDIAL CORRETIVA OU PREVENTIVA CAMPUS BOA VIAGEM
95;1;DINAMICA EMPREENDIMENTOS E SOLUCOES LTDA;NFSE;216;13/09/2019;12;INSTITUTO FEDERAL DE EDUCAÇÃO, CIÊNCIA E TECNOLOGIA DO CEARÁ;CR;Não;Não;Não;Não;R$ 0,00;R$ 0,00;R$ 0,00;R$ 23.230,53;R$ 23.230,53;R$ 23.230,53;3° MEDIÇÃO OBJETO: SERVIÇOS COMUNS DE ENGENHARIA INERENTES A MANUTENÇÃO PREDIAL CORRETIVA OU PREVENTIVA CAMPUS CANINDÉ
96;1;DINAMICA EMPREENDIMENTOS E SOLUCOES LTDA;NFSE;217;13/09/2019;12;INSTITUTO FEDERAL DE EDUCAÇÃO, CIÊNCIA E TECNOLOGIA DO CEARÁ;CR;Não;Não;Não;Não;R$ 0,00;R$ 0,00;R$ 0,00;R$ 5.285,28;R$ 5.285,28;R$ 5.285,28;4° MEDIÇÃO OBJETO: SERVIÇOS COMUNS DE ENGENHARIA INERENTES A MANUTENÇÃO PREDIAL CORRETIVA OU PREVENTIVA CAMPUS CANINDÉ
97;1;DINAMICA EMPREENDIMENTOS E SOLUCOES LTDA;NFSE;221;16/09/2019;7;INSTITUTO FEDERAL DE EDUCAÇÃO, CIÊNCIA E TECNOLOGIA DO CEARÁ;CR;Não;Não;Não;Não;R$ 0,00;R$ 0,00;R$ 0,00;R$ 13.928,10;R$ 13.928,10;R$ 13.928,10;1° MEDIÇÃO OBJETO: SERVIÇOS COMUNS DE ENGENHARIA INERENTES A MANUTENÇÃO PREDIAL CORRETIVA OU PREVENTIVA CAMPUS JAGUARIBE.
99;1;DINAMICA EMPREENDIMENTOS E SOLUCOES LTDA;NFSE;220;19/09/2019;17;INSTITUTO FEDERAL DE EDUCAÇÃO, CIÊNCIA E TECNOLOGIA DO CEARÁ;CR;Não;Não;Não;Não;R$ 0,00;R$ 0,00;R$ 0,00;R$ 75.051,84;R$ 75.051,84;R$ 75.051,84;4°MEDIÇÃO OBJETO: SERVIÇOS COMUNS DE ENGENHARIA INERENTES A MANUTENÇÃO PREDIAL CORRETIVA OU PREVENTIVA CAMPUS FORTALEZA
101;1;DINAMICA EMPREENDIMENTOS E SOLUCOES LTDA;NFSE;222;20/09/2019;6;INSTITUTO FEDERAL DE EDUCAÇÃO, CIÊNCIA E TECNOLOGIA DO CEARÁ;CR;Não;Não;Não;Não;R$ 0,00;R$ 0,00;R$ 0,00;R$ 15.081,07;R$ 15.081,07;R$ 15.081,07;6° MEDIÇÃO OBJETO: SERVIÇOS COMUNS DE ENGENHARIA INERENTES A MANUTENÇÃO PREDIAL CORRETIVA OU PREVENTIVA REITORIA ADMINISTRAÇÃO
102;1;DINAMICA EMPREENDIMENTOS E SOLUCOES LTDA;NFSE;224;20/09/2019;17;INSTITUTO FEDERAL DE EDUCAÇÃO, CIÊNCIA E TECNOLOGIA DO CEARÁ;CR;Não;Não;Não;Não;R$ 0,00;R$ 0,00;R$ 0,00;R$ 138.678,24;R$ 138.678,24;R$ 138.678,24;5° MEDIÇÃO OBJETO: SERVIÇOS COMUNS DE ENGENHARIA INERENTES A MANUTENÇÃO PREDIAL CORRETIVA OU PREVENTIVA CAMPUS FORTALEZA
103;1;DINAMICA EMPREENDIMENTOS E SOLUCOES LTDA;NFSE;225;24/09/2019;14;INSTITUTO FEDERAL DE EDUCAÇÃO, CIÊNCIA E TECNOLOGIA DO CEARÁ;CR;Não;Não;Não;Não;R$ 0,00;R$ 0,00;R$ 0,00;R$ 30.603,50;R$ 30.603,50;R$ 30.603,50;2° MEDIÇÃO OBJETO: SERVIÇOS COMUNS DE ENGENHARIA INERENTES A MANUTENÇÃO PREDIAL CORRETIVA OU PREVENTIVA CAMPUS QUIXADÁ
104;1;DINAMICA EMPREENDIMENTOS E SOLUCOES LTDA;NFSE;228;03/10/2019;22;FUNDO MUNICIPAL DE SAÚDE;CR;Não;Não;Não;Não;R$ 0,00;R$ 0,00;R$ 0,00;R$ 128.014,21;R$ 128.014,21;R$ 128.014,21;4° MEDIÇÃO - OBJETO: CONTRATAÇÃO DE EMPRESA PARA EXECUTAR OS SERVIÇOS DE REFORMA DE UNIDADE DE ATENÇÃO ESPECIALIZADA EM SAÚDE DO MUNICÍPIO DE MORRINHOS/CE.
105;1;DINAMICA EMPREENDIMENTOS E SOLUCOES LTDA;NFSE;231;21/10/2019;28;MUNICÍPIO DE CAUCAIA;CR;Não;Não;Não;Não;R$ 0,00;R$ 0,00;R$ 0,00;R$ 50.956,46;R$ 50.956,46;R$ 50.956,46;1° MEDIÇÃO - OBJETO: CONTRATAÇÃO DE EMPRESA DE ENGENHARIA PARA EXECUÇÃO DOS SERVIÇOS DE CONCLUSÃO DE 02 QUADRAS POLIESPORTIVAS COBERTA COM PALCO DAS ESCOLAS: MARIA DE LOURDES ROCHA E PEDRO LAURINDO DE OLIVEIRA (OBRAS REMANESCENTES), JUNTO Á SECRETARIA DE EDUCAÇÃO DO MUNICÍPIO DE CAUCAIA CONTRATO N° 20190503002-01
192;1;DINAMICA EMPREENDIMENTOS E SOLUCOES LTDA;NFSE;232;21/10/2019;28;MUNICÍPIO DE CAUCAIA;CR;Não;Não;Não;Não;R$ 0,00;R$ 0,00;R$ 0,00;R$ 154.284,03;R$ 154.284,03;R$ 154.284,03;1° MEDIÇÃO OBJETO:CONTRATAÇÃO DE EMPRESA DE ENGENHARIA PARA EXECUÇÃO DOS SERVIÇOS DE CONCLUSÃO DE 02 CRECHES TIPO B: LUIZ NERYS E CONJUNTO METROPOLITANO (OBRAS REMANESCENTES), JUNTO A SECRETARIA DE EDUCAÇÃO DO MUNICÍPIO DE CAUCAIA/CE CONTRATO N°2019050300301
230;1;DINAMICA EMPREENDIMENTOS E SOLUCOES LTDA;NFSE;233;21/10/2019;57;ASSOCIAÇAO CONDOMINIO RURAL SITIO JENIPAPO;CR;Não;Não;Não;Não;R$ 0,00;R$ 0,00;R$ 0,00;R$ 79.849,58;R$ 79.849,58;R$ 79.849,58;2° MEDIÇÃO - CONTRATAÇÃO DE UMA EMPRESA ESPECIALIZADA EM CONSTRUÇÃO CIVIL E DE INFRAESTRUTURA PARA CONSTRUÇÃO DE UMA CASA DE FARINHA, TERMO FOMENTO SDA N° 43/2016.
107;1;DINAMICA EMPREENDIMENTOS E SOLUCOES LTDA;NFSE;234;22/10/2019;35;INSTITUTO FEDERAL DE EDUCAÇAO, CIENCIA E TECNOLOGIA DO CEARA - CAMPUS PARACURU;CR;Não;Não;Não;Não;R$ 0,00;R$ 0,00;R$ 0,00;R$ 28.832,39;R$ 28.832,39;R$ 28.832,39;4° MEDIÇÃO OBJETO: SERVIÇOS COMUNS DE ENGENHARIA INERENTES A MANUTENÇÃO PREDIAL CORRETIVA OU PREVENTIVA CAMPUS PARACURU
109;1;DINAMICA EMPREENDIMENTOS E SOLUCOES LTDA;NFSE;236;22/10/2019;17;INSTITUTO FEDERAL DE EDUCAÇÃO, CIÊNCIA E TECNOLOGIA DO CEARÁ;CR;Não;Não;Não;Não;R$ 0,00;R$ 0,00;R$ 0,00;R$ 57.479,89;R$ 57.479,89;R$ 57.479,89;6° MEDIÇÃO OBJETO: SERVIÇOS COMUNS DE ENGENHARIA INERENTES A MANUTENÇÃO PREDIAL CORRETIVA OU PREVENTIVA (ELÉTRICA) CAMPUS FORTALEZA.
110;1;DINAMICA EMPREENDIMENTOS E SOLUCOES LTDA;NFSE;237;22/10/2019;17;INSTITUTO FEDERAL DE EDUCAÇÃO, CIÊNCIA E TECNOLOGIA DO CEARÁ;CR;Não;Não;Não;Não;R$ 0,00;R$ 0,00;R$ 0,00;R$ 106.724,83;R$ 106.724,83;R$ 106.724,83;7° MEDIÇÃO OBJETO: SERVIÇOS COMUNS DE ENGENHARIA INERENTES A MANUTENÇÃO PREDIAL CORRETIVA OU PREVENTIVA CAMPUS FORTALEZA
111;1;DINAMICA EMPREENDIMENTOS E SOLUCOES LTDA;NFSE;238;23/10/2019;6;INSTITUTO FEDERAL DE EDUCAÇÃO, CIÊNCIA E TECNOLOGIA DO CEARÁ;CR;Não;Não;Não;Não;R$ 0,00;R$ 0,00;R$ 0,00;R$ 39.790,89;R$ 39.790,89;R$ 39.790,89;7° MEDIÇÃO OBJETO: SERVIÇOS COMUNS DE ENGENHARIA INERENTES A MANUTENÇÃO PREDIAL CORRETIVA OU PREVENTIVA - REITORIA ADMINISTRAÇÃO.
112;1;DINAMICA EMPREENDIMENTOS E SOLUCOES LTDA;NFSE;239;24/10/2019;1;INSTITUTO FEDERAL DE EDUCAÇÃO, CIÊNCIA E TECNOLOGIA DO CEARÁ;CR;Não;Não;Não;Não;R$ 0,00;R$ 0,00;R$ 0,00;R$ 20.764,19;R$ 20.764,19;R$ 20.764,19;2° MEDIÇÃO OBJETO: SERVIÇOS COMUNS DE ENGENHARIA INERENTES A MANUTENÇÃO PREDIAL CORRETIVA OU PREVENTIVA CAMPUS MORADA NOVA
113;1;DINAMICA EMPREENDIMENTOS E SOLUCOES LTDA;NFSE;240;24/10/2019;10;INSTITUTO FEDERAL DE EDUCAÇÃO, CIÊNCIA E TECNOLOGIA DO CEARÁ;CR;Não;Não;Não;Não;R$ 0,00;R$ 0,00;R$ 0,00;R$ 20.781,99;R$ 20.781,99;R$ 20.781,99;1° MEDIÇÃO OBJETO: SERVIÇOS COMUNS DE ENGENHARIA INERENTES A MANUTENÇÃO PREDIAL CORRETIVA OU PREVENTIVA CAMPUS LIMOEIRO DO NORTE
114;1;DINAMICA EMPREENDIMENTOS E SOLUCOES LTDA;NFSE;243;06/11/2019;22;FUNDO MUNICIPAL DE SAÚDE;CR;Não;Não;Não;Não;R$ 0,00;R$ 0,00;R$ 0,00;R$ 116.456,82;R$ 116.456,82;R$ 116.456,82;5° MEDIÇÃO - OBJETO:CONTRATAÇÃO DE EMPRESA PARA EXECUTAR OS SERVIÇOS DE REFORMA DE UNIDADE DE ATENÇÃO ESPECIALIZADA EM SAÚDE DO MUNICÍPIO DE MORRINHOS/CE
115;1;DINAMICA EMPREENDIMENTOS E SOLUCOES LTDA;NFSE;246;22/11/2019;9;INSTITUTO FEDERAL DE EDUCAÇÃO, CIÊNCIA E TECNOLOGIA DO CEARÁ;CR;Não;Não;Não;Não;R$ 0,00;R$ 0,00;R$ 0,00;R$ 23.010,11;R$ 23.010,11;R$ 23.010,11;3°MEDIÇÃO OBJETO: SERVIÇOS COMUNS DE ENGENHARIA INERENTES A MANUTENÇÃO PREDIAL CORRETIVA OU PREVENTIVA CAMPUS BOA VIAGEM.
116;1;DINAMICA EMPREENDIMENTOS E SOLUCOES LTDA;NFSE;247;22/11/2019;14;INSTITUTO FEDERAL DE EDUCAÇÃO, CIÊNCIA E TECNOLOGIA DO CEARÁ;CR;Não;Não;Não;Não;R$ 0,00;R$ 0,00;R$ 0,00;R$ 11.799,13;R$ 11.799,13;R$ 11.799,13;3° MEDIÇÃO OBJETO: SERVIÇOS COMUNS DE ENGENHARIA INERENTES A MANUTENÇÃO PREDIAL CORRETIVA OU PREVENTIVA CAMPUS
117;1;DINAMICA EMPREENDIMENTOS E SOLUCOES LTDA;NFSE;249;22/11/2019;12;INSTITUTO FEDERAL DE EDUCAÇÃO, CIÊNCIA E TECNOLOGIA DO CEARÁ;CR;Não;Não;Não;Não;R$ 0,00;R$ 0,00;R$ 0,00;R$ 537,01;R$ 537,01;R$ 537,01;5° MEDIÇÃO OBJETO: SERVIÇOS COMUNS DE ENGENHARIA INERENTES A MANUTENÇÃO PREDIAL CORRETIVA OU PREVENTIVA CAMPUS CANINDÉ
118;1;DINAMICA EMPREENDIMENTOS E SOLUCOES LTDA;NFSE;250;26/11/2019;11;INSTITUTO FEDERAL DE EDUCAÇÃO, CIÊNCIA E TECNOLOGIA DO CEARÁ;CR;Não;Não;Não;Não;R$ 0,00;R$ 0,00;R$ 0,00;R$ 53.850,45;R$ 53.850,45;R$ 53.850,45;2° MEDIÇÃO OBJETO: SERVIÇOS COMUNS DE ENGENHARIA INERENTES A MANUTENÇÃO PREDIAL CORRETIVA OU PREVENTIVA CAMPUS CAUCAIA.
206;1;DINAMICA EMPREENDIMENTOS E SOLUCOES LTDA;NFSE;252;28/11/2019;28;MUNICÍPIO DE CAUCAIA;CR;Não;Não;Não;Não;R$ 0,00;R$ 0,00;R$ 0,00;R$ 330.903,86;R$ 330.903,86;R$ 330.903,86;1° MEDIÇÃO OBJETO: EXECUÇÃO DOS SERVIÇOS DE REFORMA DE 03 (TRÊS) QUADRAS POLIESPORTIVAS EM CARÁTER EMERGENCIAL DAS ESCOLAS: DOM ALMEIDA LUSTOSA, NELY CAULA DE CARVALHO E DOMINGOS ABREU BRASILEIRO, JUNTO Á SECRETARIA MUNICIPAL DE EDUCAÇÃO, CIÊNCIA E TECNOLOGIA DO MUNICÍPIO DE CAUCAIA/CE. CONTRATO N°20191023001-01
193;1;DINAMICA EMPREENDIMENTOS E SOLUCOES LTDA;NFSE;253;10/12/2019;28;MUNICÍPIO DE CAUCAIA;CR;Não;Não;Não;Não;R$ 0,00;R$ 0,00;R$ 0,00;R$ 510.575,87;R$ 510.575,87;R$ 510.575,87;2° MEDIÇÃO OBJETO:CONTRATAÇÃO DE EMPRESA DE ENGENHARIA PARA EXECUÇÃO DOS SERVIÇOS DE CONCLUSÃO DE 02 CRECHES TIPO B: LUIZ NERYS E CONJUNTO METROPOLITANO (OBRAS REMANESCENTES), JUNTO A SECRETARIA DE EDUCAÇÃO DO MUNICÍPIO DE CAUCAIA/CE CONTRATO N°2019050300301
120;1;DINAMICA EMPREENDIMENTOS E SOLUCOES LTDA;NFSE;254;11/12/2019;28;MUNICÍPIO DE CAUCAIA;CR;Não;Não;Não;Não;R$ 0,00;R$ 0,00;R$ 0,00;R$ 113.927,48;R$ 113.927,48;R$ 113.927,48;2° MEDIÇÃO - OBJETO: CONTRATAÇÃO DE EMPRESA DE ENGENHARIA PARA EXECUÇÃO DOS SERVIÇOS DE CONCLUSÃO DE 02 QUADRAS POLIESPORTIVAS COBERTA COM PALCO DAS ESCOLAS: MARIA DE LOURDES ROCHA E PEDRO LAURINDO DE OLIVEIRA (OBRAS REMANESCENTES), JUNTO Á SECRETARIA DE EDUCAÇÃO DO MUNICÍPIO DE CAUCAIA CONTRATO N° 20190503002-01
227;1;DINAMICA EMPREENDIMENTOS E SOLUCOES LTDA;NFSE;256;11/12/2019;17;INSTITUTO FEDERAL DE EDUCAÇÃO, CIÊNCIA E TECNOLOGIA DO CEARÁ;CR;Não;Não;Não;Não;R$ 0,00;R$ 0,00;R$ 0,00;R$ 27.890,48;R$ 27.890,48;R$ 27.890,48;3° MEDIÇÃO OBJETO: SERVIÇOS COMUNS DE ENGENHARIA INERENTES A MANUTENÇÃO PREDIAL CORRETIVA OU PREVENTIVA - POLO CAMPUS FORTALEZA
121;1;DINAMICA EMPREENDIMENTOS E SOLUCOES LTDA;NFSE;257;12/12/2019;45;INSTITUTO FEDERAL DE EDUCAÇÃO, CIÊNCIA E TECNOLOGIA DO CEARÁ;CR;Não;Não;Não;Não;R$ 0,00;R$ 0,00;R$ 0,00;R$ 36.626,05;R$ 36.626,05;R$ 36.626,05;1°MEDIÇÃO OBJETO: SERVIÇOS COMUNS DE ENGENHARIA INERENTES A MANUTENÇÃO PREDIAL CORRETIVA OU PREVENTIVA CAMPUS TIANGUÁ
122;1;DINAMICA EMPREENDIMENTOS E SOLUCOES LTDA;NFSE;258;18/12/2019;16;INSTITUTO FEDERAL DE EDUCAÇÃO, CIÊNCIA E TECNOLOGIA DO CEARÁ;CR;Não;Não;Não;Não;R$ 0,00;R$ 0,00;R$ 0,00;R$ 5.250,20;R$ 5.250,20;R$ 5.250,20;2° MEDIÇÃO OBJETO: SERVIÇOS COMUNS DE ENGENHARIA INERENTES A MANUTENÇÃO PREDIAL CORRETIVA OU PREVENTIVA CAMPUS ARACATI
123;1;DINAMICA EMPREENDIMENTOS E SOLUCOES LTDA;NFSE;260;19/12/2019;17;INSTITUTO FEDERAL DE EDUCAÇÃO, CIÊNCIA E TECNOLOGIA DO CEARÁ;CR;Não;Não;Não;Não;R$ 0,00;R$ 0,00;R$ 0,00;R$ 120.715,61;R$ 120.715,61;R$ 120.715,61;8° MEDIÇÃO OBJETO: SERVIÇOS COMUNS DE ENGENHARIA INERENTES A MANUTENÇÃO PREDIAL CORRETIVA OU PREVENTIVA CAMPUS FORTALEZA
207;1;DINAMICA EMPREENDIMENTOS E SOLUCOES LTDA;NFSE;262;19/12/2019;28;MUNICÍPIO DE CAUCAIA;CR;Não;Não;Não;Não;R$ 0,00;R$ 0,00;R$ 0,00;R$ 158.381,21;R$ 158.381,21;R$ 158.381,21;2° MEDIÇÃO OBJETO: EXECUÇÃO DOS SERVIÇOS DE REFORMA DE 03 (TRÊS) QUADRAS POLIESPORTIVAS EM CARÁTER EMERGENCIAL DAS ESCOLAS: DOM ALMEIDA LUSTOSA, NELY CAULA DE CARVALHO E DOMINGOS ABREU BRASILEIRO, JUNTO Á SECRETARIA MUNICIPAL DE EDUCAÇÃO, CIÊNCIA E TECNOLOGIA DO MUNICÍPIO DE CAUCAIA/CE. CONTRATO N°20191023001-01
228;1;DINAMICA EMPREENDIMENTOS E SOLUCOES LTDA;NFSE;264;20/12/2019;13;INSTITUTO FEDERAL DE EDUCAÇÃO, CIÊNCIA E TECNOLOGIA DO CEARÁ - CAMPUS UMIRIM;CR;Não;Não;Não;Não;R$ 0,00;R$ 0,00;R$ 0,00;R$ 157.164,06;R$ 157.164,06;R$ 157.164,06;2° MEDIÇÃO OBJETO: SERVIÇOS COMUNS DE ENGENHARIA INERENTES A MANUTENÇÃO PREDIAL CORRETIVA OU PREVENTIVA CAMPUS UMIRIM (SERVIÇO REALIZADO CAMPUS ARACATI)
129;1;DINAMICA EMPREENDIMENTOS E SOLUCOES LTDA;NFSE;265;23/12/2019;17;INSTITUTO FEDERAL DE EDUCAÇÃO, CIÊNCIA E TECNOLOGIA DO CEARÁ;CR;Não;Não;Não;Não;R$ 0,00;R$ 0,00;R$ 0,00;R$ 88.428,06;R$ 88.428,06;R$ 88.428,06;9° MEDIÇÃO OBJETO: SERVIÇOS COMUNS DE ENGENHARIA INERENTES A MANUTENÇÃO PREDIAL CORRETIVA OU PREVENTIVA CAMPUS FORTALEZA
130;1;DINAMICA EMPREENDIMENTOS E SOLUCOES LTDA;NFSE;267;23/12/2019;28;MUNICÍPIO DE CAUCAIA;CR;Não;Não;Não;Não;R$ 0,00;R$ 0,00;R$ 0,00;R$ 101.019,82;R$ 101.019,82;R$ 101.019,82;3° MEDIÇÃO OBJETO: CONTRATAÇÃO DE EMPRESA DE ENGENHARIA PARA EXECUÇÃO DOS SERVIÇOS DE CONCLUSÃO DE 02 CRECHES TIPO B: LUIZ NERYS E CONJUNTO METROPOLITANO (OBRAS REMANESCENTES), JUNTO A SECRETARIA DE EDUCAÇÃO DO MUNICÍPIO DE CAUCAIA/CE
131;1;DINAMICA EMPREENDIMENTOS E SOLUCOES LTDA;NFSE;268;23/12/2019;28;MUNICÍPIO DE CAUCAIA;CR;Não;Não;Não;Não;R$ 0,00;R$ 0,00;R$ 0,00;R$ 76.217,88;R$ 76.217,88;R$ 76.217,88;3° MEDIÇÃO - OBJETO: CONTRATAÇÃO DE EMPRESA DE ENGENHARIA PARA EXECUÇÃO DOS SERVIÇOS DE CONCLUSÃO DE 02 QUADRAS POLIESPORTIVAS COBERTA COM PALCO DAS ESCOLAS: MARIA DE LOURDES ROCHA E PEDRO LAURINDO DE OLIVEIRA (OBRAS REMANESCENTES), JUNTO Á SECRETARIA DE EDUCAÇÃO DO MUNICÍPIO DE CAUCAIA CONTRATO N° 20190503002-01
132;1;DINAMICA EMPREENDIMENTOS E SOLUCOES LTDA;NFSE;269;30/12/2019;35;INSTITUTO FEDERAL DE EDUCAÇAO, CIENCIA E TECNOLOGIA DO CEARA - CAMPUS PARACURU;CR;Não;Não;Não;Não;R$ 0,00;R$ 0,00;R$ 0,00;R$ 51.022,18;R$ 51.022,18;R$ 51.022,18;5° MEDIÇÃO OBJETO: SERVIÇOS COMUNS DE ENGENHARIA INERENTES A MANUTENÇÃO PREDIAL CORRETIVA OU PREVENTIVA CAMPUS PARACURU
133;1;DINAMICA EMPREENDIMENTOS E SOLUCOES LTDA;NFSE;270;30/12/2019;35;INSTITUTO FEDERAL DE EDUCAÇAO, CIENCIA E TECNOLOGIA DO CEARA - CAMPUS PARACURU;CR;Não;Não;Não;Não;R$ 0,00;R$ 0,00;R$ 0,00;R$ 13.497,79;R$ 13.497,79;R$ 13.497,79;6° MEDIÇÃO OBJETO: SERVIÇOS COMUNS DE ENGENHARIA INERENTES A MANUTENÇÃO PREDIAL CORRETIVA OU PREVENTIVA CAMPUS PARACURU
134;1;DINAMICA EMPREENDIMENTOS E SOLUCOES LTDA;NFSE;271;31/12/2019;16;INSTITUTO FEDERAL DE EDUCAÇÃO, CIÊNCIA E TECNOLOGIA DO CEARÁ;CR;Não;Não;Não;Não;R$ 0,00;R$ 0,00;R$ 0,00;R$ 6.147,41;R$ 6.147,41;R$ 6.147,41;MANUTENÇÃO SUBESTAÇÃO (QUADROS E EQUIPAMENTOS ELÉTRICOS) - IFCE CAMPUS ARACATI.
56;1;DINAMICA EMPREENDIMENTOS E SOLUCOES LTDA;NFSE;273;13/01/2020;45;INSTITUTO FEDERAL DE EDUCAÇÃO, CIÊNCIA E TECNOLOGIA DO CEARÁ;CR;Não;Não;Não;Não;R$ 0,00;R$ 0,00;R$ 0,00;R$ 15.450,48;R$ 15.450,48;R$ 15.450,48;2° MEDIÇÃO OBJETO: SERVIÇOS COMUNS DE ENGENHARIA INERENTES A MANUTENÇÃO PREDIAL CORRETIVA OU PREVENTIVA CAMPUS TIANGUÁ. CONTRATO N°14/2019
57;1;DINAMICA EMPREENDIMENTOS E SOLUCOES LTDA;NFSE;274;16/01/2020;38;INSTITUTO FEDERAL DE EDUCAÇÃO, CIÊNCIA E TECNOLOGIA DO CEARÁ;CR;Não;Não;Não;Não;R$ 0,00;R$ 0,00;R$ 0,00;R$ 6.186,51;R$ 6.186,51;R$ 6.186,51;1° MEDIÇÃO OBJETO: CONTRATAÇÃO DE SERVIÇO COMUM DE ENGENHARIA PARA MANUTENÇÃO PREVENTIVA, CORRETIVA E AJUSTES DAS SUBESTAÇÕES, QUADROS GERAIS E DEMAIS EQUIPAMENTOS ELÉTRICOS CAMPUS UBAJARA. CONTRATO N°11/2019
58;1;DINAMICA EMPREENDIMENTOS E SOLUCOES LTDA;NFSE;275;17/01/2020;11;INSTITUTO FEDERAL DE EDUCAÇÃO, CIÊNCIA E TECNOLOGIA DO CEARÁ;CR;Não;Não;Não;Não;R$ 0,00;R$ 0,00;R$ 0,00;R$ 22.838,01;R$ 22.838,01;R$ 22.838,01;3° MEDIÇÃO OBJETO: SERVIÇOS COMUNS DE ENGENHARIA INERENTES A MANUTENÇÃO PREDIAL CORRETIVA OU PREVENTIVA CAMPUS CAUCAIA. CONTRATO N°04/2019
59;1;DINAMICA EMPREENDIMENTOS E SOLUCOES LTDA;NFSE;277;17/01/2020;1;INSTITUTO FEDERAL DE EDUCAÇÃO, CIÊNCIA E TECNOLOGIA DO CEARÁ;CR;Não;Não;Não;Não;R$ 0,00;R$ 0,00;R$ 0,00;R$ 6.108,30;R$ 6.108,30;R$ 6.108,30;1ª MEDIÇÃO - OBJETO: CONTRATAÇÃO DE SERVIÇO COMUM DE ENGENHARIA PARA MANUTENÇÃO PREVENTIVA, CORRETIVA E AJUSTES DAS SUBESTAÇÕES, QUADROS GERAIS E DEMAIS EQUIPAMENTOS ELÉTRICOS - CAMPUS MORADA NOVA.
60;1;DINAMICA EMPREENDIMENTOS E SOLUCOES LTDA;NFSE;278;22/01/2020;7;INSTITUTO FEDERAL DE EDUCAÇÃO, CIÊNCIA E TECNOLOGIA DO CEARÁ;CR;Não;Não;Não;Não;R$ 0,00;R$ 0,00;R$ 0,00;R$ 10.263,52;R$ 10.263,52;R$ 10.263,52;2° MEDIÇÃO OBJETO: SERVIÇOS COMUNS DE ENGENHARIA INERENTES A MANUTENÇÃO PREDIAL CORRETIVA OU PREVENTIVA CAMPUS JAGUARIBE. CONTRATO N° 01/2019
61;1;DINAMICA EMPREENDIMENTOS E SOLUCOES LTDA;NFSE;279;22/01/2020;24;MUNICIPIO DE MORRINHOS;CR;Não;Não;Não;Não;R$ 0,00;R$ 0,00;R$ 0,00;R$ 73.905,52;R$ 73.905,52;R$ 73.905,52;1ª MEDIÇÃO REVITALIZAÇÃO PRAÇA DO CRUZEIRO E PRAÇA DO BAIRRO SÃO JOSE - MORRINHOS. CONTRATO N°20190219
62;1;DINAMICA EMPREENDIMENTOS E SOLUCOES LTDA;NFSE;280;24/01/2020;11;INSTITUTO FEDERAL DE EDUCAÇÃO, CIÊNCIA E TECNOLOGIA DO CEARÁ;CR;Não;Não;Não;Não;R$ 0,00;R$ 0,00;R$ 0,00;R$ 6.186,51;R$ 6.186,51;R$ 6.186,51;1° MEDIÇÃO OBJETO: CONTRATAÇÃO DE SERVIÇO COMUM DE ENGENHARIA PARA MANUTENÇÃO PREVENTIVA, CORRETIVA E AJUSTES DAS SUBESTAÇÕES, QUADROS GERAIS E DEMAIS EQUIPAMENTOS ELÉTRICOS CAMPUS CAUCAIA. CONTRATO N°22/2019
64;1;DINAMICA EMPREENDIMENTOS E SOLUCOES LTDA;NFSE;282;27/01/2020;45;INSTITUTO FEDERAL DE EDUCAÇÃO, CIÊNCIA E TECNOLOGIA DO CEARÁ;CR;Não;Não;Não;Não;R$ 0,00;R$ 0,00;R$ 0,00;R$ 36.765,10;R$ 36.765,10;R$ 36.765,10;3° MEDIÇÃO OBJETO: SERVIÇOS COMUNS DE ENGENHARIA INERENTES A MANUTENÇÃO PREDIAL CORRETIVA OU PREVENTIVA CAMPUS TIANGUÁ. CONTRATO N°14/2019
65;1;DINAMICA EMPREENDIMENTOS E SOLUCOES LTDA;NFSE;283;28/01/2020;11;INSTITUTO FEDERAL DE EDUCAÇÃO, CIÊNCIA E TECNOLOGIA DO CEARÁ;CR;Não;Não;Não;Não;R$ 0,00;R$ 0,00;R$ 0,00;R$ 44.505,80;R$ 44.505,80;R$ 44.505,80;1° MEDIÇÃO OBJETO: SERVIÇOS COMUNS DE ENGENHARIA INERENTES A MANUTENÇÃO PREDIAL CORRETIVA OU PREVENTIVA CAMPUS PECÉM. CONTRATO N° 04/2019
66;1;DINAMICA EMPREENDIMENTOS E SOLUCOES LTDA;NFSE;284;05/02/2020;22;FUNDO MUNICIPAL DE SAÚDE;CR;Não;Não;Não;Não;R$ 0,00;R$ 0,00;R$ 0,00;R$ 103.431,24;R$ 103.431,24;R$ 103.431,24;6° MEDIÇÃO - OBJETO: CONTRATAÇÃO DE EMPRESA PARA EXECUTAR OS SERVIÇOS DE REFORMA DE UNIDADE DE ATENÇÃO ESPECIALIZADA EM SAÚDE DO MUNICÍPIO DE MORRINHOS/CE. CONTRATO Nº 20190010.
80;1;DINAMICA EMPREENDIMENTOS E SOLUCOES LTDA;NFSE;285;12/02/2020;28;MUNICÍPIO DE CAUCAIA;CR;Não;Não;Não;Não;R$ 0,00;R$ 0,00;R$ 0,00;R$ 159.216,39;R$ 159.216,39;R$ 159.216,39;3° MEDIÇÃO OBJETO: EXECUÇÃO DOS SERVIÇOS DE REFORMA DE 03 (TRÊS) QUADRAS POLIESPORTIVAS EM CARÁTER EMERGENCIAL DAS ESCOLAS: DOM ALMEIDA LUSTOSA, NELY CAULA DE CARVALHO E DOMINGOS ABREU BRASILEIRO, JUNTO Á SECRETARIA MUNICIPAL DE EDUCAÇÃO, CIÊNCIA E TECNOLOGIA DO MUNICÍPIO DE CAUCAIA/CE. CONTRATO N°20191023001-01
67;1;DINAMICA EMPREENDIMENTOS E SOLUCOES LTDA;NFSE;287;13/02/2020;1;INSTITUTO FEDERAL DE EDUCAÇÃO, CIÊNCIA E TECNOLOGIA DO CEARÁ;CR;Não;Não;Não;Não;R$ 0,00;R$ 0,00;R$ 0,00;R$ 46.526,92;R$ 46.526,92;R$ 46.526,92;3° MEDIÇÃO OBJETO: SERVIÇOS COMUNS DE ENGENHARIA INERENTES A MANUTENÇÃO PREDIAL CORRETIVA OU PREVENTIVA CAMPUS MORADA NOVA
82;1;DINAMICA EMPREENDIMENTOS E SOLUCOES LTDA;NFSE;288;13/02/2020;49;IFCE - CAMPUS TABULEIRO DO NORTE;CR;Não;Não;Não;Não;R$ 0,00;R$ 0,00;R$ 0,00;R$ 38.344,78;R$ 38.344,78;R$ 38.344,78;4° MEDIÇÃO OBJETO: SERVIÇOS COMUNS DE ENGENHARIA INERENTES A MANUTENÇÃO PREDIAL CORRETIVA OU PREVENTIVA CAMPUS TABULEIRO DO NORTE. CONTRATO N°04/2019
68;1;DINAMICA EMPREENDIMENTOS E SOLUCOES LTDA;NFSE;289;17/02/2020;13;INSTITUTO FEDERAL DE EDUCAÇÃO, CIÊNCIA E TECNOLOGIA DO CEARÁ - CAMPUS UMIRIM;CR;Não;Não;Não;Não;R$ 0,00;R$ 0,00;R$ 0,00;R$ 12.832,51;R$ 12.832,51;R$ 12.832,51;3 MEDIÇÃO MANUTENÇÃO PREDIAL PREVENTIVA/CORRETIVA CAMPUS UMIRIM(SERVIÇO REALIZADO CAMPUS REITORIA)
69;1;DINAMICA EMPREENDIMENTOS E SOLUCOES LTDA;NFSE;394;17/02/2020;10;INSTITUTO FEDERAL DE EDUCAÇÃO, CIÊNCIA E TECNOLOGIA DO CEARÁ;CR;Não;Não;Não;Não;R$ 0,00;R$ 0,00;R$ 0,00;R$ 21.988,18;R$ 21.988,18;R$ 21.988,18;2ª MEDIÇÃO MANUTENÇÃO PREDIAL PREVENTIVA/CORRETIVA CAMPUS LIMOEIRO DO NORTE(SERVIÇO REALIZADO CAMPUS JAGUARUANA)
70;1;DINAMICA EMPREENDIMENTOS E SOLUCOES LTDA;NFSE;291;17/02/2020;9;INSTITUTO FEDERAL DE EDUCAÇÃO, CIÊNCIA E TECNOLOGIA DO CEARÁ;CR;Não;Não;Não;Não;R$ 0,00;R$ 0,00;R$ 0,00;R$ 32.814,45;R$ 32.814,45;R$ 32.814,45;4° MEDIÇÃO OBJETO: SERVIÇOS COMUNS DE ENGENHARIA INERENTES A MANUTENÇÃO PREDIAL CORRETIVA OU PREVENTIVA CAMPUS BOA VIAGEM. CONTRATO N°02/2019
71;1;DINAMICA EMPREENDIMENTOS E SOLUCOES LTDA;NFSE;292;17/02/2020;12;INSTITUTO FEDERAL DE EDUCAÇÃO, CIÊNCIA E TECNOLOGIA DO CEARÁ;CR;Não;Não;Não;Não;R$ 0,00;R$ 0,00;R$ 0,00;R$ 13.250,00;R$ 13.250,00;R$ 13.250,00;6° MEDIÇÃO OBJETO: SERVIÇOS COMUNS DE ENGENHARIA INERENTES A MANUTENÇÃO PREDIAL CORRETIVA OU PREVENTIVA CAMPUS CANINDE
72;1;DINAMICA EMPREENDIMENTOS E SOLUCOES LTDA;NFSE;293;19/02/2020;17;INSTITUTO FEDERAL DE EDUCAÇÃO, CIÊNCIA E TECNOLOGIA DO CEARÁ;CR;Não;Não;Não;Não;R$ 0,00;R$ 0,00;R$ 0,00;R$ 125.625,73;R$ 125.625,73;R$ 125.625,73;10° MEDIÇÃO OBJETO: SERVIÇOS COMUNS DE ENGENHARIA INERENTES A MANUTENÇÃO PREDIAL CORRETIVA OU PREVENTIVA CAMPUS FORTALEZA. CONTRATO N°061/2017
73;1;DINAMICA EMPREENDIMENTOS E SOLUCOES LTDA;NFSE;294;21/02/2020;46;INSTITUTO FEDERAL DE EDUCAÇÃO, CIÊNCIA E TECNOLOGIA DO CEARÁ;CR;Não;Não;Não;Não;R$ 0,00;R$ 0,00;R$ 0,00;R$ 13.248,22;R$ 13.248,22;R$ 13.248,22;2° MEDIÇÃO OBJETO: SERVIÇOS COMUNS DE ENGENHARIA INERENTES A MANUTENÇÃO PREDIAL CORRETIVA OU PREVENTIVA CAMPUS SOBRAL. CONTRATO N°05/2019
74;1;DINAMICA EMPREENDIMENTOS E SOLUCOES LTDA;NFSE;296;21/02/2020;44;INSTITUTO FEDERAL DE EDUCAÇAO, CIENCIA E TCNOLOGIA DO CEARA - CAMPUS ACARAU;CR;Não;Não;Não;Não;R$ 0,00;R$ 0,00;R$ 0,00;R$ 8.978,94;R$ 8.978,94;R$ 8.978,94;1° MEDIÇÃO OBJETO: SERVIÇOS COMUNS DE ENGENHARIA INERENTES A MANUTENÇÃO PREDIAL CORRETIVA OU PREVENTIVA CAMPUS ACARAU. CONTRATO N° 08/2019
83;1;DINAMICA EMPREENDIMENTOS E SOLUCOES LTDA;NFSE;295;21/02/2020;34;INSTITUTO FEDERAL DE EDUCAÇAO, CIENCIA E TECNOLOGIA DO CEARA - CAMPUS MARACANAU;CR;Não;Não;Não;Não;R$ 0,00;R$ 0,00;R$ 0,00;R$ 10.153,00;R$ 10.153,00;R$ 10.153,00;1° MEDIÇÃO OBJETO: SERVIÇOS COMUNS DE ENGENHARIA INERENTES A MANUTENÇÃO PREDIAL CORRETIVA OU PREVENTIVA CAMPUS MARACANAÚ. CONTRATO N°06/2019
194;1;DINAMICA EMPREENDIMENTOS E SOLUCOES LTDA;NFSE;298;21/02/2020;28;MUNICÍPIO DE CAUCAIA;CR;Não;Não;Não;Não;R$ 0,00;R$ 0,00;R$ 0,00;R$ 489.641,64;R$ 489.641,64;R$ 489.641,64;4° MEDIÇÃO OBJETO:CONTRATAÇÃO DE EMPRESA DE ENGENHARIA PARA EXECUÇÃO DOS SERVIÇOS DE CONCLUSÃO DE 02 CRECHES TIPO B: LUIZ NERYS E CONJUNTO METROPOLITANO (OBRAS REMANESCENTES), JUNTO A SECRETARIA DE EDUCAÇÃO DO MUNICÍPIO DE CAUCAIA/CE CONTRATO N°2019050300301
76;1;DINAMICA EMPREENDIMENTOS E SOLUCOES LTDA;NFSE;299;26/02/2020;45;INSTITUTO FEDERAL DE EDUCAÇÃO, CIÊNCIA E TECNOLOGIA DO CEARÁ;CR;Não;Não;Não;Não;R$ 0,00;R$ 0,00;R$ 0,00;R$ 2.754,69;R$ 2.754,69;R$ 2.754,69;4° MEDIÇÃO OBJETO: SERVIÇOS COMUNS DE ENGENHARIA INERENTES A MANUTENÇÃO PREDIAL CORRETIVA OU PREVENTIVA CAMPUS TIANGUA. CONTRATO N°14/2019
77;1;DINAMICA EMPREENDIMENTOS E SOLUCOES LTDA;NFSE;300;26/02/2020;42;INSTITUTO FEDERAL DE EDUCAÇÃO, CIÊNCIA E TECNOLOGIA DO CEARÁ;CR;Não;Não;Não;Não;R$ 0,00;R$ 0,00;R$ 0,00;R$ 26.634,72;R$ 26.634,72;R$ 26.634,72;1° MEDIÇÃO OBJETO: SERVIÇOS COMUNS DE ENGENHARIA INERENTES A MANUTENÇÃO PREDIAL CORRETIVA OU PREVENTIVA CAMPUS CRATEUS. CONTRATO N° 24/2019
55;1;DINAMICA EMPREENDIMENTOS E SOLUCOES LTDA;NFSE;301;02/03/2020;11;INSTITUTO FEDERAL DE EDUCAÇÃO, CIÊNCIA E TECNOLOGIA DO CEARÁ;CR;Não;Não;Não;Não;R$ 0,00;R$ 0,00;R$ 0,00;R$ 10.453,95;R$ 10.453,95;R$ 10.453,95;4° MEDIÇÃO OBJETO: SERVIÇOS COMUNS DE ENGENHARIA INERENTES A MANUTENÇÃO PREDIAL CORRETIVA OU PREVENTIVA CAMPUS - CAMPUS CAUCAIA. CONTRATO N°04/2019
85;1;DINAMICA EMPREENDIMENTOS E SOLUCOES LTDA;NFSE;302;03/03/2020;34;INSTITUTO FEDERAL DE EDUCAÇAO, CIENCIA E TECNOLOGIA DO CEARA - CAMPUS MARACANAU;CR;Não;Não;Não;Não;R$ 0,00;R$ 0,00;R$ 0,00;R$ 18.603,91;R$ 18.603,91;R$ 18.603,91;2° MEDIÇÃO OBJETO: SERVIÇOS COMUNS DE ENGENHARIA INERENTES A MANUTENÇÃO PREDIAL CORRETIVA OU PREVENTIVA CAMPUS MARACANAÚ. CONTRATO N°06/2019
53;1;DINAMICA EMPREENDIMENTOS E SOLUCOES LTDA;NFSE;304;07/03/2020;9;INSTITUTO FEDERAL DE EDUCAÇÃO, CIÊNCIA E TECNOLOGIA DO CEARÁ;CR;Não;Não;Não;Não;R$ 0,00;R$ 0,00;R$ 0,00;R$ 28.154,74;R$ 28.154,74;R$ 28.154,74;5° MEDIÇÃO OBJETO: SERVIÇOS COMUNS DE ENGENHARIA INERENTES A MANUTENÇÃO PREDIAL CORRETIVA OU PREVENTIVA CAMPUS BOA VIAGEM. CONTRATO N°02/2019
51;1;DINAMICA EMPREENDIMENTOS E SOLUCOES LTDA;NFSE;306;13/03/2020;11;INSTITUTO FEDERAL DE EDUCAÇÃO, CIÊNCIA E TECNOLOGIA DO CEARÁ;CR;Não;Não;Não;Não;R$ 0,00;R$ 0,00;R$ 0,00;R$ 20.000,02;R$ 20.000,02;R$ 20.000,02;5°MEDIÇÃO OBJETO: SERVIÇOS COMUNS DE ENGENHARIA INERENTES A MANUTENÇÃO PREDIAL CORRETIVA OU PREVENTIVA - CAMPUS CAUCAIA (SERVIÇO REALIZADO CAMPUS FORTALEZA). CONTRATO N°04/2019
47;1;DINAMICA EMPREENDIMENTOS E SOLUCOES LTDA;NFSE;310;17/03/2020;11;INSTITUTO FEDERAL DE EDUCAÇÃO, CIÊNCIA E TECNOLOGIA DO CEARÁ;CR;Não;Não;Não;Não;R$ 0,00;R$ 0,00;R$ 0,00;R$ 119.741,80;R$ 119.741,80;R$ 119.741,80;5° MEDIÇÃO OBJETO: SERVIÇOS COMUNS DE ENGENHARIA INERENTES A MANUTENÇÃO PREDIAL CORRETIVA OU PREVENTIVA CAMPUS CAUCAIA. CONTRATO N°04/2019
50;1;DINAMICA EMPREENDIMENTOS E SOLUCOES LTDA;NFSE;307;17/03/2020;35;INSTITUTO FEDERAL DE EDUCAÇAO, CIENCIA E TECNOLOGIA DO CEARA - CAMPUS PARACURU;CR;Não;Não;Não;Não;R$ 0,00;R$ 0,00;R$ 0,00;R$ 6.069,68;R$ 6.069,68;R$ 6.069,68;1° MEDIÇÃO OBJETO: CONTRATAÇÃO DE SERVIÇO COMUM DE ENGENHARIA PARA MANUTENÇÃO PREVENTIVA, CORRETIVA E AJUSTES DAS SUBESTAÇÕES, QUADROS GERAIS E DEMAIS EQUIPAMENTOS ELÉTRICOS CAMPUS PARACURU. CONTRATO N°04/2019
46;1;DINAMICA EMPREENDIMENTOS E SOLUCOES LTDA;NFSE;311;18/03/2020;22;FUNDO MUNICIPAL DE SAÚDE;CR;Não;Não;Não;Não;R$ 0,00;R$ 0,00;R$ 0,00;R$ 50.593,18;R$ 50.593,18;R$ 50.593,18;7° MEDIÇÃO OBJETO:CONTRATAÇÃO DE EMPRESA PARA EXECUTAR OS SERVIÇOS DE REFORMA DE UNIDADE DE ATENÇÃO ESPECIALIZADA EM SAÚDE DO MUNICÍPIO DE MORRINHOS/CE. CONTRATO N°20190010
44;1;DINAMICA EMPREENDIMENTOS E SOLUCOES LTDA;NFSE;313;23/03/2020;1;INSTITUTO FEDERAL DE EDUCAÇÃO, CIÊNCIA E TECNOLOGIA DO CEARÁ;CR;Não;Não;Não;Não;R$ 0,00;R$ 0,00;R$ 0,00;R$ 58.451,20;R$ 58.451,20;R$ 58.451,20;4° MEDIÇÃO OBJETO: SERVIÇOS COMUNS DE ENGENHARIA INERENTES A MANUTENÇÃO PREDIAL CORRETIVA OU PREVENTIVA CAMPUS MORADA NOVA. CONTRATO N°04/2019
45;1;DINAMICA EMPREENDIMENTOS E SOLUCOES LTDA;NFSE;312;23/03/2020;10;INSTITUTO FEDERAL DE EDUCAÇÃO, CIÊNCIA E TECNOLOGIA DO CEARÁ;CR;Não;Não;Não;Não;R$ 0,00;R$ 0,00;R$ 0,00;R$ 15.895,99;R$ 15.895,99;R$ 15.895,99;3° MEDIÇÃO OBJETO: SERVIÇOS COMUNS DE ENGENHARIA INERENTES A MANUTENÇÃO PREDIAL CORRETIVA OU PREVENTIVA CAMPUS LIMOEIRO DO NORTE. CONTRATO N° 05/2019
40;1;DINAMICA EMPREENDIMENTOS E SOLUCOES LTDA;NFSE;320;26/03/2020;36;INSTITUTO FEDERAL DE EDUCAÇÃO, CIÊNCIA E TECNOLOGIA DO CEARÁ;CR;Não;Não;Não;Não;R$ 0,00;R$ 0,00;R$ 0,00;R$ 6.186,51;R$ 6.186,51;R$ 6.186,51;1° MEDIÇÃO OBJETO: CONTRATAÇÃO DE SERVIÇO COMUM DE ENGENHARIA PARA MANUTENÇÃO PREVENTIVA, CORRETIVA E AJUSTES DAS SUBESTAÇÕES, QUADROS GERAIS E DEMAIS EQUIPAMENTOS ELÉTRICOS CAMPUS CAMOCIM. CONTRATO N°12/2019
41;1;DINAMICA EMPREENDIMENTOS E SOLUCOES LTDA;NFSE;319;26/03/2020;11;INSTITUTO FEDERAL DE EDUCAÇÃO, CIÊNCIA E TECNOLOGIA DO CEARÁ;CR;Não;Não;Não;Não;R$ 0,00;R$ 0,00;R$ 0,00;R$ 54.899,61;R$ 54.899,61;R$ 54.899,61;2° MEDIÇÃO OBJETO: SERVIÇOS COMUNS DE ENGENHARIA INERENTES A MANUTENÇÃO PREDIAL CORRETIVA OU PREVENTIVA CAMPUS AVANÇADO PECÉM. CONTRATO N°04/2019
43;1;DINAMICA EMPREENDIMENTOS E SOLUCOES LTDA;NFSE;314;26/03/2020;28;MUNICÍPIO DE CAUCAIA;CR;Não;Não;Não;Não;R$ 0,00;R$ 0,00;R$ 0,00;R$ 30.763,13;R$ 30.763,13;R$ 30.763,13;4ª MEDIÇÃO SERVIÇOS DE CONCLUSÃO DE 2 QUADRAS POLIESPORTIVAS COBERTAS COM PALCO(ESCOLAS MARIA DE LOURDES ROCHA E PEDRO LAURINDO DE OLIVEIRA) CAUCAIA CE. CONTRATO N° 201905300201 (LUCIANO)
86;1;DINAMICA EMPREENDIMENTOS E SOLUCOES LTDA;NFSE;315;26/03/2020;34;INSTITUTO FEDERAL DE EDUCAÇAO, CIENCIA E TECNOLOGIA DO CEARA - CAMPUS MARACANAU;CR;Não;Não;Não;Não;R$ 0,00;R$ 0,00;R$ 0,00;R$ 18.835,97;R$ 18.835,97;R$ 18.835,97;3° MEDIÇÃO OBJETO: SERVIÇOS COMUNS DE ENGENHARIA INERENTES A MANUTENÇÃO PREDIAL CORRETIVA OU PREVENTIVA CAMPUS MARACANAÚ. CONTRATO N°06/2019 (LUCIANO)
87;1;DINAMICA EMPREENDIMENTOS E SOLUCOES LTDA;NFSE;316;26/03/2020;34;INSTITUTO FEDERAL DE EDUCAÇAO, CIENCIA E TECNOLOGIA DO CEARA - CAMPUS MARACANAU;CR;Não;Não;Não;Não;R$ 0,00;R$ 0,00;R$ 0,00;R$ 26.888,41;R$ 26.888,41;R$ 26.888,41;4° MEDIÇÃO OBJETO: SERVIÇOS COMUNS DE ENGENHARIA INERENTES A MANUTENÇÃO PREDIAL CORRETIVA OU PREVENTIVA CAMPUS MARACANAÚ. CONTRATO N°06/2019
88;1;DINAMICA EMPREENDIMENTOS E SOLUCOES LTDA;NFSE;318;26/03/2020;34;INSTITUTO FEDERAL DE EDUCAÇAO, CIENCIA E TECNOLOGIA DO CEARA - CAMPUS MARACANAU;CR;Não;Não;Não;Não;R$ 0,00;R$ 0,00;R$ 0,00;R$ 48.525,33;R$ 48.525,33;R$ 48.525,33;5° MEDIÇÃO OBJETO: SERVIÇOS COMUNS DE ENGENHARIA INERENTES A MANUTENÇÃO PREDIAL CORRETIVA OU PREVENTIVA CAMPUS MARACANAÚ. CONTRATO N°06/2019 (LUCIANO)
195;1;DINAMICA EMPREENDIMENTOS E SOLUCOES LTDA;NFSE;317;26/03/2020;28;MUNICÍPIO DE CAUCAIA;CR;Não;Não;Não;Não;R$ 0,00;R$ 0,00;R$ 0,00;R$ 180.409,63;R$ 180.409,63;R$ 180.409,63;5° MEDIÇÃO OBJETO:CONTRATAÇÃO DE EMPRESA DE ENGENHARIA PARA EXECUÇÃO DOS SERVIÇOS DE CONCLUSÃO DE 02 CRECHES TIPO B: LUIZ NERYS E CONJUNTO METROPOLITANO (OBRAS REMANESCENTES), JUNTO A SECRETARIA DE EDUCAÇÃO DO MUNICÍPIO DE CAUCAIA/CE CONTRATO N°2019050300301
38;1;DINAMICA EMPREENDIMENTOS E SOLUCOES LTDA;NFSE;322;31/03/2020;44;INSTITUTO FEDERAL DE EDUCAÇAO, CIENCIA E TCNOLOGIA DO CEARA - CAMPUS ACARAU;CR;Não;Não;Não;Não;R$ 0,00;R$ 0,00;R$ 0,00;R$ 6.186,51;R$ 6.186,51;R$ 6.186,51;1° MEDIÇÃO - OBJETO: CONTRATAÇÃO DE SERVIÇO COMUM DE ENGENHARIA PARA MANUTENÇÃO PREVENTIVA, CORRETIVA E AJUSTES DAS SUBESTAÇÕES, QUADROS GERAIS E DEMAIS EQUIPAMENTOS ELÉTRICOS - CAMPUS ACARAÚ.CONTRATO Nº 07/2019.
39;1;DINAMICA EMPREENDIMENTOS E SOLUCOES LTDA;NFSE;321;31/03/2020;37;INSTITUTO FEDERAL DE EDUCAÇÃO, CIÊNCIA E TECNOLOGIA DO CEARÁ;CR;Não;Não;Não;Não;R$ 0,00;R$ 0,00;R$ 0,00;R$ 6.186,51;R$ 6.186,51;R$ 6.186,51;1° MEDIÇÃO OBJETO: CONTRATAÇÃO DE SERVIÇO COMUM DE ENGENHARIA PARA MANUTENÇÃO PREVENTIVA, CORRETIVA E AJUSTES DAS SUBESTAÇÕES, QUADROS GERAIS E DEMAIS EQUIPAMENTOS ELÉTRICOS CAMPUS TAUA. CONTRATO N°09/2019
136;1;DINAMICA EMPREENDIMENTOS E SOLUCOES LTDA;NFSE;323;01/04/2020;13;INSTITUTO FEDERAL DE EDUCAÇÃO, CIÊNCIA E TECNOLOGIA DO CEARÁ - CAMPUS UMIRIM;CR;Não;Não;Não;Não;R$ 0,00;R$ 0,00;R$ 0,00;R$ 6.108,30;R$ 6.108,30;R$ 6.108,30;1° MEDIÇÃO OBJETO: CONTRATAÇÃO DE SERVIÇOS COMUM DE ENGENHARIA PARA MANUTENÇÃO PREVENTIVA, CORRETIVA E AJUSTES DAS SUBESTAÇÕES, QUADROS GERAIS E DEMAIS EQUIPAMENTOS ELÉTRICOS. CAMPUS UMIRIM CONTRATO N° 20/2019
137;1;DINAMICA EMPREENDIMENTOS E SOLUCOES LTDA;NFSE;324;02/04/2020;49;IFCE - CAMPUS TABULEIRO DO NORTE;CR;Não;Não;Não;Não;R$ 0,00;R$ 0,00;R$ 0,00;R$ 6.186,51;R$ 6.186,51;R$ 6.186,51;1° MEDIÇÃO OBJETO: CONTRATAÇÃO DE SERVIÇOS COMUM DE ENGENHARIA PARA MANUTENÇÃO PREVENTIVA, CORRETIVA E AJUSTES DAS SUBESTAÇÕES, QUADROS GERAIS E DEMAIS EQUIPAMENTOS ELÉTRICOS. CAMPUS TABULEIRO DO NORTE CONTRATO N°19/2019
138;1;DINAMICA EMPREENDIMENTOS E SOLUCOES LTDA;NFSE;325;03/04/2020;10;INSTITUTO FEDERAL DE EDUCAÇÃO, CIÊNCIA E TECNOLOGIA DO CEARÁ;CR;Não;Não;Não;Não;R$ 0,00;R$ 0,00;R$ 0,00;R$ 114.802,75;R$ 114.802,75;R$ 114.802,75;4° MEDIÇÃO OBJETO: SERVIÇOS COMUNS DE ENGENHARIA INERENTES A MANUTENÇÃO PREDIAL CORRETIVA OU PREVENTIVA CAMPUS LIMOEIRO DO NORTE. CONTRATO N°05/2019
139;1;DINAMICA EMPREENDIMENTOS E SOLUCOES LTDA;NFSE;326;03/04/2020;10;INSTITUTO FEDERAL DE EDUCAÇÃO, CIÊNCIA E TECNOLOGIA DO CEARÁ;CR;Não;Não;Não;Não;R$ 0,00;R$ 0,00;R$ 0,00;R$ 120.000,00;R$ 120.000,00;R$ 120.000,00;5° MEDIÇÃO OBJETO: SERVIÇOS COMUNS DE ENGENHARIA INERENTES A MANUTENÇÃO PREDIAL CORRETIVA OU PREVENTIVA CAMPUS LIMOEIRO DO NORTE. CONTRATO N°05/2019
140;1;DINAMICA EMPREENDIMENTOS E SOLUCOES LTDA;NFSE;327;03/04/2020;10;INSTITUTO FEDERAL DE EDUCAÇÃO, CIÊNCIA E TECNOLOGIA DO CEARÁ;CR;Não;Não;Não;Não;R$ 0,00;R$ 0,00;R$ 0,00;R$ 70.000,00;R$ 70.000,00;R$ 70.000,00;6° MEDIÇÃO OBJETO: SERVIÇOS COMUNS DE ENGENHARIA INERENTES A MANUTENÇÃO PREDIAL CORRETIVA OU PREVENTIVA CAMPUS LIMOEIRO DO NORTE. CONTRATO N°05/2019
141;1;DINAMICA EMPREENDIMENTOS E SOLUCOES LTDA;NFSE;328;06/04/2020;28;MUNICÍPIO DE CAUCAIA;CR;Não;Não;Não;Não;R$ 0,00;R$ 0,00;R$ 0,00;R$ 484.081,15;R$ 484.081,15;R$ 484.081,15;4° MEDIÇÃO OBJETO: EXECUÇÃO DOS SERVIÇOS DE REFORMA DE 03 QUADRAS POLIESPORTIVAS EM CARÁTER EMERGENCIAL DAS ESCOLAS: DOM LUSTOSA, NELY CAULA DE CARVALHO E DOMINGO ABREU BRASILEIRO, JUNTO À SECRETARIA MUNICIPAL DE EDUCAÇÃO, CIÊNCIA E TECNOLOGIA DE CAUCAIA/CE CONTRATO N°20191023001-01
142;1;DINAMICA EMPREENDIMENTOS E SOLUCOES LTDA;NFSE;329;06/04/2020;9;INSTITUTO FEDERAL DE EDUCAÇÃO, CIÊNCIA E TECNOLOGIA DO CEARÁ;CR;Não;Não;Não;Não;R$ 0,00;R$ 0,00;R$ 0,00;R$ 6.186,51;R$ 6.186,51;R$ 6.186,51;1° MEDIÇÃO OBJETO: CONTRATAÇÃO DE SERVIÇOS COMUM DE ENGENHARIA PARA MANUTENÇÃO PREVENTIVA, CORRETIVA E AJUSTES DAS SUBESTAÇÕES, QUADROS GERAIS E DEMAIS EQUIPAMENTOS ELÉTRICOS. CAMPUS BOA VIAGEM. CONTRATO N°06/2019
143;1;DINAMICA EMPREENDIMENTOS E SOLUCOES LTDA;NFSE;330;07/04/2020;34;INSTITUTO FEDERAL DE EDUCAÇAO, CIENCIA E TECNOLOGIA DO CEARA - CAMPUS MARACANAU;CR;Não;Não;Não;Não;R$ 0,00;R$ 0,00;R$ 0,00;R$ 6.069,69;R$ 6.069,69;R$ 6.069,69;1° MEDIÇÃO OBJETO: CONTRATAÇÃO DE SERVIÇOS COMUM DE ENGENHARIA PARA MANUTENÇÃO PREVENTIVA, CORRETIVA E AJUSTES DAS SUBESTAÇÕES, QUADROS GERAIS E DEMAIS EQUIPAMENTOS ELÉTRICOS. CAMPUS MARACANAÚ. CONTRATO N°04/2019
144;1;DINAMICA EMPREENDIMENTOS E SOLUCOES LTDA;NFSE;331;16/04/2020;7;INSTITUTO FEDERAL DE EDUCAÇÃO, CIÊNCIA E TECNOLOGIA DO CEARÁ;CR;Não;Não;Não;Não;R$ 0,00;R$ 0,00;R$ 0,00;R$ 6.186,51;R$ 6.186,51;R$ 6.186,51;1° MEDIÇÃO OBJETO: CONTRATAÇÃO DE SERVIÇOS COMUM DE ENGENHARIA PARA MANUTENÇÃO PREVENTIVA, CORRETIVA E AJUSTES DAS SUBESTAÇÕES, QUADROS GERAIS E DEMAIS EQUIPAMENTOS ELÉTRICOS. CAMPUS JAGUARIBE. CONTRATO N°07/2019
145;1;DINAMICA EMPREENDIMENTOS E SOLUCOES LTDA;NFSE;332;20/04/2020;9;INSTITUTO FEDERAL DE EDUCAÇÃO, CIÊNCIA E TECNOLOGIA DO CEARÁ;CR;Não;Não;Não;Não;R$ 0,00;R$ 0,00;R$ 0,00;R$ 10.720,95;R$ 10.720,95;R$ 10.720,95;6°MEDIÇÃO OBJETO: SERVIÇOS COMUNS DE ENGENHARIA INERENTES A MANUTENÇÃO PREDIAL CORRETIVA OU PREVENTIVA. CAMPUS BOA VIAGEM CONTRATO N°02/2019
148;1;DINAMICA EMPREENDIMENTOS E SOLUCOES LTDA;NFSE;334;20/04/2020;34;INSTITUTO FEDERAL DE EDUCAÇAO, CIENCIA E TECNOLOGIA DO CEARA - CAMPUS MARACANAU;CR;Não;Não;Não;Não;R$ 0,00;R$ 0,00;R$ 0,00;R$ 8.137,70;R$ 8.137,70;R$ 8.137,70;2°MEDIÇÃO OBJETO: CONTRATAÇÃO DE SERVIÇOS COMUM DE ENGENHARIA PARA MANUTENÇÃO PREVENTIVA, CORRETIVA E AJUSTES DAS SUBESTAÇÕES, QUADROS GERAIS E DEMAIS EQUIPAMENTOS ELÉTRICOS. CAMPUS MARACANAÚ CONTRATO N°04/2019
135;1;DINAMICA EMPREENDIMENTOS E SOLUCOES LTDA;NFSE;336;22/04/2020;36;INSTITUTO FEDERAL DE EDUCAÇÃO, CIÊNCIA E TECNOLOGIA DO CEARÁ;CR;Não;Não;Não;Não;R$ 0,00;R$ 0,00;R$ 0,00;R$ 18.545,33;R$ 18.545,33;R$ 18.545,33;2° MEDIÇÃO OBJETO: CONTRATAÇÃO DE SERVIÇOS COMUM DE ENGENHARIA PARA MANUTENÇÃO PREVENTIVA, CORRETIVA E AJUSTES DAS SUBESTAÇÕES, QUADROS GERAIS E DEMAIS EQUIPAMENTOS ELÉTRICOS. CAMPUS CAMOCIM
149;1;DINAMICA EMPREENDIMENTOS E SOLUCOES LTDA;NFSE;337;22/04/2020;13;INSTITUTO FEDERAL DE EDUCAÇÃO, CIÊNCIA E TECNOLOGIA DO CEARÁ - CAMPUS UMIRIM;CR;Não;Não;Não;Não;R$ 0,00;R$ 0,00;R$ 0,00;R$ 41.325,11;R$ 41.325,11;R$ 41.325,11;2° MEDIÇÃO OBJETO: SERVIÇOS COMUNS DE ENGENHARIA INERENTES A MANUTENÇÃO PREDIAL CORRETIVA OU PREVENTIVA CAMPUS UMIRIM CONTRATO N°02/2019
150;1;DINAMICA EMPREENDIMENTOS E SOLUCOES LTDA;NFSE;338;23/04/2020;34;INSTITUTO FEDERAL DE EDUCAÇAO, CIENCIA E TECNOLOGIA DO CEARA - CAMPUS MARACANAU;CR;Não;Não;Não;Não;R$ 0,00;R$ 0,00;R$ 0,00;R$ 27.746,57;R$ 27.746,57;R$ 27.746,57;6° MEDIÇÃO OBJETO: SERVIÇOS COMUNS DE ENGENHARIA INERENTES A MANUTENÇÃO PREDIAL CORRETIVA OU PREVENTIVA CAMPUS MARACANAÚ. CONTRATO N° 06/2019 (LUCIANO)
151;1;DINAMICA EMPREENDIMENTOS E SOLUCOES LTDA;NFSE;339;23/04/2020;34;INSTITUTO FEDERAL DE EDUCAÇAO, CIENCIA E TECNOLOGIA DO CEARA - CAMPUS MARACANAU;CR;Não;Não;Não;Não;R$ 0,00;R$ 0,00;R$ 0,00;R$ 11.364,30;R$ 11.364,30;R$ 11.364,30;7° MEDIÇÃO OBJETO: SERVIÇOS COMUNS DE ENGENHARIA INERENTES A MANUTENÇÃO PREDIAL CORRETIVA OU PREVENTIVA CAMPUS MARACANAÚ. CONTRATO N° 06/2019
152;1;DINAMICA EMPREENDIMENTOS E SOLUCOES LTDA;NFSE;341;27/04/2020;28;MUNICÍPIO DE CAUCAIA;CR;Não;Não;Não;Não;R$ 0,00;R$ 0,00;R$ 0,00;R$ 100.115,55;R$ 100.115,55;R$ 100.115,55;5ª MEDIÇÃO REFORMA 3 QUADRAS POLIESPORTIVAS(ESCOLAS DOM ALMEIDA LUSTOSA, NELY CAULA DE CARVALHO E DOMINGOS ABREU BRASILEIRO)
153;1;DINAMICA EMPREENDIMENTOS E SOLUCOES LTDA;NFSE;342;30/04/2020;42;INSTITUTO FEDERAL DE EDUCAÇÃO, CIÊNCIA E TECNOLOGIA DO CEARÁ;CR;Não;Não;Não;Não;R$ 0,00;R$ 0,00;R$ 0,00;R$ 98.047,52;R$ 98.047,52;R$ 98.047,52;2° MEDIÇÃO OBJETO: SERVIÇOS COMUNS DE ENGENHARIA INERENTES A MANUTENÇÃO PREDIAL CORRETIVA OU PREVENTIVA CAMPUS CRATEÚS ( SERVIÇOS EXECUTADO CAMPUS IGUATU-CE) CONTRATO N°24/2019
162;1;DINAMICA EMPREENDIMENTOS E SOLUCOES LTDA;NFSE;392;04/05/2020;55;MUNICÍPIO DE MARACANAÚ;CR;Não;Não;Não;Não;R$ 0,00;R$ 0,00;R$ 0,00;R$ 194.807,38;R$ 194.807,38;R$ 194.807,38;1ª MEDIÇÃO - OBJETO: CONTRATAÇÃO DE EMPRESA VISANDO A REFORMA DO FÓRUM VELHO - ADEQUAÇÃO PARA SEDE DO GABINETE SITUADO NA RUA EDSON QUEIROZ, Nº 155, PIRATININGA, EM MARACANAÚ-CE. CONTRATO Nº 1010.20.02.06.02.
154;1;DINAMICA EMPREENDIMENTOS E SOLUCOES LTDA;NFSE;343;05/05/2020;45;INSTITUTO FEDERAL DE EDUCAÇÃO, CIÊNCIA E TECNOLOGIA DO CEARÁ;CR;Não;Não;Não;Não;R$ 0,00;R$ 0,00;R$ 0,00;R$ 7.829,37;R$ 7.829,37;R$ 7.829,37;5ª MEDIÇÃO MANUTENÇÃO PREDIAL PREVENTIVA/CORRETIVA - CAMPUS TIANGUA
155;1;DINAMICA EMPREENDIMENTOS E SOLUCOES LTDA;NFSE;344;05/05/2020;17;INSTITUTO FEDERAL DE EDUCAÇÃO, CIÊNCIA E TECNOLOGIA DO CEARÁ;CR;Não;Não;Não;Não;R$ 0,00;R$ 0,00;R$ 0,00;R$ 6.108,30;R$ 6.108,30;R$ 6.108,30;1ª MEDIÇÃO MANUTENÇÃO PREVENTIVA/CORRETIVA DE SUBESTAÇOES - CAMPUS REITORIA
157;1;DINAMICA EMPREENDIMENTOS E SOLUCOES LTDA;NFSE;345;05/05/2020;64;INSTITUTO FEDERAL DE EDUCAÇÃO, CIÊNCIA E TECNOLOGIA DO CEARA - CAMPUS ACOPIARA;CR;Não;Não;Não;Não;R$ 0,00;R$ 0,00;R$ 0,00;R$ 6.186,51;R$ 6.186,51;R$ 6.186,51;1° MEDIÇÃO - OBJETO: CONTRATAÇÃO DE SERVIÇO COMUM DE ENGENHARIA PARA MANUTENÇÃO PREVENTIVA, CORRETIVA E AJUSTES DAS SUBESTAÇÕES, QUADROS GERAIS E DEMAIS EQUIPAMENTOS ELÉTRICOS - CAMPUS ACOPIARA. CONTRATO Nº 54/2019.
156;1;DINAMICA EMPREENDIMENTOS E SOLUCOES LTDA;NFSE;346;06/05/2020;45;INSTITUTO FEDERAL DE EDUCAÇÃO, CIÊNCIA E TECNOLOGIA DO CEARÁ;CR;Não;Não;Não;Não;R$ 0,00;R$ 0,00;R$ 0,00;R$ 8.139,15;R$ 8.139,15;R$ 8.139,15;6ª MEDIÇÃO MANUTENÇÃO PREDIAL PREVENTIVA/CORRETIVA CAMPUS TIANGUA
158;1;DINAMICA EMPREENDIMENTOS E SOLUCOES LTDA;NFSE;347;06/05/2020;28;MUNICÍPIO DE CAUCAIA;CR;Não;Não;Não;Não;R$ 0,00;R$ 0,00;R$ 0,00;R$ 158.041,04;R$ 158.041,04;R$ 158.041,04;1° MEDIÇÃO - OBJETO: CONTRATAÇÃO DE EMPRESA ESPECIALIZADA PARA CONSTRUÇÃO DA INFRAESTRUTURA DO TERRENO ONDE SERÁ INSTALADO OS 12 LEITOS DE UTI DE ALTA COMPLEXIDADE - COVID 19 NA PRAÇA DO HOSPITAL MUNICIPAL DR. ABERLADO GADELHA LOCALIZADA À RUA PAULO GOMES DA SILVA, S/N - BAIRRO: PARQUE SOLEDADE NO MUNICÍPIO DE CAUCAIA / CE, CONFORME TABELA DA SEINFRA, VERSÃO 026.1 E SINAPI JANEIRO 2020, PARA ATENDER AS NECESSIDADES DA SECRETARIA MUNICIPAL - SMS DE CAUCAIA/CE. CONTRATO Nº 20200416002-01
159;1;DINAMICA EMPREENDIMENTOS E SOLUCOES LTDA;NFSE;348;06/05/2020;38;INSTITUTO FEDERAL DE EDUCAÇÃO, CIÊNCIA E TECNOLOGIA DO CEARÁ;CR;Não;Não;Não;Não;R$ 0,00;R$ 0,00;R$ 0,00;R$ 11.101,23;R$ 11.101,23;R$ 11.101,23;2° MEDIÇÃO - OBJETO: CONTRATAÇÃO DE SERVIÇO COMUM DE ENGENHARIA PARA MANUTENÇÃO PREVENTIVA, CORRETIVA E AJUSTES DAS SUBESTAÇÕES, QUADROS GERAIS E DEMAIS EQUIPAMENTOS ELÉTRICOS - CAMPUS UBAJARA. CONTRATO Nº 11/2019.
160;1;DINAMICA EMPREENDIMENTOS E SOLUCOES LTDA;NFSE;349;06/05/2020;38;INSTITUTO FEDERAL DE EDUCAÇÃO, CIÊNCIA E TECNOLOGIA DO CEARÁ;CR;Não;Não;Não;Não;R$ 0,00;R$ 0,00;R$ 0,00;R$ 1.532,13;R$ 1.532,13;R$ 1.532,13;3° MEDIÇÃO - OBJETO: CONTRATAÇÃO DE SERVIÇO COMUM DE ENGENHARIA PARA MANUTENÇÃO PREVENTIVA, CORRETIVA E AJUSTES DAS SUBESTAÇÕES, QUADROS GERAIS E DEMAIS EQUIPAMENTOS ELÉTRICOS - CAMPUS UBAJARA. CONTRATO Nº 11/2019.
165;1;DINAMICA EMPREENDIMENTOS E SOLUCOES LTDA;NFSE;356;12/05/2020;57;ASSOCIAÇAO CONDOMINIO RURAL SITIO JENIPAPO;CR;Não;Não;Não;Não;R$ 0,00;R$ 0,00;R$ 0,00;R$ 51.439,78;R$ 51.439,78;R$ 51.439,78;3° medição - contratação de uma empresa especializada em construção civil e de infraestrutura para construção de uma casa de farinha, termo fomento SDA n° 43/2016
166;1;DINAMICA EMPREENDIMENTOS E SOLUCOES LTDA;NFSE;359;12/05/2020;22;FUNDO MUNICIPAL DE SAÚDE;CR;Não;Não;Não;Não;R$ 0,00;R$ 0,00;R$ 0,00;R$ 165.715,90;R$ 165.715,90;R$ 165.715,90;8° medição - objeto: contratação de empresa para executar os serviços de reforma de unidade de atenção especializada em saúde do município de morrinhos/ce contrato n°20190010
167;1;DINAMICA EMPREENDIMENTOS E SOLUCOES LTDA;NFSE;362;14/05/2020;46;INSTITUTO FEDERAL DE EDUCAÇÃO, CIÊNCIA E TECNOLOGIA DO CEARÁ;CR;Não;Não;Não;Não;R$ 0,00;R$ 0,00;R$ 0,00;R$ 11.911,51;R$ 11.911,51;R$ 11.911,51;3° MEDIÇÃO - OBJETO:SERVIÇOS COMUNS DE ENGENHARIA INERENTES A MANUTENÇÃO PREDIAL CORRETIVA OU PREVENTIVA - CAMPUS SOBRAL CONTRATO N°05/2019 CONFORME ORDEM DE SERVIÇOS 4/2020
168;1;DINAMICA EMPREENDIMENTOS E SOLUCOES LTDA;NFSE;363;14/05/2020;46;INSTITUTO FEDERAL DE EDUCAÇÃO, CIÊNCIA E TECNOLOGIA DO CEARÁ;CR;Não;Não;Não;Não;R$ 0,00;R$ 0,00;R$ 0,00;R$ 10.544,56;R$ 10.544,56;R$ 10.544,56;4° MEDIÇÃO - OBJETO: SERVIÇOS COMUNS DE ENGENHARIA INERENTES Á MANUTENÇÃO PREDIAL CORRETIVA OU PREVENTIVA - CAMPUS SOBRAL
169;1;DINAMICA EMPREENDIMENTOS E SOLUCOES LTDA;NFSE;364;14/05/2020;46;INSTITUTO FEDERAL DE EDUCAÇÃO, CIÊNCIA E TECNOLOGIA DO CEARÁ;CR;Não;Não;Não;Não;R$ 0,00;R$ 0,00;R$ 0,00;R$ 24.363,20;R$ 24.363,20;R$ 24.363,20;5° MEDIÇÃO - OBJETO: SERVIÇOS COMUNS DE ENGENHARIA INERENTES A MANUTENÇÃO PREDIAL CORRETIVA OU PREVENTIVA - CAMPUS SOBRAL CONTRATO N°05/2019
170;1;DINAMICA EMPREENDIMENTOS E SOLUCOES LTDA;NFSE;365;14/05/2020;46;INSTITUTO FEDERAL DE EDUCAÇÃO, CIÊNCIA E TECNOLOGIA DO CEARÁ;CR;Não;Não;Não;Não;R$ 0,00;R$ 0,00;R$ 0,00;R$ 12.579,24;R$ 12.579,24;R$ 12.579,24;6° MEDIÇÃO - OBJETO: SERVIÇOS COMUNS DE ENGENHARIA INERENTES A MANUTENÇÃO PREDIAL CORRETIVA OU PREVENTIVA - CAMPUS SOBRAL CONTRATO N°05/2019
171;1;DINAMICA EMPREENDIMENTOS E SOLUCOES LTDA;NFSE;366;14/05/2020;46;INSTITUTO FEDERAL DE EDUCAÇÃO, CIÊNCIA E TECNOLOGIA DO CEARÁ;CR;Não;Não;Não;Não;R$ 0,00;R$ 0,00;R$ 0,00;R$ 12.598,40;R$ 12.598,40;R$ 12.598,40;7° MEDIÇÃO - OBJETO: COMUNS DE ENGENHARIA INERENTES A MANUTENÇÃO PREDIAL CORRETIVA OU PREVENTIVA - CAMPUS SOBRAL CONTRATO N° 05/2019 CONFORME ORDEM DE SERVIÇO 9/2020
172;1;DINAMICA EMPREENDIMENTOS E SOLUCOES LTDA;NFSE;367;14/05/2020;46;INSTITUTO FEDERAL DE EDUCAÇÃO, CIÊNCIA E TECNOLOGIA DO CEARÁ;CR;Não;Não;Não;Não;R$ 0,00;R$ 0,00;R$ 0,00;R$ 7.601,88;R$ 7.601,88;R$ 7.601,88;8° MEDIÇÃO - OBJETO SERVIÇOS COMUNS DE ENGENHARIA INERENTES A MANUTENÇÃO PREDIAL CORRETIVA OU PREVENTIVA - CAMPUS SOBRAL CONTRATO N° 05/2019 CONFORME ORDEM DE SERVIÇOS 10/2020
173;1;DINAMICA EMPREENDIMENTOS E SOLUCOES LTDA;NFSE;368;14/05/2020;46;INSTITUTO FEDERAL DE EDUCAÇÃO, CIÊNCIA E TECNOLOGIA DO CEARÁ;CR;Não;Não;Não;Não;R$ 0,00;R$ 0,00;R$ 0,00;R$ 41.092,22;R$ 41.092,22;R$ 41.092,22;9° MEDIÇÃO - OBJETO: SERVIÇOS COMUNS DE ENGENHARIA INERENTES A MANUTENÇÃO PREDIAL CORRETIVA OU PREVENTIVA - CAMPUS SOBRAL CONTRATO N° 05/2019 CONFORME ORDEM DE SERVIÇO 3/2020
174;1;DINAMICA EMPREENDIMENTOS E SOLUCOES LTDA;NFSE;369;14/05/2020;44;INSTITUTO FEDERAL DE EDUCAÇAO, CIENCIA E TCNOLOGIA DO CEARA - CAMPUS ACARAU;CR;Não;Não;Não;Não;R$ 0,00;R$ 0,00;R$ 0,00;R$ 43.099,59;R$ 43.099,59;R$ 43.099,59;2° MEDIÇÃO - OBJETO: SERVIÇOS COMUNS DE ENGENHARIA INERENTES A MANUTENÇÃO PREDIAL CORRETIVA OU PREVENTIVA - CAMPUS ACARAÚ CONTRATO N° 08/2019 CONFORME PLANILHA DE MEDIÇÃO 001/2020
175;1;DINAMICA EMPREENDIMENTOS E SOLUCOES LTDA;NFSE;374;19/05/2020;46;INSTITUTO FEDERAL DE EDUCAÇÃO, CIÊNCIA E TECNOLOGIA DO CEARÁ;CR;Não;Não;Não;Não;R$ 0,00;R$ 0,00;R$ 0,00;R$ 62.829,20;R$ 62.829,20;R$ 62.829,20;10° MEDIÇÃO - OBJETO:SERVIÇOS COMUNS DE ENGENHARIA INERENTES A MANUTENÇÃO PREDIAL CORRETIVA OU PREVENTIVA - CAMPUS SOBRAL. CONTRATO N°05/2019 CONFORME ORDEM DE SERVIÇOS 5/2020
176;1;DINAMICA EMPREENDIMENTOS E SOLUCOES LTDA;NFSE;375;19/05/2020;46;INSTITUTO FEDERAL DE EDUCAÇÃO, CIÊNCIA E TECNOLOGIA DO CEARÁ;CR;Não;Não;Não;Não;R$ 0,00;R$ 0,00;R$ 0,00;R$ 43.124,50;R$ 43.124,50;R$ 43.124,50;11° MEDIÇÃO - OBJETO: SERVIÇOS COMUNS DE ENGENHARIA INERENTES A MANUTENÇÃO PREDIAL CORRETIVA OU PREVENTIVA- CAMPUS SOBRAL CONTRATO N° 05/2019 CONFORME ORDEM DE SERVIÇOS 11/2020
177;1;DINAMICA EMPREENDIMENTOS E SOLUCOES LTDA;NFSE;376;20/05/2020;42;INSTITUTO FEDERAL DE EDUCAÇÃO, CIÊNCIA E TECNOLOGIA DO CEARÁ;CR;Não;Não;Não;Não;R$ 0,00;R$ 0,00;R$ 0,00;R$ 98.760,22;R$ 98.760,22;R$ 98.760,22;3° MEDIÇÃO - OBJETO: SERVIÇOS COMUNS DE ENGENHARIA INERENTES A MANUTENÇÃO PREDIAL CORRETIVA OU PREVENTIVA - CAMPUS CRATEÚS. CONTRATO N°24/2019
178;1;DINAMICA EMPREENDIMENTOS E SOLUCOES LTDA;NFSE;377;20/05/2020;49;IFCE - CAMPUS TABULEIRO DO NORTE;CR;Não;Não;Não;Não;R$ 0,00;R$ 0,00;R$ 0,00;R$ 2.140,89;R$ 2.140,89;R$ 2.140,89;2° MEDIÇÃO - OBJETO: CONTRATAÇÃO DE SERVIÇOS COMUM DE ENGENHARIA PARA MANUTENÇÃO PREVENTIVA, CORRETIVA E AJUSTES DAS SUBESTAÇÕES, QUADROS GERAIS E DEMAIS EQUIPAMENTOS ELÉTRICOS - CAMPUS TABULEIRO DO NORTE. SERVIÇOS EXECUÇÃO EMERGENCIAL CONTRATO N° 19/2019
180;1;DINAMICA EMPREENDIMENTOS E SOLUCOES LTDA;NFSE;379;20/05/2020;17;INSTITUTO FEDERAL DE EDUCAÇÃO, CIÊNCIA E TECNOLOGIA DO CEARÁ;CR;Não;Não;Não;Não;R$ 0,00;R$ 0,00;R$ 0,00;R$ 76.040,24;R$ 76.040,24;R$ 76.040,24;11° MEDIÇÃO - OBJETO: SERVIÇOS COMUNS DE ENGENHARIA INERENTES A MANUTENÇÃO PREDIAL CORRETIVA OU PREVENTIVA (CIVIL)- CAMPUS FORTALEZA CONTRATO N°061/2017
181;1;DINAMICA EMPREENDIMENTOS E SOLUCOES LTDA;NFSE;380;20/05/2020;12;INSTITUTO FEDERAL DE EDUCAÇÃO, CIÊNCIA E TECNOLOGIA DO CEARÁ;CR;Não;Não;Não;Não;R$ 0,00;R$ 0,00;R$ 0,00;R$ 6.147,41;R$ 6.147,41;R$ 6.147,41;1° MEDIÇÃO - OBJETO: CONTRATAÇÃO DE SERVIÇOS COMUM DE ENGENHARIA PARA MANUTENÇÃO PREVENTIVA, CORRETIVA E AJUSTES DAS SUBESTAÇÕES, QUADROS GERAIS E DEMAIS EQUIPAMENTOS ELÉTRICOS - CAMPUS CANINDÉ SERVIÇO EXECUÇÃO PREVENTIVA CONTRATO N° 08/2020
182;1;DINAMICA EMPREENDIMENTOS E SOLUCOES LTDA;NFSE;381;20/05/2020;6;INSTITUTO FEDERAL DE EDUCAÇÃO, CIÊNCIA E TECNOLOGIA DO CEARÁ;CR;Não;Não;Não;Não;R$ 0,00;R$ 0,00;R$ 0,00;R$ 13.697,32;R$ 13.697,32;R$ 13.697,32;MEDIÇÃO - OBJETO: CONTRATAÇÃO DE SERVIÇOS COMUM DE ENGENHARIA PARA MANUTENÇÃO PREVENTIVA, CORRETIVA E AJUSTES DAS SUBESTAÇÕES, QUADROS GERAIS E DEMAIS EQUIPAMENTOS ELÉTRICOS - CAMPUS REITORIA SERVIÇO EXECUÇÃO EMERGENCIAL CONTRATO N°55/2019
183;1;DINAMICA EMPREENDIMENTOS E SOLUCOES LTDA;NFSE;382;20/05/2020;14;INSTITUTO FEDERAL DE EDUCAÇÃO, CIÊNCIA E TECNOLOGIA DO CEARÁ;CR;Não;Não;Não;Não;R$ 0,00;R$ 0,00;R$ 0,00;R$ 6.108,30;R$ 6.108,30;R$ 6.108,30;1° MEDIÇÃO - OBJETO: CONTRATAÇÃO DE SERVIÇOS COMUM DE ENGENHARIA PARA MANUTENÇÃO PREVENTIVA, CORRETIVA E AJUSTES DAS SUBESTAÇÕES, QUADROS GERAIS E DEMAIS EQUIPAMENTOS ELÉTRICOS - CAMPUS QUIXADÁ SERVIÇOS EXECUÇÃO PREVENTIVA CONTRATO N°17/2019
184;1;DINAMICA EMPREENDIMENTOS E SOLUCOES LTDA;NFSE;383;20/05/2020;14;INSTITUTO FEDERAL DE EDUCAÇÃO, CIÊNCIA E TECNOLOGIA DO CEARÁ;CR;Não;Não;Não;Não;R$ 0,00;R$ 0,00;R$ 0,00;R$ 14.122,64;R$ 14.122,64;R$ 14.122,64;2° MEDIÇÃO - OBJETO: CONTRATAÇÃO DE SERVIÇOS COMUM DE ENGENHARIA PARA MANUTENÇÃO PREVENTIVA, CORRETIVA E AJUSTES DAS SUBESTAÇÕES, QUADROS GERAIS E DEMAIS EQUIPAMENTOS ELÉTRICOS - CAMPUS QUIXADÁ. SERVIÇO EXECUÇÃO EMERGENCIAL. CONTRATO N°17/2019
185;1;DINAMICA EMPREENDIMENTOS E SOLUCOES LTDA;NFSE;384;20/05/2020;48;INSTITUTO FEDERAL DE EDUCAÇÃO, CIÊNCIA E TECNOLOGIA DO CEARÁ CAMPUS BATURITÉ;CR;Não;Não;Não;Não;R$ 0,00;R$ 0,00;R$ 0,00;R$ 6.069,69;R$ 6.069,69;R$ 6.069,69;1° MEDIÇÃO - OBJETO: CONTRATAÇÃO DE SERVIÇOS COMUM DE ENGENHARIA PARA MANUTENÇÃO PREVENTIVA, CORRETIVA E AJUSTES DAS SUBESTAÇÕES, QUADROS GERAIS E DEMAIS EQUIPAMENTOS ELÉTRICOS - CAMPUS BATURITÉ SERVIÇOS EXECUÇÃO PREVENTIVA CONTRATO N° 05/2019
186;1;DINAMICA EMPREENDIMENTOS E SOLUCOES LTDA;NFSE;385;20/05/2020;12;INSTITUTO FEDERAL DE EDUCAÇÃO, CIÊNCIA E TECNOLOGIA DO CEARÁ;CR;Não;Não;Não;Não;R$ 0,00;R$ 0,00;R$ 0,00;R$ 39.079,42;R$ 39.079,42;R$ 39.079,42;7° MEDIÇÃO - OBJETO: SERVIÇOS COMUNS DE ENGENHARIA INERENTES A MANUTENÇÃO PREDIAL CORRETIVA OU PREVENTIVA - CAMPUS CANINDÉ. CONTRATO N°06/2019
187;1;DINAMICA EMPREENDIMENTOS E SOLUCOES LTDA;NFSE;386;22/05/2020;34;INSTITUTO FEDERAL DE EDUCAÇAO, CIENCIA E TECNOLOGIA DO CEARA - CAMPUS MARACANAU;CR;Não;Não;Não;Não;R$ 0,00;R$ 0,00;R$ 0,00;R$ 20.379,14;R$ 20.379,14;R$ 20.379,14;8° MEDIÇÃO - OBJETO: SERVIÇOS COMUNS DE ENGENHARIA INERENTES A MANUTENÇÃO PREDIAL CORRETIVA OU PREVENTIVA - CAMPUS MARACANAÚ. CONTRATO N°06/2019 (LUCIANO)
188;1;DINAMICA EMPREENDIMENTOS E SOLUCOES LTDA;NFSE;387;25/05/2020;1;INSTITUTO FEDERAL DE EDUCAÇÃO, CIÊNCIA E TECNOLOGIA DO CEARÁ;CR;Não;Não;Não;Não;R$ 0,00;R$ 0,00;R$ 0,00;R$ 24.247,33;R$ 24.247,33;R$ 24.247,33;5° MEDIÇÃO - OBJETO: SERVIÇOS COMUNS DE ENGENHARIA INERENTES A MANUTENÇÃO PREDIAL CORRETIVA OU PREVENTIVA - CAMPUS MORADA NOVA CONTRATO. N° 04/2019
189;1;DINAMICA EMPREENDIMENTOS E SOLUCOES LTDA;NFSE;388;25/05/2020;41;INSTITUTO FEDERAL DE EDUCAÇÃO, CIÊNCIA E TECNOLOGIA DO CEARÁ;CR;Não;Não;Não;Não;R$ 0,00;R$ 0,00;R$ 0,00;R$ 6.186,51;R$ 6.186,51;R$ 6.186,51;1° MEDIÇÃO - OBJETO: CONTRATAÇÃO DE SERVIÇOS COMUM DE ENGENHARIA PARA MANUTENÇÃO PREVENTIVA, CORRETIVA E AJUSTES DAS SUBESTAÇÕES, QUADROS GERAIS E DEMAIS EQUIPAMENTOS ELÉTRICOS - CAMPUS JUAZEIRO DO NORTE. SERVIÇO EXECUÇÃO PREVENTIVA CONTRATO N°15/2019
190;1;DINAMICA EMPREENDIMENTOS E SOLUCOES LTDA;NFSE;389;25/05/2020;42;INSTITUTO FEDERAL DE EDUCAÇÃO, CIÊNCIA E TECNOLOGIA DO CEARÁ;CR;Não;Não;Não;Não;R$ 0,00;R$ 0,00;R$ 0,00;R$ 38.120,10;R$ 38.120,10;R$ 38.120,10;4° MEDIÇÃO - OBJETO: SERVIÇOS COMUNS DE ENGENHARIA INERENTES A MANUTENÇÃO PREDIAL CORRETIVA OU PREVENTIVA - CAMPUS CRATEÚS (SERVIÇO EXECUTADO CAMPUS IGUATU-CE) CONTRATO N°24/2019
191;1;DINAMICA EMPREENDIMENTOS E SOLUCOES LTDA;NFSE;390;27/05/2020;34;INSTITUTO FEDERAL DE EDUCAÇAO, CIENCIA E TECNOLOGIA DO CEARA - CAMPUS MARACANAU;CR;Não;Não;Não;Não;R$ 0,00;R$ 0,00;R$ 0,00;R$ 94.638,86;R$ 94.638,86;R$ 94.638,86;9° MEDIÇÃO - OBJETO: SERVIÇOS COMUNS DE ENGENHARIA INERENTES A MANUTENÇÃO PREDIAL CORRETIVA OU PREVENTIVA  CAMPUS MARACANAÚ CONTRATO N°06/2019 (LUCIANO)
196;1;DINAMICA EMPREENDIMENTOS E SOLUCOES LTDA;NFSE;391;04/06/2020;28;MUNICÍPIO DE CAUCAIA;CR;Não;Não;Não;Não;R$ 0,00;R$ 0,00;R$ 0,00;R$ 81.842,86;R$ 81.842,86;R$ 81.842,86;5° MEDIÇÃO OBJETO:CONTRATAÇÃO DE EMPRESA DE ENGENHARIA PARA EXECUÇÃO DOS SERVIÇOS DE CONCLUSÃO DE 02 CRECHES TIPO B: LUIZ NERYS E CONJUNTO METROPOLITANO (OBRAS REMANESCENTES), JUNTO A SECRETARIA DE EDUCAÇÃO DO MUNICÍPIO DE CAUCAIA/CE CONTRATO N°2019050300301
200;1;DINAMICA EMPREENDIMENTOS E SOLUCOES LTDA;NFSE;395;23/06/2020;12;INSTITUTO FEDERAL DE EDUCAÇÃO, CIÊNCIA E TECNOLOGIA DO CEARÁ;CR;Não;Não;Não;Não;R$ 0,00;R$ 0,00;R$ 0,00;R$ 44.455,92;R$ 44.455,92;R$ 44.455,92;8° MEDIÇÃO OBJETO: SERVIÇOS COMUNS DE ENGENHARIA INERENTES A MANUTENÇÃO PREDIAL CORRETIVA OU PREVENTIVA CAMPUS CANINDÉ. CONTRATO N°06/2019
201;1;DINAMICA EMPREENDIMENTOS E SOLUCOES LTDA;NFSE;396;23/06/2020;34;INSTITUTO FEDERAL DE EDUCAÇAO, CIENCIA E TECNOLOGIA DO CEARA - CAMPUS MARACANAU;CR;Não;Não;Não;Não;R$ 0,00;R$ 0,00;R$ 0,00;R$ 100.335,32;R$ 100.335,32;R$ 100.335,32;10° MEDIÇÃO OBJETO: SERVIÇOS COMUNS DE ENGENHARIA INERENTES A MANUTENÇÃO PREDIAL CORRETIVA OU PREVENTIVA CAMPUS MARACANAÚ. CONTRATO N° 06/2019 (LUCIANO)
202;1;DINAMICA EMPREENDIMENTOS E SOLUCOES LTDA;NFSE;397;24/06/2020;42;INSTITUTO FEDERAL DE EDUCAÇÃO, CIÊNCIA E TECNOLOGIA DO CEARÁ;CR;Não;Não;Não;Não;R$ 0,00;R$ 0,00;R$ 0,00;R$ 121.440,35;R$ 121.440,35;R$ 121.440,35;5° MEDIÇÃO OBJETO: SERVIÇOS COMUNS DE ENGENHARIA INERENTES A MANUTENÇÃO PREDIAL CORRETIVA OU PREVENTIVA CAMPUS CRATEÚS. CONTRATO N°24/2019
203;1;DINAMICA EMPREENDIMENTOS E SOLUCOES LTDA;NFSE;399;24/06/2020;16;INSTITUTO FEDERAL DE EDUCAÇÃO, CIÊNCIA E TECNOLOGIA DO CEARÁ;CR;Não;Não;Não;Não;R$ 0,00;R$ 0,00;R$ 0,00;R$ 19.325,25;R$ 19.325,25;R$ 19.325,25;2° MEDIÇÃO OBJETO: CONTRATAÇÃO DE SERVIÇO COMUM DE ENGENHARIA PARA MANUTENÇÃO PREVENTIVA, CORRETIVA E AJUSTES DAS SUBESTAÇÕES, QUADROS GERAIS E DEMAIS EQUIPAMENTOS ELÉTRICOS CAMPUS ARACATI. CONTRATO N° 09/2019
247;1;DINAMICA EMPREENDIMENTOS E SOLUCOES LTDA;NFSE;400;01/07/2020;42;INSTITUTO FEDERAL DE EDUCAÇÃO, CIÊNCIA E TECNOLOGIA DO CEARÁ;CR;Não;Não;Não;Não;R$ 0,00;R$ 0,00;R$ 0,00;R$ 57.518,86;R$ 57.518,86;R$ 57.518,86;6ª MEDIÇÃO - OBJETO: SERVIÇOS COMUNS DE ENGENHARIA INERENTES À MANUTENÇÃO PREDIAL CORRETIVA OU PREVENTIVA - CAMPUS CRATEÚS. (SERVIÇO EXECUTADO CAMPUS IGUATU - CE) CONTRATO Nº 24/2019.
205;1;DINAMICA EMPREENDIMENTOS E SOLUCOES LTDA;NFSE;401;04/07/2020;28;MUNICÍPIO DE CAUCAIA;CR;Não;Não;Não;Não;R$ 0,00;R$ 0,00;R$ 0,00;R$ 221.266,40;R$ 221.266,40;R$ 221.266,40;6° MEDIÇÃO OBJETO: CONTRATAÇÃO DE EMPRESA DE ENGENHARIA PARA EXECUÇÃO DOS SERVIÇOS DE CONCLUSÃO DE 02 CRECHES TIPO B: LUIZ NERYS E CONJUNTO METROPOLITANO (OBRAS REMANESCENTES), JUNTO A SECRETARIA DE EDUCAÇÃO DO MUNICÍPIO DE CAUCAIA/CE CONTRATO N° 20190503003-01
179;1;DINAMICA EMPREENDIMENTOS E SOLUCOES LTDA;NFSE;404;08/07/2020;13;INSTITUTO FEDERAL DE EDUCAÇÃO, CIÊNCIA E TECNOLOGIA DO CEARÁ - CAMPUS UMIRIM;CR;Não;Não;Não;Não;R$ 0,00;R$ 0,00;R$ 0,00;R$ 32.419,00;R$ 32.419,00;R$ 32.419,00;3° MEDIÇÃO - OBJETO: SERVIÇOS COMUNS DE ENGENHARIA INERENTES A MANUTENÇÃO PREDIAL CORRETIVA OU PREVENTIVA - CAMPUS UMIRIM CONTRATO N° 02/2019
208;1;DINAMICA EMPREENDIMENTOS E SOLUCOES LTDA;NFSE;403;08/07/2020;13;INSTITUTO FEDERAL DE EDUCAÇÃO, CIÊNCIA E TECNOLOGIA DO CEARÁ - CAMPUS UMIRIM;CR;Não;Não;Não;Não;R$ 0,00;R$ 0,00;R$ 0,00;R$ 10.827,18;R$ 10.827,18;R$ 10.827,18;2° MEDIÇÃO OBJETO: CONTRATAÇÃO DE SERVIÇO COMUM DE ENGENHARIA PARA MANUTENÇÃO PREVENTIVA, CORRETIVA E AJUSTES DAS SUBESTAÇÕES, QUADROS GERAIS E DEMAIS EQUIPAMENTOS ELÉTRICOS CAMPUS UMIRIM. CONTRATO N°20/2019
209;1;DINAMICA EMPREENDIMENTOS E SOLUCOES LTDA;NFSE;406;08/07/2020;55;MUNICÍPIO DE MARACANAÚ;CR;Não;Não;Não;Não;R$ 0,00;R$ 0,00;R$ 0,00;R$ 207.093,00;R$ 207.093,00;R$ 207.093,00;2° MEDIÇÃO OBJETO: CONTRATAÇÃO DE EMPRESA VISANDO A REFORMA DO FÓRUM VELHO ADEQUAÇÃO PARA SEDE DO GABINETE SITUADO NA RUA EDSON QUEIROZ N° 155, PIRATININGA, EM MARACANAÚ-CE CONTRATO N° 1010.20.02.06.02
210;1;DINAMICA EMPREENDIMENTOS E SOLUCOES LTDA;NFSE;407;11/07/2020;28;MUNICÍPIO DE CAUCAIA;CR;Não;Não;Não;Não;R$ 0,00;R$ 0,00;R$ 0,00;R$ 59.709,25;R$ 59.709,25;R$ 59.709,25;2° MEDIÇÃO OBJETO: CONTRATAÇÃO DE EMPRESA ESPECIALIZADA PARA CONSTRUÇÃO DA INFRAESTRUTURA DO TERRENO ONDE SERÁ INSTALAÇÃO OS 12 LEITOS DE UTI DE ALTA COMPLEXIDADE COVID 19 NA PRAÇA DO HOSPITAL MUNICIPAL DR. ABERLADO GADELHA LOCALIZADO Á RUA PAULO GOMES DA SILVA, PARA ATENDER AS NECESSIDADES DA SECRETARIA MUNICIPAL CONTRATO N° 20200416002-01
211;1;DINAMICA EMPREENDIMENTOS E SOLUCOES LTDA;NFSE;409;15/07/2020;50;PREFEITURA MUNICIPAL DE ORÓS;CR;Não;Não;Não;Não;R$ 0,00;R$ 0,00;R$ 0,00;R$ 230.490,98;R$ 230.490,98;R$ 230.490,98;1° MEDIÇÃO OBJETO: CONTRATAÇÃO DA PRESTAÇÃO DE SERVIÇOS DE AMPLIAÇÃO DO HOSPITAL E MATERNIDADE LUZIA TEODORO DA COSTA NO MUNICÍPIO DE ORÓS/CE. CONTRATO N° 201908300101
213;1;DINAMICA EMPREENDIMENTOS E SOLUCOES LTDA;NFSE;410;22/07/2020;38;INSTITUTO FEDERAL DE EDUCAÇÃO, CIÊNCIA E TECNOLOGIA DO CEARÁ;CR;Não;Não;Não;Não;R$ 0,00;R$ 0,00;R$ 0,00;R$ 4.218,71;R$ 4.218,71;R$ 4.218,71;4° MEDIÇÃO OBJETO: CONTRATAÇÃO DE SERVIÇO COMUM DE ENGENHARIA PARA MANUTENÇÃO PREVENTIVA, CORRETIVA E AJUSTES DAS SUBESTAÇÕES, QUADROS GERAIS E DEMAIS EQUIPAMENTOS ELÉTRICOS CAMPUS UBAJARA SERVIÇO EXECUÇÃO EMERGENCIAL. CONTRATO N°11/2019
215;1;DINAMICA EMPREENDIMENTOS E SOLUCOES LTDA;NFSE;426;22/07/2020;11;INSTITUTO FEDERAL DE EDUCAÇÃO, CIÊNCIA E TECNOLOGIA DO CEARÁ;CR;Não;Não;Não;Não;R$ 0,00;R$ 0,00;R$ 0,00;R$ 44.101,61;R$ 44.101,61;R$ 44.101,61;1° MEDIÇÃO OBJETO: CONTRATAÇÃO DE SERVIÇO COMUM DE ENGENHARIA PARA MANUTENÇÃO PREVENTIVA, CORRETIVA E AJUSTES DAS SUBESTAÇÕES, QUADROS GERAIS E DEMAIS EQUIPAMENTOS ELÉTRICOS CAMPUS AVANÇADO PECÉM. CONTRATO N°23/2019
214;1;DINAMICA EMPREENDIMENTOS E SOLUCOES LTDA;NFSE;411;23/07/2020;38;INSTITUTO FEDERAL DE EDUCAÇÃO, CIÊNCIA E TECNOLOGIA DO CEARÁ;CR;Não;Não;Não;Não;R$ 0,00;R$ 0,00;R$ 0,00;R$ 14.291,29;R$ 14.291,29;R$ 14.291,29;5° MEDIÇÃO OBJETO: CONTRATAÇÃO DE SERVIÇO COMUM DE ENGENHARIA PARA MANUTENÇÃO PREVENTIVA, CORRETIVA E AJUSTES DAS SUBESTAÇÕES, QUADROS GERAIS E DEMAIS EQUIPAMENTOS ELÉTRICOS CAMPUS UBAJARA. SERVIÇO EXECUÇÃO CORRETIVA. CONTRATO N° 11/2019
216;1;DINAMICA EMPREENDIMENTOS E SOLUCOES LTDA;NFSE;414;23/07/2020;45;INSTITUTO FEDERAL DE EDUCAÇÃO, CIÊNCIA E TECNOLOGIA DO CEARÁ;CR;Não;Não;Não;Não;R$ 0,00;R$ 0,00;R$ 0,00;R$ 39.658,89;R$ 39.658,89;R$ 39.658,89;7° MEDIÇÃO OBJETO: SERVIÇOS COMUNS DE ENGENHARIA INERENTES A MANUTENÇÃO PREDIAL CORRETIVA OU PREVENTIVA CAMPUS TIANGUÁ. CONTRATO N° 14/2019
217;1;DINAMICA EMPREENDIMENTOS E SOLUCOES LTDA;NFSE;415;24/07/2020;12;INSTITUTO FEDERAL DE EDUCAÇÃO, CIÊNCIA E TECNOLOGIA DO CEARÁ;CR;Não;Não;Não;Não;R$ 0,00;R$ 0,00;R$ 0,00;R$ 49.611,83;R$ 49.611,83;R$ 49.611,83;9° MEDIÇÃO OBJETO: SERVIÇOS COMUNS DE ENGENHARIA INERENTES A MANUTENÇÃO PREDIAL CORRETIVA OU PREVENTIVA CAMPUS CANINDÉ CONTRATO N° 06/2019
218;1;DINAMICA EMPREENDIMENTOS E SOLUCOES LTDA;NFSE;416;25/07/2020;44;INSTITUTO FEDERAL DE EDUCAÇAO, CIENCIA E TCNOLOGIA DO CEARA - CAMPUS ACARAU;CR;Não;Não;Não;Não;R$ 0,00;R$ 0,00;R$ 0,00;R$ 18.463,61;R$ 18.463,61;R$ 18.463,61;3° MEDIÇÃO OBJETO: SERVIÇOS COMUNS DE ENGENHARIA INERENTES A MANUTENÇÃO PREDIAL CORRETIVA OU PREVENTIVA CAMPUS ACARAÚ. CONTRATO N° 08/2019
219;1;DINAMICA EMPREENDIMENTOS E SOLUCOES LTDA;NFSE;417;25/07/2020;16;INSTITUTO FEDERAL DE EDUCAÇÃO, CIÊNCIA E TECNOLOGIA DO CEARÁ;CR;Não;Não;Não;Não;R$ 0,00;R$ 0,00;R$ 0,00;R$ 8.500,56;R$ 8.500,56;R$ 8.500,56;3° MEDIÇÃO OBJETO: CONTRATAÇÃO DE SERVIÇO COMUM DE ENGENHARIA PARA MANUTENÇÃO PREVENTIVA, CORRETIVA E AJUSTES DAS SUBESTAÇÕES, QUADROS GERAIS E DEMAIS EQUIPAMENTOS ELÉTRICOS CAMPUS ARACATI CONTRATO N°09/2019
220;1;DINAMICA EMPREENDIMENTOS E SOLUCOES LTDA;NFSE;418;25/07/2020;42;INSTITUTO FEDERAL DE EDUCAÇÃO, CIÊNCIA E TECNOLOGIA DO CEARÁ;CR;Não;Não;Não;Não;R$ 0,00;R$ 0,00;R$ 0,00;R$ 40.539,29;R$ 40.539,29;R$ 40.539,29;7° MEDIÇÃO OBJETO: SERVIÇOS COMUNS DE ENGENHARIA INERENTES A MANUTENÇÃO PREDIAL CORRETIVA OU PREVENTIVA CAMPUS CRATEÚS. CONTRATO N° 24/2019
221;1;DINAMICA EMPREENDIMENTOS E SOLUCOES LTDA;NFSE;419;25/07/2020;42;INSTITUTO FEDERAL DE EDUCAÇÃO, CIÊNCIA E TECNOLOGIA DO CEARÁ;CR;Não;Não;Não;Não;R$ 0,00;R$ 0,00;R$ 0,00;R$ 6.069,69;R$ 6.069,69;R$ 6.069,69;1° MEDIÇÃO - OBJETO: CONTRATAÇÃO DE SERVIÇO COMUM DE ENGENHARIA PARA MANUTENÇÃO PREVENTIVA, CORRETIVA E AJUSTES DAS SUBESTAÇÕES, QUADROS GERAIS E DEMAIS EQUIPAMENTOS ELÉTRICOS - CAMPUS CRATEÚS. CONTRATO N° 24/2019
222;1;DINAMICA EMPREENDIMENTOS E SOLUCOES LTDA;NFSE;420;29/07/2020;17;INSTITUTO FEDERAL DE EDUCAÇÃO, CIÊNCIA E TECNOLOGIA DO CEARÁ;CR;Não;Não;Não;Não;R$ 0,00;R$ 0,00;R$ 0,00;R$ 6.108,30;R$ 6.108,30;R$ 6.108,30;1° MEDIÇÃO OBJETO: CONTRATAÇÃO DE SERVIÇO COMUM DE ENGENHARIA PARA MANUTENÇÃO PREVENTIVA, CORRETIVA E AJUSTES DAS SUBESTAÇÕES DE ENERGIA ATÉ 69kv , QUADROS GERAIS E DEMAIS EQUIPAMENTOS ELÉTRICOS CAMPUS FORTALEZA CONTRATO N° 14/2019
223;1;DINAMICA EMPREENDIMENTOS E SOLUCOES LTDA;NFSE;422;29/07/2020;35;INSTITUTO FEDERAL DE EDUCAÇAO, CIENCIA E TECNOLOGIA DO CEARA - CAMPUS PARACURU;CR;Não;Não;Não;Não;R$ 0,00;R$ 0,00;R$ 0,00;R$ 28.363,27;R$ 28.363,27;R$ 28.363,27;2° MEDIÇÃO OBJETO: CONTRATAÇÃO DE SERVIÇO COMUM DE ENGENHARIA PARA MANUTENÇÃO PREVENTIVA, CORRETIVA E AJUSTES DAS SUBESTAÇÕES, QUADROS GERAIS E DEMAIS EQUIPAMENTOS ELÉTRICOS CAMPUS PARACURU. SERVIÇO EXECUÇÃO CORRETIVA CONTRATO N° 04/2019.
224;1;DINAMICA EMPREENDIMENTOS E SOLUCOES LTDA;NFSE;421;29/07/2020;67;INSTITUTO FEDERAL DE EDUCAÇÃO, CIÊNCIA E TECNOLOGIA DO CEARÁ - CAMPUS MARANGUAPE;CR;Não;Não;Não;Não;R$ 0,00;R$ 0,00;R$ 0,00;R$ 6.069,69;R$ 6.069,69;R$ 6.069,69;1° MEDIÇÃO OBJETO: CONTRATAÇÃO DE SERVIÇO COMUM DE ENGENHARIA PARA MANUTENÇÃO PREVENTIVA, CORRETIVA E AJUSTES DAS SUBESTAÇÕES, QUADROS GERAIS E DEMAIS EQUIPAMENTOS ELÉTRICOS CAMPUS MARANGUAPE. SERVIÇO EXECUÇÃO PREVENTIVA CONTRATO N° 53/2019
225;1;DINAMICA EMPREENDIMENTOS E SOLUCOES LTDA;NFSE;423;29/07/2020;35;INSTITUTO FEDERAL DE EDUCAÇAO, CIENCIA E TECNOLOGIA DO CEARA - CAMPUS PARACURU;CR;Não;Não;Não;Não;R$ 0,00;R$ 0,00;R$ 0,00;R$ 578,76;R$ 578,76;R$ 578,76;3° MEDIÇÃO OBJETO: CONTRATAÇÃO DE SERVIÇO COMUM DE ENGENHARIA PARA MANUTENÇÃO PREVENTIVA, CORRETIVA E AJUSTES DAS SUBESTAÇÕES, QUADROS GERAIS E DEMAIS EQUIPAMENTOS ELÉTRICOS CAMPUS PARACURU. SERVIÇO EXECUÇÃO EMERGENCIAL CONTRATO N° 04/2019
226;1;DINAMICA EMPREENDIMENTOS E SOLUCOES LTDA;NFSE;424;29/07/2020;12;INSTITUTO FEDERAL DE EDUCAÇÃO, CIÊNCIA E TECNOLOGIA DO CEARÁ;CR;Não;Não;Não;Não;R$ 0,00;R$ 0,00;R$ 0,00;R$ 4.451,32;R$ 4.451,32;R$ 4.451,32;10° MEDIÇÃO OBJETO: SERVIÇOS COMUNS DE ENGENHARIA INERENTES A MANUTENÇÃO PREDIAL CORRETIVA OU PREVENTIVA CAMPUS CANINDÉ. CONTRATO N°06/2019
236;1;DINAMICA EMPREENDIMENTOS E SOLUCOES LTDA;NFSE;427;06/08/2020;28;MUNICÍPIO DE CAUCAIA;CR;Não;Não;Não;Não;R$ 0,00;R$ 0,00;R$ 0,00;R$ 297.543,53;R$ 297.543,53;R$ 297.543,53;7° MEDIÇÃO OBJETO: CONTRATAÇÃO DE EMPRESA DE ENGENHARIA PARA EXECUÇÃO DOS SERVIÇOS DE CONCLUSÃO DE 02 (DUAS) CRECHES TIPO B: LUIZ NERYS E CONJUNTO METROPOLITANO (OBRAS REMANESCENTES), JUNTO A SECRETARIA DE EDUCAÇÃO DO MUNICÍPIO DE CAUCAIA/CE
237;1;DINAMICA EMPREENDIMENTOS E SOLUCOES LTDA;NFSE;429;07/08/2020;55;MUNICÍPIO DE MARACANAÚ;CR;Não;Não;Não;Não;R$ 0,00;R$ 0,00;R$ 0,00;R$ 414.054,24;R$ 414.054,24;R$ 414.054,24;3° MEDIÇÃO - OBJETO: CONTRATAÇÃO DE EMPRESA VISANDO A REFORMA DO FÓRUM VELHO ADEQUAÇÃO PARA SEDE DO GABINETE SITUADO NA RUA EDSON QUEIROZ, N° 155 PIRATININGA EM MARACANAÚ-CE
238;1;DINAMICA EMPREENDIMENTOS E SOLUCOES LTDA;NFSE;430;11/08/2020;28;MUNICÍPIO DE CAUCAIA;CR;Não;Não;Não;Não;R$ 0,00;R$ 0,00;R$ 0,00;R$ 51.880,23;R$ 51.880,23;R$ 51.880,23;ÚLTIMA MEDIÇÃO - OBJETO: CONTRATAÇÃO DE EMPRESA DE ENGENHARIA PARA EXECUÇÃO DOS SERVIÇOS DE CONCLUSÃO DE 01 QUADRA POLIESPORTIVA COBERTA COM PALCO DA ESCOLA PEDRO LAURINDO DE OLIVEIRA (OBRAS REMANESCENTES), JUNTO À SECRETARIA DE EDUCAÇÃO DO MUNICÍPIO DE CAUCAIA/CE. CONTRATO Nº 20190503002-01
239;1;DINAMICA EMPREENDIMENTOS E SOLUCOES LTDA;NFSE;431;11/08/2020;28;MUNICÍPIO DE CAUCAIA;CR;Não;Não;Não;Não;R$ 0,00;R$ 0,00;R$ 0,00;R$ 64.971,18;R$ 64.971,18;R$ 64.971,18;ÚLTIMA MEDIÇÃO - OBJETO: CONTRATAÇÃO DE EMPRESA DE ENGENHARIA PARA EXECUÇÃO DOS SERVIÇOS DE CONCLUSÃO DE 01 QUADRA POLIESPORTIVA COBERTA COM PALCO DA ESCOLA MARIA DE LOURDES ROCHA (OBRAS REMANESCENTES), JUNTO À SECRETARIA DE EDUCAÇÃO DO MUNICÍPIO DE CAUCAIA/CE. CONTRATO Nº 20190503002-01
242;1;DINAMICA EMPREENDIMENTOS E SOLUCOES LTDA;NFSE;433;26/08/2020;34;INSTITUTO FEDERAL DE EDUCAÇAO, CIENCIA E TECNOLOGIA DO CEARA - CAMPUS MARACANAU;CR;Não;Não;Não;Não;R$ 0,00;R$ 0,00;R$ 0,00;R$ 71.151,77;R$ 71.151,77;R$ 71.151,77;11° MEDIÇÃO OBJETO =: SERVIÇOS COMUNS DE ENGENHARIA INERENTES Á MANUTENÇÃO PREDIAL CORRETIVA OU PREVENTIVA- CAMPUS MARACANAÚ
243;1;DINAMICA EMPREENDIMENTOS E SOLUCOES LTDA;NFSE;434;27/08/2020;1;INSTITUTO FEDERAL DE EDUCAÇÃO, CIÊNCIA E TECNOLOGIA DO CEARÁ;CR;Não;Não;Não;Não;R$ 0,00;R$ 0,00;R$ 0,00;R$ 36.808,16;R$ 36.808,16;R$ 36.808,16;6° MEDIÇÃO OBJETO: SERVIÇOS COMUNS DE ENGENHARIA INERENTES A MANUTENÇÃO PREDIAL CORRETIVA OU PREVENTIVA CAMPUS MORADA NOVA
244;1;DINAMICA EMPREENDIMENTOS E SOLUCOES LTDA;NFSE;435;27/08/2020;42;INSTITUTO FEDERAL DE EDUCAÇÃO, CIÊNCIA E TECNOLOGIA DO CEARÁ;CR;Não;Não;Não;Não;R$ 0,00;R$ 0,00;R$ 0,00;R$ 16.020,79;R$ 16.020,79;R$ 16.020,79;8° MEDIÇÃO OBJETO: SERVIÇOS COMUNS DE ENGENHARIA INERENTES A MANUTENÇÃO PREDIAL CORRETIVA OU PREVENTIVA CAMPUS CRATEÚS
245;1;DINAMICA EMPREENDIMENTOS E SOLUCOES LTDA;PPC;436;27/08/2020;46;INSTITUTO FEDERAL DE EDUCAÇÃO, CIÊNCIA E TECNOLOGIA DO CEARÁ;CR;Não;Não;Não;Não;R$ 0,00;R$ 0,00;R$ 9.193,62;R$ 0,00;R$ 9.193,62;R$ 9.193,62;12° MEDIÇÃO OBJETO: SERVIÇOS COMUNS DE ENGENHARIA INERENTES A MANUTENÇÃO PREDIAL CORRETIVA OU PREVENTIVA CAMPUS SOBRAL
246;1;DINAMICA EMPREENDIMENTOS E SOLUCOES LTDA;NFSE;437;27/08/2020;44;INSTITUTO FEDERAL DE EDUCAÇAO, CIENCIA E TCNOLOGIA DO CEARA - CAMPUS ACARAU;CR;Não;Não;Não;Não;R$ 0,00;R$ 0,00;R$ 0,00;R$ 1.357,91;R$ 1.357,91;R$ 1.357,91;2° MEDIÇÃO OBJETO: CONTRATAÇÃO DE SERVIÇO COMUM DE ENGENHARIA PARA MANUTENÇÃO PREVENTIVA, CORRETIVA E AJUSTES DAS SUBESTAÇÕES, QUADROS GERAIS E DEMAIS EQUIPAMENTOS ELÉTRICOS CAMPUS ACARAÚ.
248;1;DINAMICA EMPREENDIMENTOS E SOLUCOES LTDA;NFSE;438;03/09/2020;28;MUNICÍPIO DE CAUCAIA;CR;Não;Não;Não;Não;R$ 0,00;R$ 0,00;R$ 0,00;R$ 469.756,93;R$ 469.756,93;R$ 469.756,93;1ª MEDIÇÃO - OBJETO: CONTRATAÇÃO DE EMPRESA ESPECIALIZADA PARA EXECUÇÃO DO SERVIÇO ENROCAMENTO EMERGENCIAL, CONTENÇÃO DE ENCOSTAS E DRENAGEM PLUVIAL NA LOCALIDADE DO ICARAÍ NO MUNICÍPIO DE CAUCAIA/CE PARA ATENDER AS NECESSIDADES DA SECRETÁRIA MUNICIPAL DE INFRAESTRUTURA DE CAUCAIA/CE.
250;1;DINAMICA EMPREENDIMENTOS E SOLUCOES LTDA;NFSE;440;08/09/2020;44;INSTITUTO FEDERAL DE EDUCAÇAO, CIENCIA E TCNOLOGIA DO CEARA - CAMPUS ACARAU;CR;Não;Não;Não;Não;R$ 0,00;R$ 0,00;R$ 0,00;R$ 24.274,78;R$ 24.274,78;R$ 24.274,78;4° MEDIÇÃO - OBJETO:SERVIÇOS COMUNS DE ENGENHARIA INERENTES À MANUTENÇÃO PREDIAL CORRETIVA OU PREVENTIVA -CAMPUS ACARAÚ. CONTRATO N° 08/2019.
255;1;DINAMICA EMPREENDIMENTOS E SOLUCOES LTDA;NFSE;443;14/09/2020;55;MUNICÍPIO DE MARACANAÚ;CR;Não;Não;Não;Não;R$ 0,00;R$ 0,00;R$ 0,00;R$ 510.434,65;R$ 510.434,65;R$ 510.434,65;VALOR REFERENTE AO REPASSE DA 1ª MEDIÇÃO DOS SERVIÇOS DE REFORMA DE UNIDADE DE ATENÇÃO ESPECIALIZADA EM SAÚDE DO HOSPITAL MUNICIPAL DR. JOÃO ELISIO DE HOLANDA, MUNICIPIO DE MARACANAÚ, CORRESPONDENTE AO PT 0375348-16 DA CAIXAECONÔMICA FEDERAL, CONVÊNIO N.º 768783, DO MINISTÉRIO DA SAÚDE.
256;1;DINAMICA EMPREENDIMENTOS E SOLUCOES LTDA;NFSE;444;14/09/2020;1;INSTITUTO FEDERAL DE EDUCAÇÃO, CIÊNCIA E TECNOLOGIA DO CEARÁ;CR;Não;Não;Não;Não;R$ 0,00;R$ 0,00;R$ 0,00;R$ 21.268,11;R$ 21.268,11;R$ 21.268,11;VALOR REFERENTE A CONTRAPARTIDA DA 1ª MEDIÇÃO DOS SERVIÇOS DE REFORMA DE UNIDADE DE ATENÇÃO ESPECIALIZADA EM SAÚDE DO HOSPITAL MUNICIPAL DR. JOÃO ELISIO DE HOLANDA, MUNICIPIO DE MARACANAÚ, CORRESPONDENTE AO PT 0375348-16 DA CAIXA ECONÔMICA FEDERAL, CONVÊNIO N.º 768783, DO MINISTÉRIO DA SAÚDE.
257;1;DINAMICA EMPREENDIMENTOS E SOLUCOES LTDA;NFSE;445;15/09/2020;50;PREFEITURA MUNICIPAL DE ORÓS;CR;Não;Não;Não;Não;R$ 0,00;R$ 0,00;R$ 0,00;R$ 122.387,66;R$ 122.387,66;R$ 122.387,66;1ª MEDIÇÃO ADITIVO - OBJETO: CONTRATAÇÃO DA PRESTAÇÃO DE SERVIÇOS DE AMPLIAÇÃO DO HOSPITAL E MATERNIDADE LUZIA TEODORO DA COSTA NO MUNICÍPIO DE ORÓS/CE.
251;1;DINAMICA EMPREENDIMENTOS E SOLUCOES LTDA;REC;1;16/09/2020;69;AJUSTE DE CAIXA;CR;Não;Não;Não;Não;R$ 0,00;R$ 0,00;R$ 0,00;R$ 317,00;R$ 317,00;R$ 317,00;
252;1;DINAMICA EMPREENDIMENTOS E SOLUCOES LTDA;REC;1;16/09/2020;69;AJUSTE DE CAIXA;CR;Não;Não;Não;Não;R$ 0,00;R$ 0,00;R$ 0,00;R$ 1.000,00;R$ 1.000,00;R$ 1.000,00;AJUSTE DE CAIXA
253;1;DINAMICA EMPREENDIMENTOS E SOLUCOES LTDA;REC;1;16/09/2020;69;AJUSTE DE CAIXA;CR;Não;Não;Não;Não;R$ 0,00;R$ 0,00;R$ 0,00;R$ 30.761,85;R$ 30.761,85;R$ 30.761,85;AJUSTE DE CAIXA NO SISTEMA
258;1;DINAMICA EMPREENDIMENTOS E SOLUCOES LTDA;NFSE;446;16/09/2020;47;PREFEITURA MUNICIPAL DE CAMOCIM;CR;Não;Não;Não;Não;R$ 0,00;R$ 0,00;R$ 0,00;R$ 99.696,26;R$ 99.696,26;R$ 99.696,26;1ª MEDIÇÃO - OBJETO: CONTRATAÇÃO DE EMPRESA PARA EXECUÇÃO DOS SERVIÇOS DE CONCLUSÃO DE CRECHE PROINFÂNCIA - TIPO 1 NO MUNICÍPIO DE CAMOCIM/CE.
468;1;DINAMICA EMPREENDIMENTOS E SOLUCOES LTDA;DEP;01;17/09/2020;79;CAIXA ECONOMICA FEDERAL;CR;Não;Não;Não;Não;R$ 0,00;R$ 0,00;R$ 0,00;R$ 499.000,00;R$ 499.000,00;R$ 499.000,00;EMPRESTIMO
254;1;DINAMICA EMPREENDIMENTOS E SOLUCOES LTDA;NFSE;447;18/09/2020;1;INSTITUTO FEDERAL DE EDUCAÇÃO, CIÊNCIA E TECNOLOGIA DO CEARÁ;CR;Não;Não;Não;Não;R$ 0,00;R$ 0,00;R$ 0,00;R$ 27.506,87;R$ 27.506,87;R$ 27.506,87;7ª MEDIÇÃO - OBJETO: SERVIÇOS COMUNS DE ENGENHARIA INERENTES À MANUTENÇÃO PREDIAL CORRETIVA OU PREVENTIVA - CAMPUS MORADA NOVA. CONTRATO Nº 04/2019.
259;1;DINAMICA EMPREENDIMENTOS E SOLUCOES LTDA;NFSE;448;23/09/2020;42;INSTITUTO FEDERAL DE EDUCAÇÃO, CIÊNCIA E TECNOLOGIA DO CEARÁ;CR;Não;Não;Não;Não;R$ 0,00;R$ 0,00;R$ 0,00;R$ 63.746,60;R$ 63.746,60;R$ 63.746,60;9ª MEDIÇÃO - OBJETO:SERVIÇOS COMUNS DE ENGENHARIA INERENTES À MANUNTENÇÃO PREDIAL CORRETIVA OU PREVENTIVA - CAMPUS CRATEÚS.
260;1;DINAMICA EMPREENDIMENTOS E SOLUCOES LTDA;NFSE;449;23/09/2020;44;INSTITUTO FEDERAL DE EDUCAÇAO, CIENCIA E TCNOLOGIA DO CEARA - CAMPUS ACARAU;CR;Não;Não;Não;Não;R$ 0,00;R$ 0,00;R$ 0,00;R$ 19.205,80;R$ 19.205,80;R$ 19.205,80;5ª MEDIÇÃO - OBJETO:SERVIÇOS COMUNS DE ENGENHARIA INERENTES À MANUNTENÇÃO PREDIAL CORRETIVA OU PREVENTIVA - CAMPUS ACARAÚ.
261;1;DINAMICA EMPREENDIMENTOS E SOLUCOES LTDA;NFSE;450;28/09/2020;34;INSTITUTO FEDERAL DE EDUCAÇAO, CIENCIA E TECNOLOGIA DO CEARA - CAMPUS MARACANAU;CR;Não;Não;Não;Não;R$ 0,00;R$ 0,00;R$ 0,00;R$ 99.461,69;R$ 99.461,69;R$ 99.461,69;12ª MEDIÇÃO - OBJETO: SERVIÇOS COMUNS DE ENGENHARIA INERENTES À MANUTENÇÃO PREDIAL CORRETIVA OU PREVENTIVA - CAMPUS MARACANAÚ.
262;1;DINAMICA EMPREENDIMENTOS E SOLUCOES LTDA;NFSE;451;06/10/2020;55;MUNICÍPIO DE MARACANAÚ;CR;Não;Não;Não;Não;R$ 0,00;R$ 0,00;R$ 0,00;R$ 176.296,90;R$ 176.296,90;R$ 176.296,90;VALOR REFERENTE AO REPASSE DA 2ª MEDIÇÃO DOS SERVIÇOS DE REFORMA DE UNIDADE DE ATENÇÃO ESPECIALIZADA EM SAÚDE DO HOSPITAL MUNICIPAL DR. JOÃO ELISIO DE HOLANDA, MUNICIPIO DE MARACANAÚ, CORRESPONDENTE AO PT 0375348-16 DA CAIXA ECONÔMICA FEDERAL, CONVÊNIO N.º 768783, DO MINISTÉRIO DA SAÚDE.
263;1;DINAMICA EMPREENDIMENTOS E SOLUCOES LTDA;NFSE;452;06/10/2020;55;MUNICÍPIO DE MARACANAÚ;CR;Não;Não;Não;Não;R$ 0,00;R$ 0,00;R$ 0,00;R$ 396.090,41;R$ 396.090,41;R$ 396.090,41;VALOR REFERENTE A CONTRAPARTIDA DA 2ª MEDIÇÃO DOS SERVIÇOS DE REFORMA DE UNIDADE DE ATENÇÃO ESPECIALIZADA EM SAÚDE DO HOSPITAL MUNICIPAL DR. JOÃO ELISIO DE HOLANDA, MUNICIPIO DE MARACANAÚ, CORRESPONDENTE AO PT 0375348-16 DA CAIXA ECONÔMICA FEDERAL, CONVÊNIO N.º 768783, DO MINISTÉRIO DA SAÚDE.
266;1;DINAMICA EMPREENDIMENTOS E SOLUCOES LTDA;NFSE;464;08/10/2020;21;INSTITUTO FEDERAL DE EDUCAÇÃO, CIÊNCIA E TECNOLOGIA DO CEARÁ;CR;Não;Não;Não;Não;R$ 0,00;R$ 0,00;R$ 0,00;R$ 10.320,56;R$ 10.320,56;R$ 10.320,56;"1ª MEDIÇÃO - OBJETO: CONTRATAÇÃO DE SERVIÇO COMUM DE ENGENHARIA PARA MANUTENÇÃO PREVENTIVA, CORRETIVA E AJUSTES DAS SUBESTAÇÕES, QUADROS GERAIS E DEMAIS EQUIPAMENTOS ELÉTRICOS - CAMPUS ITAPIPOCA. ""SERVIÇO EXECUÇÃO CORRETIVA"" CONTRATO Nº 09/2019."
267;1;DINAMICA EMPREENDIMENTOS E SOLUCOES LTDA;NFSE;456;08/10/2020;41;INSTITUTO FEDERAL DE EDUCAÇÃO, CIÊNCIA E TECNOLOGIA DO CEARÁ;CR;Não;Não;Não;Não;R$ 0,00;R$ 0,00;R$ 0,00;R$ 13.337,79;R$ 13.337,79;R$ 13.337,79;"2ª MEDIÇÃO - OBJETO: CONTRATAÇÃO DE SERVIÇO COMUM DE ENGENHARIA PARA MANUTENÇÃO PREVENTIVA, CORRETIVA E AJUSTES DAS SUBESTAÇÕES, QUADROS GERAIS E DEMAIS EQUIPAMENTOS ELÉTRICOS - CAMPUS JUAZEIRO DO NORTE. ""SERVIÇO EXECUÇÃO CORRETIVA"" CONTRATO Nº 15/2019."
269;1;DINAMICA EMPREENDIMENTOS E SOLUCOES LTDA;NFSE;458;08/10/2020;46;INSTITUTO FEDERAL DE EDUCAÇÃO, CIÊNCIA E TECNOLOGIA DO CEARÁ;CR;Não;Não;Não;Não;R$ 0,00;R$ 0,00;R$ 0,00;R$ 26.454,40;R$ 26.454,40;R$ 26.454,40;13ª MEDIÇÃO - OBJETO: SERVIÇOS COMUNS DE ENGENHARIA INERENTES À MANUTENÇÃO PREDIAL CORRETIVA OU PREVENTIVA - CAMPUS SOBRAL. CONTRATO Nº 05/2019. CONFORME ORDEM DE SERVIÇO 14/2020.
270;1;DINAMICA EMPREENDIMENTOS E SOLUCOES LTDA;NFSE;459;08/10/2020;11;INSTITUTO FEDERAL DE EDUCAÇÃO, CIÊNCIA E TECNOLOGIA DO CEARÁ;CR;Não;Não;Não;Não;R$ 0,00;R$ 0,00;R$ 0,00;R$ 6.776,41;R$ 6.776,41;R$ 6.776,41;2ª MEDIÇÃO - OBJETO: CONTRATAÇÃO DE SERVIÇO COMUM DE ENGENHARIA PARA MANUTENÇÃO PREVENTIVA, CORRETIVA E AJUSTES DAS SUBESTAÇÕES, QUADROS GERAIS E DEMAIS EQUIPAMENTOS ELÉTRICOS - CAMPUS AVANÇADO PECÉM. CONTRATO Nº 23/2019.
271;1;DINAMICA EMPREENDIMENTOS E SOLUCOES LTDA;NFSE;461;08/10/2020;12;INSTITUTO FEDERAL DE EDUCAÇÃO, CIÊNCIA E TECNOLOGIA DO CEARÁ;CR;Não;Não;Não;Não;R$ 0,00;R$ 0,00;R$ 0,00;R$ 21.493,65;R$ 21.493,65;R$ 21.493,65;11ª MEDIÇÃO - OBJETO: SERVIÇOS COMUNS DE ENGENHARIA INERENTES À MANUTENÇÃO PREDIAL CORRETIVA OU PREVENTIVA - CAMPUS CANINDÉ. CONTRATO Nº 06/2019.
272;1;DINAMICA EMPREENDIMENTOS E SOLUCOES LTDA;NFSE;463;13/10/2020;51;IFCE MANUTENÇAO SUBSTAÇAO - CAMPUS IGUATU;CR;Não;Não;Não;Não;R$ 0,00;R$ 0,00;R$ 0,00;R$ 9.896,95;R$ 9.896,95;R$ 9.896,95;1ª MEDIÇÃO - OBJETO: CONTRATAÇÃO DE SERVIÇO COMUM DE ENGENHARIA PARA MANUTENÇÃO PREVENTIVA, CORRETIVA E AJUSTES DAS SUBESTAÇÕES, QUADROS GERAIS E DEMAIS EQUIPAMENTOS ELÉTRICOS - CAMPUS IGUATU. CONTRATO Nº 25/2019
264;1;DINAMICA EMPREENDIMENTOS E SOLUCOES LTDA;NFSE;465;15/10/2020;21;INSTITUTO FEDERAL DE EDUCAÇÃO, CIÊNCIA E TECNOLOGIA DO CEARÁ;CR;Não;Não;Não;Não;R$ 0,00;R$ 0,00;R$ 0,00;R$ 6.147,41;R$ 6.147,41;R$ 6.147,41;"1ª MEDIÇÃO - OBJETO: CONTRATAÇÃO DE SERVIÇO COMUM DE ENGENHARIA PARA MANUTENÇÃO PREVENTIVA, CORRETIVA E AJUSTES DAS SUBESTAÇÕES, QUADROS GERAIS E DEMAIS EQUIPAMENTOS ELÉTRICOS - CAMPUS TIANGUÁ. ""SERVIÇO MANUTENÇÃO PREVENTIVA"" CONTRATO Nº 16/2019."
273;1;DINAMICA EMPREENDIMENTOS E SOLUCOES LTDA;NFSE;466;15/10/2020;45;INSTITUTO FEDERAL DE EDUCAÇÃO, CIÊNCIA E TECNOLOGIA DO CEARÁ;CR;Não;Não;Não;Não;R$ 0,00;R$ 0,00;R$ 0,00;R$ 6.147,41;R$ 6.147,41;R$ 6.147,41;"2ª MEDIÇÃO - OBJETO: CONTRATAÇÃO DE SERVIÇO COMUM DE ENGENHARIA PARA MANUTENÇÃO PREVENTIVA, CORRETIVA E AJUSTES DAS SUBESTAÇÕES, QUADROS GERAIS E DEMAIS EQUIPAMENTOS ELÉTRICOS - CAMPUS TIANGUÁ. ""SERVIÇO MANUTENÇÃO PREVENTIVA"" CONTRATO Nº 16/2019."
274;1;DINAMICA EMPREENDIMENTOS E SOLUCOES LTDA;NFSE;468;19/10/2020;42;INSTITUTO FEDERAL DE EDUCAÇÃO, CIÊNCIA E TECNOLOGIA DO CEARÁ;CR;Não;Não;Não;Não;R$ 0,00;R$ 0,00;R$ 0,00;R$ 42.143,53;R$ 42.143,53;R$ 42.143,53;11ª MEDIÇÃO - OBJETO: SERVIÇOS COMUNS DE ENGENHARIA INERENTES À MANUTENÇÃO PREDIAL CORRETIVA OU PREVENTIVA - CAMPUS CRATEÚS. (SERVIÇO EXECUTADO CAMPUS IGUATU - CE) CONTRATO Nº 24/2019.
275;1;DINAMICA EMPREENDIMENTOS E SOLUCOES LTDA;NFSE;469;19/10/2020;42;INSTITUTO FEDERAL DE EDUCAÇÃO, CIÊNCIA E TECNOLOGIA DO CEARÁ;CR;Não;Não;Não;Não;R$ 0,00;R$ 0,00;R$ 0,00;R$ 32.643,34;R$ 32.643,34;R$ 32.643,34;12ª MEDIÇÃO - OBJETO:SERVIÇOS COMUNS DE ENGENHARIA INERENTES À MANUNTENÇÃO PREDIAL CORRETIVA OU PREVENTIVA - CAMPUS CRATEÚS. CONTRATO N° 24/2019
276;1;DINAMICA EMPREENDIMENTOS E SOLUCOES LTDA;NFSE;472;19/10/2020;40;INSTITUTO FEDERAL DE EDUCAÇÃO, CIÊNCIA E TECNOLOGIA DO CEARÁ;CR;Não;Não;Não;Não;R$ 0,00;R$ 0,00;R$ 0,00;R$ 6.108,30;R$ 6.108,30;R$ 6.108,30;"1ª MEDIÇÃO - OBJETO: CONTRATAÇÃO DE SERVIÇO COMUM DE ENGENHARIA PARA MANUTENÇÃO PREVENTIVA, CORRETIVA E AJUSTES DAS SUBESTAÇÕES, QUADROS GERAIS E DEMAIS EQUIPAMENTOS ELÉTRICOS - CAMPUS CEDRO. ""SERVIÇO EXECUÇÃO PREVENTIVA"" CONTRATO Nº 14/2019."
277;1;DINAMICA EMPREENDIMENTOS E SOLUCOES LTDA;NFSE;471;22/10/2020;1;INSTITUTO FEDERAL DE EDUCAÇÃO, CIÊNCIA E TECNOLOGIA DO CEARÁ;CR;Não;Não;Não;Não;R$ 0,00;R$ 0,00;R$ 0,00;R$ 14.124,83;R$ 14.124,83;R$ 14.124,83;8ª MEDIÇÃO - OBJETO: SERVIÇOS COMUNS DE ENGENHARIA INERENTES À MANUTENÇÃO PREDIAL CORRETIVA OU PREVENTIVA - CAMPUS MORADA NOVA. CONTRATO Nº 04/2019.
278;1;DINAMICA EMPREENDIMENTOS E SOLUCOES LTDA;NFSE;473;22/10/2020;12;INSTITUTO FEDERAL DE EDUCAÇÃO, CIÊNCIA E TECNOLOGIA DO CEARÁ;CR;Não;Não;Não;Não;R$ 0,00;R$ 0,00;R$ 0,00;R$ 84.215,44;R$ 84.215,44;R$ 84.215,44;12ª MEDIÇÃO - OBJETO: SERVIÇOS COMUNS DE ENGENHARIA INERENTES À MANUTENÇÃO PREDIAL CORRETIVA OU PREVENTIVA - CAMPUS CANINDÉ. CONTRATO Nº 06/2019.
279;1;DINAMICA EMPREENDIMENTOS E SOLUCOES LTDA;NFSE;475;22/10/2020;44;INSTITUTO FEDERAL DE EDUCAÇAO, CIENCIA E TCNOLOGIA DO CEARA - CAMPUS ACARAU;CR;Não;Não;Não;Não;R$ 0,00;R$ 0,00;R$ 0,00;R$ 15.949,41;R$ 15.949,41;R$ 15.949,41;6ª MEDIÇÃO - OBJETO:SERVIÇOS COMUNS DE ENGENHARIA INERENTES À MANUNTENÇÃO PREDIAL CORRETIVA OU PREVENTIVA - CAMPUS ACARAÚ. CONTRATO N° 08/2019. CONFORME PLANILHA DE MEDIÇÃO 005/2020.
280;1;DINAMICA EMPREENDIMENTOS E SOLUCOES LTDA;NFSE;476;22/10/2020;70;PREFEITURA MUNICIPAL DE TABULEIRO DO NORTE;CR;Não;Não;Não;Não;R$ 0,00;R$ 0,00;R$ 0,00;R$ 226.499,85;R$ 226.499,85;R$ 226.499,85;1ª MEDIÇÃO - OBJETO: CONTRATAÇÃO DE OBRAS E SERVIÇOS DE ENGENHARIA PARA OS SERVIÇOS REMANESCENTES DA OBRA DA CRECHE TIPO 01 - PROINFÂNCIA - PADRÃO FNDE, DO MUNICÍPIO DE TABULEIRO DO NORTE/CE. CONTRATO N° 20200296.
281;1;DINAMICA EMPREENDIMENTOS E SOLUCOES LTDA;NFSE;477;26/10/2020;6;INSTITUTO FEDERAL DE EDUCAÇÃO, CIÊNCIA E TECNOLOGIA DO CEARÁ;CR;Não;Não;Não;Não;R$ 0,00;R$ 0,00;R$ 0,00;R$ 6.903,44;R$ 6.903,44;R$ 6.903,44;3ª MEDIÇÃO - OBJETO: CONTRATAÇÃO DE SERVIÇO COMUM DE ENGENHARIA PARA MANUTENÇÃO PREVENTIVA, CORRETIVA E AJUSTES DAS SUBESTAÇÕES, QUADROS GERAIS E DEMAIS EQUIPAMENTOS ELÉTRICOS - CAMPUS REITORIA. CONTRATO Nº 55/2019.
282;1;DINAMICA EMPREENDIMENTOS E SOLUCOES LTDA;NFSE;478;03/11/2020;55;MUNICÍPIO DE MARACANAÚ;CR;Não;Não;Não;Não;R$ 0,00;R$ 0,00;R$ 0,00;R$ 147.499,49;R$ 147.499,49;R$ 147.499,49;VALOR REFERENTE AO REPASSE DE PARTE DA 3ª MEDIÇÃO DOS SERVIÇOS DE REFORMA DE UNIDADE DE ATENÇÃO ESPECIALIZADA EM SAÚDE DO HOSPITAL MUNICIPAL DR. JOÃO ELISIO DE HOLANDA, MUNICIPIO DE MARACANAÚ, CORRESPONDENTE AO PT 0375348-16 DA CAIXA ECONÔMICA FEDERAL, CONVÊNIO N.º768783, DO MINISTÉRIO DA SAÚDE.
283;1;DINAMICA EMPREENDIMENTOS E SOLUCOES LTDA;NFSE;479;03/11/2020;55;MUNICÍPIO DE MARACANAÚ;CR;Não;Não;Não;Não;R$ 0,00;R$ 0,00;R$ 0,00;R$ 331.390,58;R$ 331.390,58;R$ 331.390,58;VALOR REFERENTE A CONTRAPARTIDA DE PARTE DA 3ª MEDIÇÃO DOS SERVIÇOS DE REFORMA DE UNIDADE DE ATENÇÃO ESPECIALIZADA EM SAÚDE DO HOSPITAL MUNICIPAL DR. JOÃO ELISIO DE HOLANDA, MUNICIPIO DE MARACANAÚ, CORRESPONDENTE AO PT 0375348-16 DA CAIXA ECONÔMICA FEDERAL, CONVÊNIO N.º 768783, DO MINISTÉRIO DA SAÚDE
284;1;DINAMICA EMPREENDIMENTOS E SOLUCOES LTDA;NFSE;480;03/11/2020;28;MUNICÍPIO DE CAUCAIA;CR;Não;Não;Não;Não;R$ 0,00;R$ 0,00;R$ 0,00;R$ 221.570,44;R$ 221.570,44;R$ 221.570,44;8ª MEDIÇÃO - OBJETO: CONTRATAÇÃO DE EMPRESA DE ENGENHARIA PARA EXECUÇÃO DOS SERVIÇOS DE CONCLUSÃO DE 02 (DUAS) CRECHES TIPO B: LUIZ NERYS E CONJUNTO METROPOLITANO (OBRAS REMANESCENTES), JUNTO À SECRETARIA DE EDUCAÇÃO DO MUNICÍPIO DE CAUCAIA/CE. OBS: 6° TERMO DE ADITIVO, REFERENTE À ACRÉSCIMO DE VALOR CONTRATO N° 20190503003-01.
285;1;DINAMICA EMPREENDIMENTOS E SOLUCOES LTDA;NFSE;481;04/11/2020;50;PREFEITURA MUNICIPAL DE ORÓS;CR;Não;Não;Não;Não;R$ 0,00;R$ 0,00;R$ 0,00;R$ 70.442,03;R$ 70.442,03;R$ 70.442,03;QUITAÇÃO DO SALDO DA 1ª MEDIÇÃO - OBJETO: CONTRATAÇÃO DA PRESTAÇÃO DE SERVIÇOS DE AMPLIAÇÃO DO HOSPITAL E MATERNIDADE LUZIA TEODORO DA COSTA NO MUNICÍPIO DE ORÓS/CE. CONTRATO Nº 2019.08.30.01-01.
268;1;DINAMICA EMPREENDIMENTOS E SOLUCOES LTDA;NFSE;457;07/11/2020;42;INSTITUTO FEDERAL DE EDUCAÇÃO, CIÊNCIA E TECNOLOGIA DO CEARÁ;CR;Não;Não;Não;Não;R$ 0,00;R$ 0,00;R$ 0,00;R$ 10.809,00;R$ 10.809,00;R$ 10.809,00;10ª MEDIÇÃO - OBJETO:SERVIÇOS COMUNS DE ENGENHARIA INERENTES À MANUNTENÇÃO PREDIAL CORRETIVA OU PREVENTIVA - CAMPUS CRATEÚS. CONTRATO N° 24/2019
286;1;DINAMICA EMPREENDIMENTOS E SOLUCOES LTDA;NFSE;482;09/11/2020;28;MUNICÍPIO DE CAUCAIA;CR;Não;Não;Não;Não;R$ 0,00;R$ 0,00;R$ 0,00;R$ 104.627,27;R$ 104.627,27;R$ 104.627,27;1ª MEDIÇÃO - OBJETO: CONTRATAÇÃO DE EMPRESA ESPECIALIZADA PARA A EXECUÇÃO DOS SERVIÇOS DE REFORMAS DOS CEMITÉRIOS PÚBLICOS NO MUNICÍPIO DE CAUCAIA/CE, CONFORME TABELA DA SEINFRA, VERSÃO 26.1, PARA ATENDER AS NECESSIDADES DA SECRETARIA MUNICIPAL DE PATRIMÔNIO, SERVIÇOS PÚBLICOS E TRANSPORTE DE CAUCAIA/CE. CONTRATO N° 20200603001.1.
287;1;DINAMICA EMPREENDIMENTOS E SOLUCOES LTDA;NFSE;484;13/11/2020;65;PREFEITURA MUNICIPAL DE SAO GONÇALO DO AMARANTE;CR;Não;Não;Não;Não;R$ 0,00;R$ 0,00;R$ 0,00;R$ 85.454,61;R$ 85.454,61;R$ 85.454,61;"1ª MEDIÇÃO - OBJETO: INSTALAÇÃO DE SUBESTAÇÃO AÉREA DE 75KVA NA EEF GOVERNADOR TASSO JEREISSATI; SUBESTAÇÃO AÉREA DE 112,00KVA NA EEF EM TEMPO INTEGRAL JOSE MARIA BARROSO E SUBESTAÇÃO AÉREA DE 112,00KVA NA EEF MARIA DO SOCORRO GOUVEIA NO MUNICÍPIO DE SÃO GONÇALO DO AMARANTE/CE. CONTRATO N° 20206231."
249;1;DINAMICA EMPREENDIMENTOS E SOLUCOES LTDA;NFSE;486;20/11/2020;55;MUNICÍPIO DE MARACANAÚ;CR;Não;Não;Não;Não;R$ 0,00;R$ 0,00;R$ 0,00;R$ 86.576,37;R$ 86.576,37;R$ 86.576,37;4ª MEDIÇÃO - OBJETO: CONTRATAÇÃO DE EMPRESA VISANDO A REFORMA DO FÓRUM VELHO - ADEQUAÇÃO PARA SEDE DO GABINETE - SITUADO NA RUA EDSON QUEIROZ, Nº 155, PIRATININGA, EM MARACANAÚ-CE. CONTRATO Nº 1010.20.02.06.02.
288;1;DINAMICA EMPREENDIMENTOS E SOLUCOES LTDA;NFSE;487;26/11/2020;34;INSTITUTO FEDERAL DE EDUCAÇAO, CIENCIA E TECNOLOGIA DO CEARA - CAMPUS MARACANAU;CR;Não;Não;Não;Não;R$ 0,00;R$ 0,00;R$ 0,00;R$ 52.668,07;R$ 52.668,07;R$ 52.668,07;13ª MEDIÇÃO - OBJETO: SERVIÇOS COMUNS DE ENGENHARIA INERENTES À MANUTENÇÃO PREDIAL CORRETIVA OU PREVENTIVA - CAMPUS MARACANAÚ. CONTRATO Nº 06/2019
289;1;DINAMICA EMPREENDIMENTOS E SOLUCOES LTDA;NFSE;488;26/11/2020;34;INSTITUTO FEDERAL DE EDUCAÇAO, CIENCIA E TECNOLOGIA DO CEARA - CAMPUS MARACANAU;CR;Não;Não;Não;Não;R$ 0,00;R$ 0,00;R$ 0,00;R$ 13.651,50;R$ 13.651,50;R$ 13.651,50;14ª MEDIÇÃO - OBJETO: SERVIÇOS COMUNS DE ENGENHARIA INERENTES À MANUTENÇÃO PREDIAL CORRETIVA OU PREVENTIVA - CAMPUS MARACANAÚ. CONTRATO Nº 06/2019
290;1;DINAMICA EMPREENDIMENTOS E SOLUCOES LTDA;NFSE;489;26/11/2020;42;INSTITUTO FEDERAL DE EDUCAÇÃO, CIÊNCIA E TECNOLOGIA DO CEARÁ;CR;Não;Não;Não;Não;R$ 0,00;R$ 0,00;R$ 0,00;R$ 20.253,69;R$ 20.253,69;R$ 20.253,69;13ª MEDIÇÃO - OBJETO: SERVIÇOS COMUNS DE ENGENHARIA INERENTES À MANUTENÇÃO PREDIAL CORRETIVA OU PREVENTIVA - CAMPUS CRATEÚS. (SERVIÇO EXECUTADO CAMPUS IGUATU - CE) CONTRATO Nº 24/2019.
291;1;DINAMICA EMPREENDIMENTOS E SOLUCOES LTDA;NFSE;491;26/11/2020;42;INSTITUTO FEDERAL DE EDUCAÇÃO, CIÊNCIA E TECNOLOGIA DO CEARÁ;CR;Não;Não;Não;Não;R$ 0,00;R$ 0,00;R$ 0,00;R$ 18.163,26;R$ 18.163,26;R$ 18.163,26;14ª MEDIÇÃO - OBJETO:SERVIÇOS COMUNS DE ENGENHARIA INERENTES À MANUNTENÇÃO PREDIAL CORRETIVA OU PREVENTIVA - CAMPUS CRATEÚS. CONTRATO N° 24/2019
292;1;DINAMICA EMPREENDIMENTOS E SOLUCOES LTDA;NFSE;492;27/11/2020;1;INSTITUTO FEDERAL DE EDUCAÇÃO, CIÊNCIA E TECNOLOGIA DO CEARÁ;CR;Não;Não;Não;Não;R$ 0,00;R$ 0,00;R$ 0,00;R$ 50.275,20;R$ 50.275,20;R$ 50.275,20;9ª MEDIÇÃO - OBJETO: SERVIÇOS COMUNS DE ENGENHARIA INERENTES À MANUTENÇÃO PREDIAL CORRETIVA OU PREVENTIVA - CAMPUS MORADA NOVA. CONTRATO Nº 04/2019.
293;1;DINAMICA EMPREENDIMENTOS E SOLUCOES LTDA;NFSE;493;27/11/2020;44;INSTITUTO FEDERAL DE EDUCAÇAO, CIENCIA E TCNOLOGIA DO CEARA - CAMPUS ACARAU;CR;Não;Não;Não;Não;R$ 0,00;R$ 0,00;R$ 0,00;R$ 63.346,77;R$ 63.346,77;R$ 63.346,77;7ª MEDIÇÃO - OBJETO:SERVIÇOS COMUNS DE ENGENHARIA INERENTES À MANUNTENÇÃO PREDIAL CORRETIVA OU PREVENTIVA - CAMPUS ACARAÚ. CONTRATO N° 08/2019. CONFORME PLANILHA DE MEDIÇÃO 007/2020.
294;1;DINAMICA EMPREENDIMENTOS E SOLUCOES LTDA;NFSE;494;27/11/2020;34;INSTITUTO FEDERAL DE EDUCAÇAO, CIENCIA E TECNOLOGIA DO CEARA - CAMPUS MARACANAU;CR;Não;Não;Não;Não;R$ 0,00;R$ 0,00;R$ 0,00;R$ 55.167,95;R$ 55.167,95;R$ 55.167,95;15ª MEDIÇÃO - OBJETO: SERVIÇOS COMUNS DE ENGENHARIA INERENTES À MANUTENÇÃO PREDIAL CORRETIVA OU PREVENTIVA - CAMPUS MARACANAÚ. CONTRATO Nº 06/2019.
295;1;DINAMICA EMPREENDIMENTOS E SOLUCOES LTDA;NFSE;496;07/12/2020;44;INSTITUTO FEDERAL DE EDUCAÇAO, CIENCIA E TCNOLOGIA DO CEARA - CAMPUS ACARAU;CR;Não;Não;Não;Não;R$ 0,00;R$ 0,00;R$ 0,00;R$ 13.503,14;R$ 13.503,14;R$ 13.503,14;8ª MEDIÇÃO - OBJETO:SERVIÇOS COMUNS DE ENGENHARIA INERENTES À MANUNTENÇÃO PREDIAL CORRETIVA OU PREVENTIVA - CAMPUS ACARAÚ. CONTRATO N° 08/2019. CONFORME ORDEM DE SERVIÇO 07/2020. (SERVIÇO REALIZADO CAMPUS REITORIA).
296;1;DINAMICA EMPREENDIMENTOS E SOLUCOES LTDA;NFE;497;14/12/2020;34;INSTITUTO FEDERAL DE EDUCAÇAO, CIENCIA E TECNOLOGIA DO CEARA - CAMPUS MARACANAU;CR;Não;Não;Não;Não;R$ 0,00;R$ 0,00;R$ 0,00;R$ 2.924,00;R$ 2.924,00;R$ 2.924,00;16ª MEDIÇÃO - OBJETO: SERVIÇOS COMUNS DE ENGENHARIA INERENTES À MANUTENÇÃO PREDIAL CORRETIVA OU PREVENTIVA - CAMPUS MARACANAÚ. CONTRATO Nº 06/2019.
297;1;DINAMICA EMPREENDIMENTOS E SOLUCOES LTDA;NFSE;500;16/12/2020;70;PREFEITURA MUNICIPAL DE TABULEIRO DO NORTE;CR;Não;Não;Não;Não;R$ 0,00;R$ 0,00;R$ 0,00;R$ 106.408,26;R$ 106.408,26;R$ 106.408,26;1ª MEDIÇÃO - OBJETO: CONTRATAÇÃO DE OBRAS E SERVIÇOS DE ENGENHARIA PARA OS SERVIÇOS DE DUPLICAÇÃO DA ENTRADA DA CIDADE, SEDE DO MUNICÍPIO DE TABULEIRO DO NORTE/CE. CONTRATO N° 20200318.
298;1;DINAMICA EMPREENDIMENTOS E SOLUCOES LTDA;NFSE;499;16/12/2020;42;INSTITUTO FEDERAL DE EDUCAÇÃO, CIÊNCIA E TECNOLOGIA DO CEARÁ;CR;Não;Não;Não;Não;R$ 0,00;R$ 0,00;R$ 0,00;R$ 27.816,73;R$ 27.816,73;R$ 27.816,73;"2ª MEDIÇÃO - OBJETO: CONTRATAÇÃO DE SERVIÇO COMUM DE ENGENHARIA PARA MANUTENÇÃO PREVENTIVA, CORRETIVA E AJUSTES DAS SUBESTAÇÕES, QUADROS GERAIS E DEMAIS EQUIPAMENTOS ELÉTRICOS - CAMPUS CRATEÚS. ""SERVIÇO EXECUÇÃO CORRETIVA"" CONTRATO Nº 12/2019."
161;1;DINAMICA EMPREENDIMENTOS E SOLUCOES LTDA;NFSE;504;18/12/2020;24;MUNICIPIO DE MORRINHOS;CR;Não;Não;Não;Não;R$ 0,00;R$ 0,00;R$ 0,00;R$ 98.407,10;R$ 98.407,10;R$ 98.407,10;2ª MEDIÇÃO - OBJETO: CONTRATAÇÃO DE EMPRESA PARA EXECUTAR OS SERVIÇOS REMANESCENTES DA REVITALIZAÇÃO DA PRAÇA DO CRUZEIRO E DA PRAÇA DO BAIRRO SÃO JOSÉ DO MUNICÍPIO DE MORRINHOS/CE.
301;1;DINAMICA EMPREENDIMENTOS E SOLUCOES LTDA;NFSE;505;18/12/2020;55;MUNICÍPIO DE MARACANAÚ;CR;Não;Não;Não;Não;R$ 0,00;R$ 0,00;R$ 0,00;R$ 150.719,96;R$ 150.719,96;R$ 150.719,96;VALOR REFERENTE AO REPASSE DE PARTE DA 4ª MEDIÇÃO DOS SERVIÇOS DE REFORMA DE UNIDADE DE ATENÇÃO ESPECIALIZADA EM SAÚDE DO HOSPITAL MUNICIPAL DR. JOÃO ELÍSIO DE HOLANDA, MUNICÍPIO DE MARACANAÚ, CORRESPONDENTE AO PT 0375348-16 DA CAIXA ECONÔMICA FEDERAL, CONVÊNIO N.º 768783, DO MINISTÉRIO DA SAÚDE.
302;1;DINAMICA EMPREENDIMENTOS E SOLUCOES LTDA;NFSE;506;18/12/2020;55;MUNICÍPIO DE MARACANAÚ;CR;Não;Não;Não;Não;R$ 0,00;R$ 0,00;R$ 0,00;R$ 338.630,55;R$ 338.630,55;R$ 338.630,55;VALOR REFERENTE A CONTRAPARTIDA DE PARTE DA 4ª MEDIÇÃO DOS SERVIÇOS DE REFORMA DE UNIDADE DE ATENÇÃO ESPECIALIZADA EM SAÚDE DO HOSPITAL MUNICIPAL DR. JOÃO ELÍSIO DE HOLANDA, MUNICÍPIO DE MARACANAÚ, CORRESPONDENTE AO PT 0375348-16 DA CAIXA ECONÔMICA FEDERAL, CONVÊNIO N.º 768783, DO MINISTÉRIO DA SAÚDE
303;1;DINAMICA EMPREENDIMENTOS E SOLUCOES LTDA;NFSE;507;18/12/2020;42;INSTITUTO FEDERAL DE EDUCAÇÃO, CIÊNCIA E TECNOLOGIA DO CEARÁ;CR;Não;Não;Não;Não;R$ 0,00;R$ 0,00;R$ 0,00;R$ 24.068,25;R$ 24.068,25;R$ 24.068,25;15ª MEDIÇÃO - OBJETO:SERVIÇOS COMUNS DE ENGENHARIA INERENTES À MANUNTENÇÃO PREDIAL CORRETIVA OU PREVENTIVA - CAMPUS CRATEÚS. CONTRATO N° 24/2019
304;1;DINAMICA EMPREENDIMENTOS E SOLUCOES LTDA;NFSE;511;18/12/2020;1;INSTITUTO FEDERAL DE EDUCAÇÃO, CIÊNCIA E TECNOLOGIA DO CEARÁ;CR;Não;Não;Não;Não;R$ 0,00;R$ 0,00;R$ 0,00;R$ 18.078,28;R$ 18.078,28;R$ 18.078,28;10ª MEDIÇÃO - OBJETO: SERVIÇOS COMUNS DE ENGENHARIA INERENTES À MANUTENÇÃO PREDIAL CORRETIVA OU PREVENTIVA - CAMPUS MORADA NOVA. CONTRATO Nº 04/2019. OBS: NOTA FISCAL REFERE-SE A O TÉRMINO DE EXECUÇÃO DO SERVIÇO DO FIM DO CONTRATO ENCERRADO EM 04/12/2020.
305;1;DINAMICA EMPREENDIMENTOS E SOLUCOES LTDA;NFSE;509;19/12/2020;44;INSTITUTO FEDERAL DE EDUCAÇAO, CIENCIA E TCNOLOGIA DO CEARA - CAMPUS ACARAU;CR;Não;Não;Não;Não;R$ 0,00;R$ 0,00;R$ 0,00;R$ 27.559,75;R$ 27.559,75;R$ 27.559,75;9ª MEDIÇÃO - OBJETO:SERVIÇOS COMUNS DE ENGENHARIA INERENTES À MANUTENÇÃO PREDIAL CORRETIVA OU PREVENTIVA - CAMPUS ACARAÚ. CONTRATO N° 08/2019. CONFORME PLANILHA DE MEDIÇÃO 009/2020.
307;1;DINAMICA EMPREENDIMENTOS E SOLUCOES LTDA;NFSE;512;21/12/2020;42;INSTITUTO FEDERAL DE EDUCAÇÃO, CIÊNCIA E TECNOLOGIA DO CEARÁ;CR;Não;Não;Não;Não;R$ 0,00;R$ 0,00;R$ 0,00;R$ 82.230,08;R$ 82.230,08;R$ 82.230,08;16ª MEDIÇÃO - OBJETO: SERVIÇOS COMUNS DE ENGENHARIA INERENTES À MANUTENÇÃO PREDIAL CORRETIVA OU PREVENTIVA - CAMPUS CRATEÚS. (SERVIÇO EXECUTADO CAMPUS IGUATU - CE) CONTRATO Nº 24/2019.
299;1;DINAMICA EMPREENDIMENTOS E SOLUCOES LTDA;PPC;515;23/12/2020;28;MUNICÍPIO DE CAUCAIA;CR;Não;Não;Não;Não;R$ 0,00;R$ 0,00;R$ 84.723,93;R$ 0,00;R$ 84.723,93;R$ 84.723,93;2ª MEDIÇÃO - OBJETO: CONTRATAÇÃO DE EMPRESA ESPECIALIZADA PARA A EXECUÇÃO DOS SERVIÇOS DE REFORMAS DOS CEMITÉRIOS PÚBLICOS NO MUNICÍPIO DE CAUCAIA/CE, CONFORME TABELA DA SEINFRA, VERSÃO 26.1, PARA ATENDER AS NECESSIDADES DA SECRETARIA MUNICIPAL DE PATRIMÔNIO, SERVIÇOS PÚBLICOS E TRANSPORTE DE CAUCAIA/CE. CONTRATO N° 20200603001.1.TOMADA DE PREÇOS N° 2020.06.03.001 - PROCESSO 2020.06.03.001.
308;1;DINAMICA EMPREENDIMENTOS E SOLUCOES LTDA;NFSE;514;23/12/2020;46;INSTITUTO FEDERAL DE EDUCAÇÃO, CIÊNCIA E TECNOLOGIA DO CEARÁ;CR;Não;Não;Não;Não;R$ 0,00;R$ 0,00;R$ 0,00;R$ 60.179,26;R$ 60.179,26;R$ 60.179,26;"2ª MEDIÇÃO - OBJETO: CONTRATAÇÃO DE SERVIÇO COMUM DE ENGENHARIA PARA MANUTENÇÃO PREVENTIVA, CORRETIVA E AJUSTES DAS SUBESTAÇÕES, QUADROS GERAIS E DEMAIS EQUIPAMENTOS ELÉTRICOS - CAMPUS SOBRAL. ""SERVIÇO EXECUÇÃO CORRETIVA"" CONTRATO Nº 18/2019."
309;1;DINAMICA EMPREENDIMENTOS E SOLUCOES LTDA;NFSE;516;23/12/2020;17;INSTITUTO FEDERAL DE EDUCAÇÃO, CIÊNCIA E TECNOLOGIA DO CEARÁ;CR;Não;Não;Não;Não;R$ 0,00;R$ 0,00;R$ 0,00;R$ 18.803,87;R$ 18.803,87;R$ 18.803,87;12ª MEDIÇÃO - OBJETO: SERVIÇOS COMUNS DE ENGENHARIA INERENTES À MANUTENÇÃO PREDIAL CORRETIVA OU PREVENTIVA (CIVIL) - CAMPUS FORTALEZA. CONTRATO Nº 061/2017.
310;1;DINAMICA EMPREENDIMENTOS E SOLUCOES LTDA;NFSE;517;23/12/2020;50;PREFEITURA MUNICIPAL DE ORÓS;CR;Não;Não;Não;Não;R$ 0,00;R$ 0,00;R$ 0,00;R$ 435.928,95;R$ 435.928,95;R$ 435.928,95;REFERE-SE A 2ª MEDIÇÃO (R$ 205.989,42), 3ª MEDIÇÃO (R$ 153.813,83) E 4ª MEDIÇÃO (R$ 76.125,70) - OBJETO: CONTRATAÇÃO DA PRESTAÇÃO DE SERVIÇOS DE AMPLIAÇÃO DO HOSPITAL E MATERNIDADE LUZIA TEODORO DA COSTA NO MUNICÍPIO DE ORÓS/CE. CONTRATO Nº 2019.08.30.01-01.
311;1;DINAMICA EMPREENDIMENTOS E SOLUCOES LTDA;NFSE;518;29/12/2020;46;INSTITUTO FEDERAL DE EDUCAÇÃO, CIÊNCIA E TECNOLOGIA DO CEARÁ;CR;Não;Não;Não;Não;R$ 0,00;R$ 0,00;R$ 0,00;R$ 33.178,07;R$ 33.178,07;R$ 33.178,07;14ª MEDIÇÃO - OBJETO: SERVIÇOS COMUNS DE ENGENHARIA INERENTES À MANUTENÇÃO PREDIAL CORRETIVA OU PREVENTIVA - CAMPUS SOBRAL. CONTRATO Nº 05/2019. CONFORME ORDEM DE SERVIÇO 14/2020.
312;1;DINAMICA EMPREENDIMENTOS E SOLUCOES LTDA;NFSE;519;06/01/2021;44;INSTITUTO FEDERAL DE EDUCAÇAO, CIENCIA E TCNOLOGIA DO CEARA - CAMPUS ACARAU;CR;Não;Não;Não;Não;R$ 0,00;R$ 0,00;R$ 0,00;R$ 1.807,59;R$ 1.807,59;R$ 1.807,59;"3ª MEDIÇÃO - OBJETO: CONTRATAÇÃO DE SERVIÇO COMUM DE ENGENHARIA PARA MANUTENÇÃO PREVENTIVA, CORRETIVA E AJUSTES DAS SUBESTAÇÕES, QUADROS GERAIS E DEMAIS EQUIPAMENTOS ELÉTRICOS - CAMPUS ACARAÚ. ""SERVIÇO EXECUÇÃO EMERGENCIAL"" CONTRATO Nº 07/2019."
313;1;DINAMICA EMPREENDIMENTOS E SOLUCOES LTDA;NFSE;520;26/01/2021;35;INSTITUTO FEDERAL DE EDUCAÇAO, CIENCIA E TECNOLOGIA DO CEARA - CAMPUS PARACURU;CR;Não;Não;Não;Não;R$ 0,00;R$ 0,00;R$ 0,00;R$ 2.604,42;R$ 2.604,42;R$ 2.604,42;"4ª MEDIÇÃO - OBJETO: CONTRATAÇÃO DE SERVIÇO COMUM DE ENGENHARIA PARA MANUTENÇÃO PREVENTIVA, CORRETIVA E AJUSTES DAS SUBESTAÇÕES, QUADROS GERAIS E DEMAIS EQUIPAMENTOS ELÉTRICOS - CAMPUS PARACURU. ""SERVIÇO CORRETIVA EMERGENCIAL"" CONTRATO Nº 04/2019."
314;1;DINAMICA EMPREENDIMENTOS E SOLUCOES LTDA;NFSE;521;26/01/2021;55;MUNICÍPIO DE MARACANAÚ;CR;Não;Não;Não;Não;R$ 0,00;R$ 0,00;R$ 0,00;R$ 500.766,90;R$ 500.766,90;R$ 500.766,90;VALOR REFERENTE AO REPASSE DA 5ª MEDIÇÃO E DA PARTE FINAL DA 3ª MEDIÇÃO DOS SERVIÇOS DE REFORMA DE UNIDADE DE ATENÇÃO ESPECIALIZADA EM SAÚDE DO HOSPITAL MUNICIPAL DR. JOÃO ELÍSIO DE HOLANDA, MUNICÍPIO DE MARACANAÚ, CORRESPONDENTE AO PT 0375348-16 DA CAIXA ECONÔMICA FEDERAL, CONVÊNIO N.º 768783, DO MINISTÉRIO DA SAÚDE.
315;1;DINAMICA EMPREENDIMENTOS E SOLUCOES LTDA;NFSE;522;26/01/2021;55;MUNICÍPIO DE MARACANAÚ;CR;Não;Não;Não;Não;R$ 0,00;R$ 0,00;R$ 0,00;R$ 400.410,54;R$ 400.410,54;R$ 400.410,54;VALOR REFERENTE A CONTRAPARTIDA DA 5ª MEDIÇÃO E DA PARTE FINAL DA 3ª MEDIÇÃO DOS SERVIÇOS DE REFORMA DE UNIDADE DE ATENÇÃO ESPECIALIZADA EM SAÚDE DO HOSPITAL MUNICIPAL DR. JOÃO ELÍSIO DE HOLANDA, MUNICÍPIO DE MARACANAÚ, CORRESPONDENTE AO PT 0375348-16 DA CAIXA ECONÔMICA FEDERAL, CONVÊNIO N.º 768783, DO MINISTÉRIO DA SAÚDE.
316;1;DINAMICA EMPREENDIMENTOS E SOLUCOES LTDA;NFSE;523;17/02/2021;17;INSTITUTO FEDERAL DE EDUCAÇÃO, CIÊNCIA E TECNOLOGIA DO CEARÁ;CR;Não;Não;Não;Não;R$ 0,00;R$ 0,00;R$ 0,00;R$ 26.780,53;R$ 26.780,53;R$ 26.780,53;"2ª MEDIÇÃO - OBJETO: CONTRATAÇÃO DE SERVIÇO COMUM DE ENGENHARIA PARA MANUTENÇÃO DE SUBESTAÇÕES DE ENERGIA ELÉTRICA ATÉ 69k - MANUTENÇÃO SUBESTAÇÃO, QUADROS E EQUIPAMENTOS ELÉTRICOS - CAMPUS FORTALEZA. ""SERVIÇO EXECUÇÃO CORRETIVA"" CONTRATO Nº 14/2019."
317;1;DINAMICA EMPREENDIMENTOS E SOLUCOES LTDA;NFSE;524;23/02/2021;29;MUNICÍPIO DE ITAITINGA;CR;Não;Não;Não;Não;R$ 0,00;R$ 0,00;R$ 0,00;R$ 65.613,28;R$ 65.613,28;R$ 65.613,28;REFERENTE A 1° MEDIÇÃO DA PAVIMENTAÇÃO EM PEDRA TOSCA E CONSTRUÇÃO DE PASSEIO EM DIVERSAS RUAS DO BAIRRO GERERAÚ MUNICÍPIO DE ITAITINGA/CE, CONFORME PT 1054163-56, EMPENHO N° 04.01.0096 E CONTRATO N° 2509.02/2019/TP.
318;1;DINAMICA EMPREENDIMENTOS E SOLUCOES LTDA;NFSE;525;24/02/2021;17;INSTITUTO FEDERAL DE EDUCAÇÃO, CIÊNCIA E TECNOLOGIA DO CEARÁ;CR;Não;Não;Não;Não;R$ 0,00;R$ 0,00;R$ 0,00;R$ 44.128,65;R$ 44.128,65;R$ 44.128,65;3ª MEDIÇÃO - OBJETO: CONTRATAÇÃO DE SERVIÇO COMUM DE ENGENHARIA PARA MANUTENÇÃO DE SUBESTAÇÕES DE ENERGIA ELÉTRICA ATÉ 69k - MANUTENÇÃO SUBESTAÇÃO, QUADROS E EQUIPAMENTOS ELÉTRICOS - CAMPUS REITORIA. CONTRATO Nº 14/2019.
319;1;DINAMICA EMPREENDIMENTOS E SOLUCOES LTDA;NFSE;526;24/02/2021;17;INSTITUTO FEDERAL DE EDUCAÇÃO, CIÊNCIA E TECNOLOGIA DO CEARÁ;CR;Não;Não;Não;Não;R$ 0,00;R$ 0,00;R$ 0,00;R$ 71.060,49;R$ 71.060,49;R$ 71.060,49;4ª MEDIÇÃO - OBJETO: CONTRATAÇÃO DE SERVIÇO COMUM DE ENGENHARIA PARA MANUTENÇÃO DE SUBESTAÇÕES DE ENERGIA ELÉTRICA ATÉ 69k - MANUTENÇÃO SUBESTAÇÃO, QUADROS E EQUIPAMENTOS ELÉTRICOS - SERVIÇOS CAMPUS PECÉM. CONTRATO Nº 14/2019
320;1;DINAMICA EMPREENDIMENTOS E SOLUCOES LTDA;NFSE;527;24/02/2021;17;INSTITUTO FEDERAL DE EDUCAÇÃO, CIÊNCIA E TECNOLOGIA DO CEARÁ;CR;Não;Não;Não;Não;R$ 0,00;R$ 0,00;R$ 0,00;R$ 17.113,78;R$ 17.113,78;R$ 17.113,78;5ª MEDIÇÃO - OBJETO: CONTRATAÇÃO DE SERVIÇO COMUM DE ENGENHARIA PARA MANUTENÇÃO DE SUBESTAÇÕES DE ENERGIA ELÉTRICA ATÉ 69k - MANUTENÇÃO SUBESTAÇÃO, QUADROS E EQUIPAMENTOS ELÉTRICOS - SERVIÇOS CAMPUS POLO DE INOVAÇÃO. CONTRATO Nº 14/2019.
321;1;DINAMICA EMPREENDIMENTOS E SOLUCOES LTDA;NFSE;528;01/03/2021;70;PREFEITURA MUNICIPAL DE TABULEIRO DO NORTE;CR;Não;Não;Não;Não;R$ 0,00;R$ 0,00;R$ 0,00;R$ 94.534,02;R$ 94.534,02;R$ 94.534,02;1ª MEDIÇÃO - OBJETO: CONTRATAÇÃO DE OBRAS E SERVIÇOS DE ENGENHARIA PARA CONSTRUÇÃO DE QUADRAS POLIESPORTIVAS NO MUNICÍPIO DE TABULEIRO DO NORTE/CE. CONTRATO N° 20200342.
322;1;DINAMICA EMPREENDIMENTOS E SOLUCOES LTDA;NFSE;529;01/03/2021;70;PREFEITURA MUNICIPAL DE TABULEIRO DO NORTE;CR;Não;Não;Não;Não;R$ 0,00;R$ 0,00;R$ 0,00;R$ 65.161,40;R$ 65.161,40;R$ 65.161,40;2ª MEDIÇÃO - OBJETO: CONTRATAÇÃO DE OBRAS E SERVIÇOS DE ENGENHARIA PARA OS SERVIÇOS REMANESCENTES DA OBRA DA CRECHE TIPO 01 - PROINFÂNCIA - PADRÃO FNDE, DO MUNICÍPIO DE TABULEIRO DO NORTE/CE. CONTRATO N° 20200296.
323;1;DINAMICA EMPREENDIMENTOS E SOLUCOES LTDA;NFSE;530;08/03/2021;50;PREFEITURA MUNICIPAL DE ORÓS;CR;Não;Não;Não;Não;R$ 0,00;R$ 0,00;R$ 0,00;R$ 30.000,00;R$ 30.000,00;R$ 30.000,00;1ª MEDIÇÃO SEGUNDO ADITIVO - OBJETO: CONTRATAÇÃO DA PRESTAÇÃO DE SERVIÇOS DE AMPLIAÇÃO DO HOSPITAL E MATERNIDADE LUZIA TEODORO DA COSTA NO MUNICÍPIO DE ORÓS/CE. CONTRATO Nº 2019.08.30.01-01.
324;1;DINAMICA EMPREENDIMENTOS E SOLUCOES LTDA;NFSE;531;18/03/2021;55;MUNICÍPIO DE MARACANAÚ;CR;Não;Não;Não;Não;R$ 0,00;R$ 0,00;R$ 0,00;R$ 269.405,31;R$ 269.405,31;R$ 269.405,31;VALOR REFERENTE AO REPASSE DA 6ª MEDIÇÃO DOS SERVIÇOS DE REFORMA DE UNIDADE DE ATENÇÃO ESPECIALIZADA EM SAÚDE DO HOSPITAL MUNICIPAL DR. JOÃO ELÍSIO DE HOLANDA, MUNICÍPIO DE MARACANAÚ, CORRESPONDENTE AO PT 0375348-16 DA CAIXA ECONÔMICA FEDERAL, CONVÊNIO N.º 768783, DO MINISTÉRIO DA SAÚDE.
325;1;DINAMICA EMPREENDIMENTOS E SOLUCOES LTDA;NFSE;532;18/03/2021;55;MUNICÍPIO DE MARACANAÚ;CR;Não;Não;Não;Não;R$ 0,00;R$ 0,00;R$ 0,00;R$ 163.730,06;R$ 163.730,06;R$ 163.730,06;VALOR REFERENTE A CONTRAPARTIDA DA 6ª MEDIÇÃO DOS SERVIÇOS DE REFORMA DE UNIDADE DE ATENÇÃO ESPECIALIZADA EM SAÚDE DO HOSPITAL MUNICIPAL DR. JOÃO ELÍSIO DE HOLANDA, MUNICÍPIO DE MARACANAÚ, CORRESPONDENTE AO PT 0375348-16 DA CAIXA ECONÔMICA FEDERAL, CONVÊNIO N.º 768783, DO MINISTÉRIO DA SAÚDE.
326;1;DINAMICA EMPREENDIMENTOS E SOLUCOES LTDA;NFSE;533;22/03/2021;70;PREFEITURA MUNICIPAL DE TABULEIRO DO NORTE;CR;Não;Não;Não;Não;R$ 0,00;R$ 0,00;R$ 0,00;R$ 37.794,06;R$ 37.794,06;R$ 37.794,06;3ª MEDIÇÃO - OBJETO: CONTRATAÇÃO DE OBRAS E SERVIÇOS DE ENGENHARIA PARA OS SERVIÇOS REMANESCENTES DA OBRA DA CRECHE TIPO 01-PROINFÂNCIA - PADRÃO FNDE, DO MUNICÍPIO DE TABULEIRO DO NORTE/CE. CONTRATO N° 20200296.
327;1;DINAMICA EMPREENDIMENTOS E SOLUCOES LTDA;NFSE;534;22/03/2021;70;PREFEITURA MUNICIPAL DE TABULEIRO DO NORTE;CR;Não;Não;Não;Não;R$ 0,00;R$ 0,00;R$ 0,00;R$ 174.925,67;R$ 174.925,67;R$ 174.925,67;2ª MEDIÇÃO - OBJETO: CONTRATAÇÃO DE OBRAS E SERVIÇOS DE ENGENHARIA PARA CONSTRUÇÃO DE QUADRAS POLIESPORTIVAS NO MUNICÍPIO DE TABULEIRO DO NORTE/CE. CONTRATO N° 20200342.
340;1;DINAMICA EMPREENDIMENTOS E SOLUCOES LTDA;NFSE;535;29/03/2021;67;INSTITUTO FEDERAL DE EDUCAÇÃO, CIÊNCIA E TECNOLOGIA DO CEARÁ - CAMPUS MARANGUAPE;CR;Não;Não;Não;Não;R$ 0,00;R$ 0,00;R$ 0,00;R$ 25.291,76;R$ 25.291,76;R$ 25.291,76;3ª MEDIÇÃO - OBJETO: SERVIÇOS COMUNS DE ENGENHARIA INERENTES À MANUTENÇÃO PREDIAL CORRETIVA OU PREVENTIVA - CAMPUS MARANGUAPE. CONTRATO Nº 05/2019.
353;1;DINAMICA EMPREENDIMENTOS E SOLUCOES LTDA;NFSE;536;06/04/2021;50;PREFEITURA MUNICIPAL DE ORÓS;CR;Não;Não;Não;Não;R$ 0,00;R$ 0,00;R$ 0,00;R$ 30.000,00;R$ 30.000,00;R$ 30.000,00;1ª MEDIÇÃO SEGUNDO ADITIVO - OBJETO: CONTRATAÇÃO DA PRESTAÇÃO DE SERVIÇOS DE AMPLIAÇÃO DO HOSPITAL E MATERNIDADE LUZIA TEODORO DA COSTA NO MUNICÍPIO DE ORÓS/CE. CONTRATO Nº 2019.08.30.01-01.
354;1;DINAMICA EMPREENDIMENTOS E SOLUCOES LTDA;NFSE;537;14/04/2021;12;INSTITUTO FEDERAL DE EDUCAÇÃO, CIÊNCIA E TECNOLOGIA DO CEARÁ;CR;Não;Não;Não;Não;R$ 0,00;R$ 0,00;R$ 0,00;R$ 43.561,10;R$ 43.561,10;R$ 43.561,10;13ª MEDIÇÃO - OBJETO: SERVIÇOS COMUNS DE ENGENHARIA INERENTES À MANUTENÇÃO PREDIAL CORRETIVA OU PREVENTIVA - CAMPUS CANINDÉ. CONTRATO Nº 06/2019.
330;1;DINAMICA EMPREENDIMENTOS E SOLUCOES LTDA;NFSE;540;16/04/2021;34;INSTITUTO FEDERAL DE EDUCAÇAO, CIENCIA E TECNOLOGIA DO CEARA - CAMPUS MARACANAU;CR;Não;Não;Não;Não;R$ 0,00;R$ 0,00;R$ 0,00;R$ 6.069,69;R$ 6.069,69;R$ 6.069,69;"3ª MEDIÇÃO - OBJETO: CONTRATAÇÃO DE SERVIÇO COMUM DE ENGENHARIA PARA MANUTENÇÃO PREVENTIVA, CORRETIVA E AJUSTES DAS SUBESTAÇÕES, QUADROS GERAIS E DEMAIS EQUIPAMENTOS ELÉTRICOS - CAMPUS MARACANAÚ. ""SERVIÇO PREVENTIVO"" CONTRATO Nº 04/2019."
355;1;DINAMICA EMPREENDIMENTOS E SOLUCOES LTDA;NFSE;538;16/04/2021;70;PREFEITURA MUNICIPAL DE TABULEIRO DO NORTE;CR;Não;Não;Não;Não;R$ 0,00;R$ 0,00;R$ 0,00;R$ 81.726,32;R$ 81.726,32;R$ 81.726,32;3ª MEDIÇÃO - OBJETO: CONTRATAÇÃO DE OBRAS E SERVIÇOS DE ENGENHARIA PARA CONSTRUÇÃO DE QUADRAS POLIESPORTIVAS NO MUNICÍPIO DE TABULEIRO DO NORTE/CE. CONTRATO N° 20200342.
357;1;DINAMICA EMPREENDIMENTOS E SOLUCOES LTDA;NFSE;541;16/04/2021;48;INSTITUTO FEDERAL DE EDUCAÇÃO, CIÊNCIA E TECNOLOGIA DO CEARÁ CAMPUS BATURITÉ;CR;Não;Não;Não;Não;R$ 0,00;R$ 0,00;R$ 0,00;R$ 8.312,07;R$ 8.312,07;R$ 8.312,07;"2ª MEDIÇÃO - OBJETO: CONTRATAÇÃO DE SERVIÇO COMUM DE ENGENHARIA PARA MANUTENÇÃO PREVENTIVA, CORRETIVA E AJUSTES DAS SUBESTAÇÕES, QUADROS GERAIS E DEMAIS EQUIPAMENTOS ELÉTRICOS - CAMPUS BATURITÉ. ""SERVIÇO EXECUÇÃO PREVENTIVA E CORRETIVA"""
358;1;DINAMICA EMPREENDIMENTOS E SOLUCOES LTDA;NFSE;544;20/04/2021;70;PREFEITURA MUNICIPAL DE TABULEIRO DO NORTE;CR;Não;Não;Não;Não;R$ 0,00;R$ 0,00;R$ 0,00;R$ 150.605,30;R$ 150.605,30;R$ 150.605,30;1ª MEDIÇÃO ADITIVO - OBJETO: CONTRATAÇÃO DE OBRAS E SERVIÇOS DE ENGENHARIA PARA OS SERVIÇOS DE DUPLICAÇÃO DA ENTRADA DA CIDADE, SEDE DO MUNICÍPIO DE TABULEIRO DO NORTE/CE. CONTRATO N° 20200318. MAPP: 4263 CONVÊNIO Nº 065 / CIDADES / 2020.
359;1;DINAMICA EMPREENDIMENTOS E SOLUCOES LTDA;NFSE;545;22/04/2021;70;PREFEITURA MUNICIPAL DE TABULEIRO DO NORTE;CR;Não;Não;Não;Não;R$ 0,00;R$ 0,00;R$ 0,00;R$ 34.103,12;R$ 34.103,12;R$ 34.103,12;4ª MEDIÇÃO - OBJETO: CONTRATAÇÃO DE OBRAS E SERVIÇOS DE ENGENHARIA PARA OS SERVIÇOS REMANESCENTES DA OBRA DA CRECHE TIPO 01-PROINFÂNCIA - PADRÃO FNDE, DO MUNICÍPIO DE TABULEIRO DO NORTE/CE. CONTRATO N° 20200296.
360;1;DINAMICA EMPREENDIMENTOS E SOLUCOES LTDA;NFSE;546;22/04/2021;36;INSTITUTO FEDERAL DE EDUCAÇÃO, CIÊNCIA E TECNOLOGIA DO CEARÁ;CR;Não;Não;Não;Não;R$ 0,00;R$ 0,00;R$ 0,00;R$ 8.505,12;R$ 8.505,12;R$ 8.505,12;3ª MEDIÇÃO - OBJETO: CONTRATAÇÃO DE SERVIÇO COMUM DE ENGENHARIA PARA MANUTENÇÃO PREVENTIVA, CORRETIVA E AJUSTES DAS SUBESTAÇÕES, QUADROS GERAIS E DEMAIS EQUIPAMENTOS ELÉTRICOS - CAMPUS CAMOCIM.CONTRATO Nº 12/2019.
347;1;DINAMICA EMPREENDIMENTOS E SOLUCOES LTDA;NFSE;623;04/05/2021;24;MUNICIPIO DE MORRINHOS;CR;Não;Não;Não;Não;R$ 0,00;R$ 0,00;R$ 0,00;R$ 58.014,51;R$ 58.014,51;R$ 58.014,51;PAVIMENTAÇÃO EM PEDRA TOSCA NA VIA DE ACESSO A LOCALIDADE DE ESPINHO DOS LOPES.
361;1;DINAMICA EMPREENDIMENTOS E SOLUCOES LTDA;NFSE;547;04/05/2021;50;PREFEITURA MUNICIPAL DE ORÓS;CR;Não;Não;Não;Não;R$ 0,00;R$ 0,00;R$ 0,00;R$ 30.000,00;R$ 30.000,00;R$ 30.000,00;1ª MEDIÇÃO SEGUNDO ADITIVO - OBJETO: CONTRATAÇÃO DA PRESTAÇÃO DE SERVIÇOS DE AMPLIAÇÃO DO HOSPITAL E MATERNIDADE LUZIA TEODORO DA COSTA NO MUNICÍPIO DE ORÓS/CE. CONTRATO Nº 2019.08.30.01-01.
362;1;DINAMICA EMPREENDIMENTOS E SOLUCOES LTDA;NFSE;548;05/05/2021;70;PREFEITURA MUNICIPAL DE TABULEIRO DO NORTE;CR;Não;Não;Não;Não;R$ 0,00;R$ 0,00;R$ 0,00;R$ 67.288,19;R$ 67.288,19;R$ 67.288,19;1ª MEDIÇÃO DE ADITIVO - OBJETO: CONTRATAÇÃO DE OBRAS E SERVIÇOS DE ENGENHARIA PARA CONSTRUÇÃO DE QUADRAS POLIESPORTIVAS NO MUNICÍPIO DE TABULEIRO DO NORTE/CE. CONTRATO N° 20200342.
370;1;DINAMICA EMPREENDIMENTOS E SOLUCOES LTDA;NFSE;549;14/05/2021;55;MUNICÍPIO DE MARACANAÚ;CR;Não;Não;Não;Não;R$ 0,00;R$ 0,00;R$ 0,00;R$ 241.343,55;R$ 241.343,55;R$ 241.343,55;VALOR REFERENTE AO REPASSE DE PARTE DA 7ª MEDIÇÃO DOS SERVIÇOS DE REFORMA DE UNIDADE DE ATENÇÃO ESPECIALIZADA EM SAÚDE DO HOSPITAL MUNICIPAL DR. JOÃO ELÍSIO DE HOLANDA, MUNICÍPIO DE MARACANAÚ, CORRESPONDENTE AO PT 0375348-16 DA CAIXA ECONÔMICA FEDERAL, CONVÊNIO N.º 768783, DO MINISTÉRIO DA SAÚDE.
371;1;DINAMICA EMPREENDIMENTOS E SOLUCOES LTDA;NFSE;550;14/05/2021;55;MUNICÍPIO DE MARACANAÚ;CR;Não;Não;Não;Não;R$ 0,00;R$ 0,00;R$ 0,00;R$ 146.675,64;R$ 146.675,64;R$ 146.675,64;VALOR REFERENTE A CONTRAPARTIDA DE PARTE 7ª MEDIÇÃO DOS SERVIÇOS DE REFORMA DE UNIDADE DE ATENÇÃO ESPECIALIZADA EM SAÚDE DO HOSPITAL MUNICIPAL DR. JOÃO ELÍSIO DE HOLANDA, MUNICÍPIO DE MARACANAÚ, CORRESPONDENTE AO PT 0375348-16 DA CAIXA ECONÔMICA FEDERAL, CONVÊNIO N.º 768783, DO MINISTÉRIO DA SAÚDE.
372;1;DINAMICA EMPREENDIMENTOS E SOLUCOES LTDA;NFSE;551;20/05/2021;73;MUNICÍPIO DE GRANJEIRO;CR;Não;Não;Não;Não;R$ 0,00;R$ 0,00;R$ 0,00;R$ 80.545,31;R$ 80.545,31;R$ 80.545,31;1ª MEDIÇÃO - OBJETO: CONTRATAÇÃO DE SERVIÇOS DE ENGENHARIA PARA EXECUÇÃO DAS OBRAS DE REFORMA DA PRAÇA DA MATRIZ DE GRANJEIRO, CONFORME CONVENIO Nº 050/CIDADES/2019 FIRMADO COM O GOVERNO DO ESTADO DO CEARÁ E O MUNICÍPIO DE GRANJEIRO/CE. CONTRATO N° 2021.04.30.1
373;1;DINAMICA EMPREENDIMENTOS E SOLUCOES LTDA;NFSE;552;21/05/2021;70;PREFEITURA MUNICIPAL DE TABULEIRO DO NORTE;CR;Não;Não;Não;Não;R$ 0,00;R$ 0,00;R$ 0,00;R$ 170.880,54;R$ 170.880,54;R$ 170.880,54;2ª MEDIÇÃO ADITIVO - OBJETO: CONTRATAÇÃO DE OBRAS E SERVIÇOS DE ENGENHARIA PARA OS SERVIÇOS DE DUPLICAÇÃO DA ENTRADA DA CIDADE, SEDE DO MUNICÍPIO DE TABULEIRO DO NORTE/CE. CONTRATO N° 20200318. MAPP: 4263 CONVÊNIO Nº 065 / CIDADES / 2020.
374;1;DINAMICA EMPREENDIMENTOS E SOLUCOES LTDA;NFSE;553;24/05/2021;50;PREFEITURA MUNICIPAL DE ORÓS;CR;Não;Não;Não;Não;R$ 0,00;R$ 0,00;R$ 0,00;R$ 30.000,00;R$ 30.000,00;R$ 30.000,00;1ª MEDIÇÃO SEGUNDO ADITIVO - OBJETO: CONTRATAÇÃO DA PRESTAÇÃO DE SERVIÇOS DE AMPLIAÇÃO DO HOSPITAL E MATERNIDADE LUZIA TEODORO DA COSTA NO MUNICÍPIO DE ORÓS/CE. CONTRATO Nº 2019.08.30.01-01.
375;1;DINAMICA EMPREENDIMENTOS E SOLUCOES LTDA;NFSE;197;28/05/2021;74;MUNICIPIO DE BATURITÉ;CR;Não;Não;Não;Não;R$ 0,00;R$ 0,00;R$ 0,00;R$ 173.576,24;R$ 173.576,24;R$ 173.576,24;GABINETE
384;1;DINAMICA EMPREENDIMENTOS E SOLUCOES LTDA;NFSE;196;28/05/2021;74;MUNICIPIO DE BATURITÉ;CR;Não;Não;Não;Não;R$ 0,00;R$ 0,00;R$ 0,00;R$ 51.699,88;R$ 51.699,88;R$ 51.699,88;FINANÇAS
376;1;DINAMICA EMPREENDIMENTOS E SOLUCOES LTDA;NFSE;205;09/06/2021;74;MUNICIPIO DE BATURITÉ;CR;Não;Não;Não;Não;R$ 0,00;R$ 0,00;R$ 0,00;R$ 360.393,73;R$ 360.393,73;R$ 360.393,73;UMPA
377;1;DINAMICA EMPREENDIMENTOS E SOLUCOES LTDA;NFSE;206;09/06/2021;74;MUNICIPIO DE BATURITÉ;CR;Não;Não;Não;Não;R$ 0,00;R$ 0,00;R$ 0,00;R$ 184.538,25;R$ 184.538,25;R$ 184.538,25;INFRAESTRUTURA
378;1;DINAMICA EMPREENDIMENTOS E SOLUCOES LTDA;NFSE;554;14/06/2021;73;MUNICÍPIO DE GRANJEIRO;CR;Não;Não;Não;Não;R$ 0,00;R$ 0,00;R$ 0,00;R$ 31.101,75;R$ 31.101,75;R$ 31.101,75;2ª MEDIÇÃO - OBJETO: CONTRATAÇÃO DE SERVIÇOS DE ENGENHARIA PARA EXECUÇÃO DAS OBRAS DE REFORMA DA PRAÇA DA MATRIZ DE GRANJEIRO, CONFORME CONVENIO Nº 050/CIDADES/2019 FIRMADO COM O GOVERNO DO ESTADO DO CEARÁ E O MUNICÍPIO DE GRANJEIRO/CE. CONTRATO N° 2021.04.30.1
379;1;DINAMICA EMPREENDIMENTOS E SOLUCOES LTDA;NFSE;555;24/06/2021;70;PREFEITURA MUNICIPAL DE TABULEIRO DO NORTE;CR;Não;Não;Não;Não;R$ 0,00;R$ 0,00;R$ 0,00;R$ 251.620,69;R$ 251.620,69;R$ 251.620,69;2ª MEDIÇÃO - OBJETO: CONTRATAÇÃO DE OBRAS E SERVIÇOS DE ENGENHARIA PARA OS SERVIÇOS DE DUPLICAÇÃO DA ENTRADA DA CIDADE, SEDE DO MUNICÍPIO DE TABULEIRO DO NORTE/CE. CONTRATO N° 20200318. MAPP: 4263 CONVÊNIO Nº 065 / CIDADES / 2020.
382;1;DINAMICA EMPREENDIMENTOS E SOLUCOES LTDA;NFSE;210;24/06/2021;74;MUNICIPIO DE BATURITÉ;CR;Não;Não;Não;Não;R$ 0,00;R$ 0,00;R$ 0,00;R$ 94.381,50;R$ 94.381,50;R$ 94.381,50;INFRAESTRUTURA
383;1;DINAMICA EMPREENDIMENTOS E SOLUCOES LTDA;NFSE;209;24/06/2021;74;MUNICIPIO DE BATURITÉ;CR;Não;Não;Não;Não;R$ 0,00;R$ 0,00;R$ 0,00;R$ 196.977,47;R$ 196.977,47;R$ 196.977,47;UMPA
381;1;DINAMICA EMPREENDIMENTOS E SOLUCOES LTDA;NFSE;207;25/06/2021;74;MUNICIPIO DE BATURITÉ;CR;Não;Não;Não;Não;R$ 0,00;R$ 0,00;R$ 0,00;R$ 134.794,73;R$ 134.794,73;R$ 134.794,73;GABINETE
388;1;DINAMICA EMPREENDIMENTOS E SOLUCOES LTDA;NFSE;556;26/06/2021;7;INSTITUTO FEDERAL DE EDUCAÇÃO, CIÊNCIA E TECNOLOGIA DO CEARÁ;CR;Não;Não;Não;Não;R$ 0,00;R$ 0,00;R$ 0,00;R$ 423,18;R$ 423,18;R$ 423,18;MEDIÇÃO REFERENTE AO REAJUSTE CONTRATUAL - OBJETO: SERVIÇOS COMUNS DE ENGENHARIA INERENTES À MANUTENÇÃO PREDIAL CORRETIVA OU PREVENTIVA - CAMPUS JAGUARIBE. CONTRATO Nº 01/2019.
389;1;DINAMICA EMPREENDIMENTOS E SOLUCOES LTDA;NFSE;557;26/06/2021;45;INSTITUTO FEDERAL DE EDUCAÇÃO, CIÊNCIA E TECNOLOGIA DO CEARÁ;CR;Não;Não;Não;Não;R$ 0,00;R$ 0,00;R$ 0,00;R$ 2.776,27;R$ 2.776,27;R$ 2.776,27;MEDIÇÃO REFERENTE AO REAJUSTE CONTRATUAL - OBJETO: SERVIÇOS COMUNS DE ENGENHARIA INERENTES À MANUTENÇÃO PREDIAL CORRETIVA OU PREVENTIVA - CAMPUS TIANGUÁ CONTRATO Nº 14/2019.
390;1;DINAMICA EMPREENDIMENTOS E SOLUCOES LTDA;NFSE;558;26/06/2021;45;INSTITUTO FEDERAL DE EDUCAÇÃO, CIÊNCIA E TECNOLOGIA DO CEARÁ;CR;Não;Não;Não;Não;R$ 0,00;R$ 0,00;R$ 0,00;R$ 3.933,79;R$ 3.933,79;R$ 3.933,79;MEDIÇÃO REFERENTE AO REAJUSTE CONTRATUAL - OBJETO: SERVIÇOS COMUNS DE ENGENHARIA INERENTES À MANUTENÇÃO PREDIAL CORRETIVA OU PREVENTIVA - CAMPUS TIANGUÁ CONTRATO Nº 14/2019.
391;1;DINAMICA EMPREENDIMENTOS E SOLUCOES LTDA;NFSE;559;26/06/2021;11;INSTITUTO FEDERAL DE EDUCAÇÃO, CIÊNCIA E TECNOLOGIA DO CEARÁ;CR;Não;Não;Não;Não;R$ 0,00;R$ 0,00;R$ 0,00;R$ 12.484,05;R$ 12.484,05;R$ 12.484,05;MEDIÇÃO REFERENTE AO REAJUSTE CONTRATUAL - OBJETO: SERVIÇOS COMUNS DE ENGENHARIA INERENTES À MANUTENÇÃO PREDIAL CORRETIVA OU PREVENTIVA - CAMPUS CAUCAIA. CONTRATO Nº 04/2019.
392;1;DINAMICA EMPREENDIMENTOS E SOLUCOES LTDA;NFSE;560;26/06/2021;17;INSTITUTO FEDERAL DE EDUCAÇÃO, CIÊNCIA E TECNOLOGIA DO CEARÁ;CR;Não;Não;Não;Não;R$ 0,00;R$ 0,00;R$ 0,00;R$ 7.065,37;R$ 7.065,37;R$ 7.065,37;MEDIÇÃO REFERENTE AO REAJUSTE CONTRATUAL - OBJETO: CONTRATAÇÃO DE SERVIÇO COMUM DE ENGENHARIA PARA MANUTENÇÃO DE SUBESTAÇÕES DE ENERGIA ELÉTRICA ATÉ 69k - MANUTENÇÃO SUBESTAÇÃO, QUADROS E EQUIPAMENTOS ELÉTRICOS - CAMPUS FORTALEZA. CONTRATO Nº 14/2019.
380;1;DINAMICA EMPREENDIMENTOS E SOLUCOES LTDA;NFSE;563;28/06/2021;9;INSTITUTO FEDERAL DE EDUCAÇÃO, CIÊNCIA E TECNOLOGIA DO CEARÁ;CR;Não;Não;Não;Não;R$ 0,00;R$ 0,00;R$ 0,00;R$ 3.904,58;R$ 3.904,58;R$ 3.904,58;MEDIÇÃO REFERENTE AO REAJUSTE CONTRATUAL - OBJETO: SERVIÇOS COMUNS DE ENGENHARIA INERENTES À MANUTENÇÃO PREDIAL CORRETIVA OU PREVENTIVA - CAMPUS BOA VIAGEM. CONTRATO Nº 02/2019
393;1;DINAMICA EMPREENDIMENTOS E SOLUCOES LTDA;NFSE;561;28/06/2021;9;INSTITUTO FEDERAL DE EDUCAÇÃO, CIÊNCIA E TECNOLOGIA DO CEARÁ;CR;Não;Não;Não;Não;R$ 0,00;R$ 0,00;R$ 0,00;R$ 16.022,83;R$ 16.022,83;R$ 16.022,83;2ª MEDIÇÃO - OBJETO: CONTRATAÇÃO DE SERVIÇO COMUM DE ENGENHARIA PARA MANUTENÇÃO PREVENTIVA, CORRETIVA E AJUSTES DAS SUBESTAÇÕES, QUADROS GERAIS E DEMAIS EQUIPAMENTOS ELÉTRICOS - CAMPUS BOA VIAGEM. CONTRATO Nº 06/2019.
394;1;DINAMICA EMPREENDIMENTOS E SOLUCOES LTDA;NFSE;564;01/07/2021;55;MUNICÍPIO DE MARACANAÚ;CR;Não;Não;Não;Não;R$ 0,00;R$ 0,00;R$ 0,00;R$ 109.352,64;R$ 109.352,64;R$ 109.352,64;VALOR REFERENTE A CONTRAPARTIDA DE PARTE DA 8ª MEDIÇÃO DOS SERVIÇOS DE REFORMA DE UNIDADE DE ATENÇÃO ESPECIALIZADA EM SAÚDE DO HOSPITAL MUNICIPAL DR. JOÃO ELÍSIO DE HOLANDA, MUNICÍPIO DE MARACANAÚ, CORRESPONDENTE AO PT 0375348-16 DA CAIXA ECONÔMICA FEDERAL, CONVÊNIO N.º 768783, DO MINISTÉRIO DA SAÚDE.
395;1;DINAMICA EMPREENDIMENTOS E SOLUCOES LTDA;NFSE;565;01/07/2021;55;MUNICÍPIO DE MARACANAÚ;CR;Não;Não;Não;Não;R$ 0,00;R$ 0,00;R$ 0,00;R$ 109.352,63;R$ 109.352,63;R$ 109.352,63;VALOR REFERENTE AO REPASSE DE PARTE DA 8ª MEDIÇÃO DOS SERVIÇOS DE REFORMA DE UNIDADE DE ATENÇÃO ESPECIALIZADA EM SAÚDE DO HOSPITAL MUNICIPAL DR. JOÃO ELÍSIO DE HOLANDA, MUNICÍPIO DE MARACANAÚ, CORRESPONDENTE AO PT 0375348-16 DA CAIXA ECONÔMICA FEDERAL, CONVÊNIO N.º 768783, DO MINISTÉRIO DA SAÚDE.
396;1;DINAMICA EMPREENDIMENTOS E SOLUCOES LTDA;NFSE;566;02/07/2021;16;INSTITUTO FEDERAL DE EDUCAÇÃO, CIÊNCIA E TECNOLOGIA DO CEARÁ;CR;Não;Não;Não;Não;R$ 0,00;R$ 0,00;R$ 0,00;R$ 216,47;R$ 216,47;R$ 216,47;MEDIÇÃO REFERENTE AO REAJUSTE CONTRATUAL - OBJETO: SERVIÇOS COMUNS DE ENGENHARIA INERENTES À MANUTENÇÃO PREDIAL CORRETIVA OU PREVENTIVA - CAMPUS ARACATI. CONTRATO Nº 19/2018.
397;1;DINAMICA EMPREENDIMENTOS E SOLUCOES LTDA;NFSE;567;05/07/2021;6;INSTITUTO FEDERAL DE EDUCAÇÃO, CIÊNCIA E TECNOLOGIA DO CEARÁ;CR;Não;Não;Não;Não;R$ 0,00;R$ 0,00;R$ 0,00;R$ 44.128,65;R$ 44.128,65;R$ 44.128,65;4ª MEDIÇÃO - OBJETO: CONTRATAÇÃO DE SERVIÇO COMUM DE ENGENHARIA PARA MANUTENÇÃO PREVENTIVA, CORRETIVA E AJUSTES DAS SUBESTAÇÕES, QUADROS GERAIS E DEMAIS EQUIPAMENTOS ELÉTRICOS - CAMPUS REITORIA. CONTRATO Nº 55/2019.
398;1;DINAMICA EMPREENDIMENTOS E SOLUCOES LTDA;NFSE;568;05/07/2021;6;INSTITUTO FEDERAL DE EDUCAÇÃO, CIÊNCIA E TECNOLOGIA DO CEARÁ;CR;Não;Não;Não;Não;R$ 0,00;R$ 0,00;R$ 0,00;R$ 6.108,30;R$ 6.108,30;R$ 6.108,30;5ª MEDIÇÃO - OBJETO: CONTRATAÇÃO DE SERVIÇO COMUM DE ENGENHARIA PARA MANUTENÇÃO PREVENTIVA, CORRETIVA E AJUSTES DAS SUBESTAÇÕES, QUADROS GERAIS E DEMAIS EQUIPAMENTOS ELÉTRICOS - CAMPUS REITORIA. CONTRATO Nº 55/2019.
487;1;DINAMICA EMPREENDIMENTOS E SOLUCOES LTDA;NFSE;569;06/07/2021;50;PREFEITURA MUNICIPAL DE ORÓS;CR;Não;Não;Não;Não;R$ 0,00;R$ 0,00;R$ 0,00;R$ 26.385,84;R$ 26.385,84;R$ 26.385,84;1ª MEDIÇÃO SEGUNDO ADITIVO - OBJETO: CONTRATAÇÃO DA PRESTAÇÃO DE SERVIÇOS DE AMPLIAÇÃO DO HOSPITAL E MATERNIDADE LUZIA TEODORO DA COSTA NO MUNICÍPIO DE ORÓS/CE. CONTRATO Nº 2019.08.30.01-01.
404;1;DINAMICA EMPREENDIMENTOS E SOLUCOES LTDA;NFSE;217;07/07/2021;74;MUNICIPIO DE BATURITÉ;CR;Não;Não;Não;Não;R$ 0,00;R$ 0,00;R$ 0,00;R$ 186.443,63;R$ 186.443,63;R$ 186.443,63;INFRAESTRUTURA
400;1;DINAMICA EMPREENDIMENTOS E SOLUCOES LTDA;NFSE;570;09/07/2021;28;MUNICÍPIO DE CAUCAIA;CR;Não;Não;Não;Não;R$ 0,00;R$ 0,00;R$ 0,00;R$ 89.218,07;R$ 89.218,07;R$ 89.218,07;2ª MEDIÇÃO - OBJETO: CONTRATAÇÃO DE EMPRESA ESPECIALIZADA PARA EXECUÇÃO DO SERVIÇO ENROCAMENTO EMERGENCIAL, CONTENÇÃO DE ENCOSTAS E DRENAGEM PLUVIAL NA LOCALIDADE DO ICARAÍ NO MUNICÍPIO DE CAUCAIA/CE PARA ATENDER AS NECESSIDADES DA SECRETÁRIA MUNICIPAL DE INFRAESTRUTURA DE CAUCAIA/CE. CONTRATO N° 20200615001.1. TOMADA DE PREÇOS N° 2020.06.15.001.
402;1;DINAMICA EMPREENDIMENTOS E SOLUCOES LTDA;NFSE;571;14/07/2021;73;MUNICÍPIO DE GRANJEIRO;CR;Não;Não;Não;Não;R$ 0,00;R$ 0,00;R$ 0,00;R$ 150.640,16;R$ 150.640,16;R$ 150.640,16;3ª MEDIÇÃO - OBJETO: CONTRATAÇÃO DE SERVIÇOS DE ENGENHARIA PARA EXECUÇÃO DAS OBRAS DE REFORMA DA PRAÇA DA MATRIZ DE GRANJEIRO, CONFORME CONVENIO Nº 050/CIDADES/2019 FIRMADO COM O GOVERNO DO ESTADO DO CEARÁ E O MUNICÍPIO DE GRANJEIRO/CE. CONTRATO N° 2021.04.30.1
401;1;DINAMICA EMPREENDIMENTOS E SOLUCOES LTDA;NFSE;223;15/07/2021;74;MUNICIPIO DE BATURITÉ;CR;Não;Não;Não;Não;R$ 0,00;R$ 0,00;R$ 0,00;R$ 183.494,74;R$ 183.494,74;R$ 183.494,74;PIÇARRAMENTO
403;1;DINAMICA EMPREENDIMENTOS E SOLUCOES LTDA;NFSE;572;22/07/2021;42;INSTITUTO FEDERAL DE EDUCAÇÃO, CIÊNCIA E TECNOLOGIA DO CEARÁ;CR;Não;Não;Não;Não;R$ 0,00;R$ 0,00;R$ 0,00;R$ 30.521,15;R$ 30.521,15;R$ 30.521,15;MEDIÇÃO REFERENTE AO REAJUSTE CONTRATUAL - OBJETO: SERVIÇOS COMUNS DE ENGENHARIA INERENTES À MANUTENÇÃO PREDIAL CORRETIVA OU PREVENTIVA - CAMPUS CRATEÚS. CONTRATO Nº 24/2019.
419;1;DINAMICA EMPREENDIMENTOS E SOLUCOES LTDA;NFSE;231;28/07/2021;74;MUNICIPIO DE BATURITÉ;CR;Não;Não;Não;Não;R$ 0,00;R$ 0,00;R$ 0,00;R$ 22.835,52;R$ 22.835,52;R$ 22.835,52;ESCOLA LAURA VICUNHA
421;1;DINAMICA EMPREENDIMENTOS E SOLUCOES LTDA;NFSE;234;28/07/2021;74;MUNICIPIO DE BATURITÉ;CR;Não;Não;Não;Não;R$ 0,00;R$ 0,00;R$ 0,00;R$ 24.910,04;R$ 24.910,04;R$ 24.910,04;ESCOLA EDUARDO TAVEIRA
427;1;DINAMICA EMPREENDIMENTOS E SOLUCOES LTDA;NFSE;233;28/07/2021;74;MUNICIPIO DE BATURITÉ;CR;Não;Não;Não;Não;R$ 0,00;R$ 0,00;R$ 0,00;R$ 11.899,66;R$ 11.899,66;R$ 11.899,66;ESCOLA ESTEVÃO ALVES DA ROCHA
429;1;DINAMICA EMPREENDIMENTOS E SOLUCOES LTDA;NFSE;236;28/07/2021;74;MUNICIPIO DE BATURITÉ;CR;Não;Não;Não;Não;R$ 0,00;R$ 0,00;R$ 0,00;R$ 14.909,81;R$ 14.909,81;R$ 14.909,81;ESCOLA MARIA LEIDIANE
442;1;DINAMICA EMPREENDIMENTOS E SOLUCOES LTDA;NFSE;232;28/07/2021;74;MUNICIPIO DE BATURITÉ;CR;Não;Não;Não;Não;R$ 0,00;R$ 0,00;R$ 0,00;R$ 27.553,01;R$ 27.553,01;R$ 27.553,01;ESCOLA LONE BRAGA
443;1;DINAMICA EMPREENDIMENTOS E SOLUCOES LTDA;NFSE;235;28/07/2021;74;MUNICIPIO DE BATURITÉ;CR;Não;Não;Não;Não;R$ 0,00;R$ 0,00;R$ 0,00;R$ 16.534,58;R$ 16.534,58;R$ 16.534,58;ESCOLA VICENTE JUCIER
441;1;DINAMICA EMPREENDIMENTOS E SOLUCOES LTDA;NFSE;237;30/07/2021;74;MUNICIPIO DE BATURITÉ;CR;Não;Não;Não;Não;R$ 0,00;R$ 0,00;R$ 0,00;R$ 110.555,32;R$ 110.555,32;R$ 110.555,32;ASFALTO
451;1;DINAMICA EMPREENDIMENTOS E SOLUCOES LTDA;NFSE;238;30/07/2021;74;MUNICIPIO DE BATURITÉ;CR;Não;Não;Não;Não;R$ 0,00;R$ 0,00;R$ 0,00;R$ 153.939,88;R$ 153.939,88;R$ 153.939,88;GABINETE
405;1;DINAMICA EMPREENDIMENTOS E SOLUCOES LTDA;NFSE;573;02/08/2021;73;MUNICÍPIO DE GRANJEIRO;CR;Não;Não;Não;Não;R$ 0,00;R$ 0,00;R$ 0,00;R$ 80.631,35;R$ 80.631,35;R$ 80.631,35;4ª MEDIÇÃO - OBJETO: CONTRATAÇÃO DE SERVIÇOS DE ENGENHARIA PARA EXECUÇÃO DAS OBRAS DE REFORMA DA PRAÇA DA MATRIZ DE GRANJEIRO, CONFORME CONVENIO Nº 050/CIDADES/2019 FIRMADO COM O GOVERNO DO ESTADO DO CEARÁ E O MUNICÍPIO DE GRANJEIRO/CE. CONTRATO N° 2021.04.30.1
420;1;DINAMICA EMPREENDIMENTOS E SOLUCOES LTDA;NFSE;244;02/08/2021;74;MUNICIPIO DE BATURITÉ;CR;Não;Não;Não;Não;R$ 0,00;R$ 0,00;R$ 0,00;R$ 23.445,12;R$ 23.445,12;R$ 23.445,12;ESCOLA JOÃO LINO
422;1;DINAMICA EMPREENDIMENTOS E SOLUCOES LTDA;NFSE;241;02/08/2021;74;MUNICIPIO DE BATURITÉ;CR;Não;Não;Não;Não;R$ 0,00;R$ 0,00;R$ 0,00;R$ 70.803,76;R$ 70.803,76;R$ 70.803,76;ESCOLA DOMINGOS SAVIO
423;1;DINAMICA EMPREENDIMENTOS E SOLUCOES LTDA;NFSE;240;02/08/2021;74;MUNICIPIO DE BATURITÉ;CR;Não;Não;Não;Não;R$ 0,00;R$ 0,00;R$ 0,00;R$ 21.179,43;R$ 21.179,43;R$ 21.179,43;ESCOLA MARIA DE LOURDES
424;1;DINAMICA EMPREENDIMENTOS E SOLUCOES LTDA;NFSE;252;02/08/2021;74;MUNICIPIO DE BATURITÉ;CR;Não;Não;Não;Não;R$ 0,00;R$ 0,00;R$ 0,00;R$ 67.332,26;R$ 67.332,26;R$ 67.332,26;ESCOLA CAPITÃO PORFIRIO
425;1;DINAMICA EMPREENDIMENTOS E SOLUCOES LTDA;NFSE;247;02/08/2021;74;MUNICIPIO DE BATURITÉ;CR;Não;Não;Não;Não;R$ 0,00;R$ 0,00;R$ 0,00;R$ 32.300,00;R$ 32.300,00;R$ 32.300,00;ESCOLA ROCILDA ARRUDA
426;1;DINAMICA EMPREENDIMENTOS E SOLUCOES LTDA;NFSE;245;02/08/2021;74;MUNICIPIO DE BATURITÉ;CR;Não;Não;Não;Não;R$ 0,00;R$ 0,00;R$ 0,00;R$ 25.145,35;R$ 25.145,35;R$ 25.145,35;ESCOLA CRISTO REI
428;1;DINAMICA EMPREENDIMENTOS E SOLUCOES LTDA;NFSE;242;02/08/2021;74;MUNICIPIO DE BATURITÉ;CR;Não;Não;Não;Não;R$ 0,00;R$ 0,00;R$ 0,00;R$ 22.942,01;R$ 22.942,01;R$ 22.942,01;ESCOLA PEDRO LOPES
430;1;DINAMICA EMPREENDIMENTOS E SOLUCOES LTDA;NFSE;251;02/08/2021;74;MUNICIPIO DE BATURITÉ;CR;Não;Não;Não;Não;R$ 0,00;R$ 0,00;R$ 0,00;R$ 36.374,27;R$ 36.374,27;R$ 36.374,27;ESCOLA NOSSA SENHORA AUXILIADORA
432;1;DINAMICA EMPREENDIMENTOS E SOLUCOES LTDA;NFSE;248;02/08/2021;74;MUNICIPIO DE BATURITÉ;CR;Não;Não;Não;Não;R$ 0,00;R$ 0,00;R$ 0,00;R$ 36.919,60;R$ 36.919,60;R$ 36.919,60;ESCOLA NAÇÕES UNIDAS
433;1;DINAMICA EMPREENDIMENTOS E SOLUCOES LTDA;NFSE;250;02/08/2021;74;MUNICIPIO DE BATURITÉ;CR;Não;Não;Não;Não;R$ 0,00;R$ 0,00;R$ 0,00;R$ 37.809,96;R$ 37.809,96;R$ 37.809,96;ESCOLA FRANCISCO AIRTON AMORA VASCONCELOS
434;1;DINAMICA EMPREENDIMENTOS E SOLUCOES LTDA;NFSE;249;02/08/2021;74;MUNICIPIO DE BATURITÉ;CR;Não;Não;Não;Não;R$ 0,00;R$ 0,00;R$ 0,00;R$ 25.689,36;R$ 25.689,36;R$ 25.689,36;ESCOLA SÃO FRANCISCO
470;1;DINAMICA EMPREENDIMENTOS E SOLUCOES LTDA;NFE;246;02/08/2021;74;MUNICIPIO DE BATURITÉ;CR;Não;Não;Não;Não;R$ 0,00;R$ 0,00;R$ 0,00;R$ 25.991,79;R$ 25.991,79;R$ 25.991,79;ESCOLA VOVO GUILHERMINA
471;1;DINAMICA EMPREENDIMENTOS E SOLUCOES LTDA;NFE;283;02/08/2021;74;MUNICIPIO DE BATURITÉ;CR;Não;Não;Não;Não;R$ 0,00;R$ 0,00;R$ 0,00;R$ 26.267,38;R$ 26.267,38;R$ 26.267,38;ESCOLA VOVO GUILHERMINA
406;1;DINAMICA EMPREENDIMENTOS E SOLUCOES LTDA;NFSE;574;04/08/2021;50;PREFEITURA MUNICIPAL DE ORÓS;CR;Não;Não;Não;Não;R$ 0,00;R$ 0,00;R$ 0,00;R$ 365.690,40;R$ 365.690,40;R$ 365.690,40;REFERE-SE A 5ª MEDIÇÃO, 6ª MEDIÇÃO E 7ª MEDIÇÃO - OBJETO: CONTRATAÇÃO DA PRESTAÇÃO DE SERVIÇOS DE AMPLIAÇÃO DO HOSPITAL E MATERNIDADE LUZIA TEODORO DA COSTA NO MUNICÍPIO DE ORÓS/CE. CONTRATO Nº 2019.08.30.01-01.
431;1;DINAMICA EMPREENDIMENTOS E SOLUCOES LTDA;NFSE;253;04/08/2021;74;MUNICIPIO DE BATURITÉ;CR;Não;Não;Não;Não;R$ 0,00;R$ 0,00;R$ 0,00;R$ 21.579,32;R$ 21.579,32;R$ 21.579,32;ESCOLA MARIA JOSÉ VIANA
410;1;DINAMICA EMPREENDIMENTOS E SOLUCOES LTDA;NFSE;575;09/08/2021;49;IFCE - CAMPUS TABULEIRO DO NORTE;CR;Não;Não;Não;Não;R$ 0,00;R$ 0,00;R$ 0,00;R$ 1.580,99;R$ 1.580,99;R$ 1.580,99;MEDIÇÃO REFERENTE AO REAJUSTE CONTRATUAL - OBJETO: SERVIÇOS COMUNS DE ENGENHARIA INERENTES À MANUTENÇÃO PREDIAL CORRETIVA OU PREVENTIVA - CAMPUS TABULEIRO DO NORTE. CONTRATO Nº 04/2019.
435;1;DINAMICA EMPREENDIMENTOS E SOLUCOES LTDA;NFSE;257;11/08/2021;74;MUNICIPIO DE BATURITÉ;CR;Não;Não;Não;Não;R$ 0,00;R$ 0,00;R$ 0,00;R$ 44.619,69;R$ 44.619,69;R$ 44.619,69;ESCOLA PADRE ANCHIETA
444;1;DINAMICA EMPREENDIMENTOS E SOLUCOES LTDA;NFSE;256;11/08/2021;74;MUNICIPIO DE BATURITÉ;CR;Não;Não;Não;Não;R$ 0,00;R$ 0,00;R$ 0,00;R$ 21.789,34;R$ 21.789,34;R$ 21.789,34;ESCOLA ANTONIO VICENTE FILHO
445;1;DINAMICA EMPREENDIMENTOS E SOLUCOES LTDA;NFSE;255;11/08/2021;74;MUNICIPIO DE BATURITÉ;CR;Não;Não;Não;Não;R$ 0,00;R$ 0,00;R$ 0,00;R$ 42.019,06;R$ 42.019,06;R$ 42.019,06;ESCOLA ANEXO BETEL
411;1;DINAMICA EMPREENDIMENTOS E SOLUCOES LTDA;NFSE;577;12/08/2021;55;MUNICÍPIO DE MARACANAÚ;CR;Não;Não;Não;Não;R$ 0,00;R$ 0,00;R$ 0,00;R$ 91.167,93;R$ 91.167,93;R$ 91.167,93;VALOR REFERENTE AO REPASSE DA PARTE FINAL DA 7ª MEDIÇÃO E 9ª MEDIÇÃO DOS SERVIÇOS DE REFORMA DE UNIDADE DE ATENÇÃO ESPECIALIZADA EM SAÚDE DO HOSPITAL MUNICIPAL DR. JOÃO ELÍSIO DE HOLANDA, MUNICÍPIO DE MARACANAÚ, CORRESPONDENTE AO PT 0375348-16 DA CAIXA ECONÔMICA FEDERAL, CONVÊNIO Nº 768783, DO MINISTÉRIO DA SAÚDE.
412;1;DINAMICA EMPREENDIMENTOS E SOLUCOES LTDA;NFSE;578;12/08/2021;55;MUNICÍPIO DE MARACANAÚ;CR;Não;Não;Não;Não;R$ 0,00;R$ 0,00;R$ 0,00;R$ 91.167,93;R$ 91.167,93;R$ 91.167,93;VALOR REFERENTE A CONTRAPARTIDA DA PARTE FINAL DA 7ª MEDIÇÃO E 9ª MEDIÇÃO DOS SERVIÇOS DE REFORMA DE UNIDADE DE ATENÇÃO ESPECIALIZADA EM SAÚDE DO HOSPITAL MUNICIPAL DR. JOÃO ELÍSIO DE HOLANDA, MUNICÍPIO DE MARACANAÚ, CORRESPONDENTE AO PT 0375348-16 DA CAIXA ECONÔMICA FEDERAL, CONVÊNIO Nº 768783, DO MINISTÉRIO DA SAÚDE.
413;1;DINAMICA EMPREENDIMENTOS E SOLUCOES LTDA;NFSE;579;14/08/2021;46;INSTITUTO FEDERAL DE EDUCAÇÃO, CIÊNCIA E TECNOLOGIA DO CEARÁ;CR;Não;Não;Não;Não;R$ 0,00;R$ 0,00;R$ 0,00;R$ 9.493,29;R$ 9.493,29;R$ 9.493,29;MEDIÇÃO REFERENTE AO REAJUSTE CONTRATUAL - OBJETO: SERVIÇOS COMUNS DE ENGENHARIA INERENTES À MANUTENÇÃO PREDIAL CORRETIVA OU PREVENTIVA - CAMPUS SOBRAL CONTRATO Nº 05/2019.
414;1;DINAMICA EMPREENDIMENTOS E SOLUCOES LTDA;NFSE;580;14/08/2021;14;INSTITUTO FEDERAL DE EDUCAÇÃO, CIÊNCIA E TECNOLOGIA DO CEARÁ;CR;Não;Não;Não;Não;R$ 0,00;R$ 0,00;R$ 0,00;R$ 1.748,30;R$ 1.748,30;R$ 1.748,30;MEDIÇÃO REFERENTE AO REAJUSTE CONTRATUAL - OBJETO: SERVIÇOS COMUNS DE ENGENHARIA INERENTES À MANUTENÇÃO PREDIAL CORRETIVA OU PREVENTIVA - CAMPUS QUIXADÁ. CONTRATO Nº 1/2019.
415;1;DINAMICA EMPREENDIMENTOS E SOLUCOES LTDA;NFSE;581;14/08/2021;17;INSTITUTO FEDERAL DE EDUCAÇÃO, CIÊNCIA E TECNOLOGIA DO CEARÁ;CR;Não;Não;Não;Não;R$ 0,00;R$ 0,00;R$ 0,00;R$ 23.708,42;R$ 23.708,42;R$ 23.708,42;MEDIÇÃO REFERENTE AO REAJUSTE CONTRATUAL - 1º PERÍODO NOV 2018/NOV 2019 E 2º PERÍODO NOV 2019/NOV 2020 - OBJETO: SERVIÇOS COMUNS DE ENGENHARIA INERENTES À MANUTENÇÃO PREDIAL CORRETIVA OU PREVENTIVA - CAMPUS FORTALEZA. CONTRATO Nº 061/2017. PROCESSO: 23256.023515/2018-19.
437;1;DINAMICA EMPREENDIMENTOS E SOLUCOES LTDA;NFSE;259;16/08/2021;74;MUNICIPIO DE BATURITÉ;CR;Não;Não;Não;Não;R$ 0,00;R$ 0,00;R$ 0,00;R$ 34.670,71;R$ 34.670,71;R$ 34.670,71;SAÚDE
438;1;DINAMICA EMPREENDIMENTOS E SOLUCOES LTDA;NFSE;260;16/08/2021;74;MUNICIPIO DE BATURITÉ;CR;Não;Não;Não;Não;R$ 0,00;R$ 0,00;R$ 0,00;R$ 13.711,87;R$ 13.711,87;R$ 13.711,87;SAÚDE
439;1;DINAMICA EMPREENDIMENTOS E SOLUCOES LTDA;NFSE;261;16/08/2021;74;MUNICIPIO DE BATURITÉ;CR;Não;Não;Não;Não;R$ 0,00;R$ 0,00;R$ 0,00;R$ 19.223,82;R$ 19.223,82;R$ 19.223,82;SAÚDE
409;1;DINAMICA EMPREENDIMENTOS E SOLUCOES LTDA;NFSE;262;17/08/2021;74;MUNICIPIO DE BATURITÉ;CR;Não;Não;Não;Não;R$ 0,00;R$ 0,00;R$ 0,00;R$ 104.385,87;R$ 104.385,87;R$ 104.385,87;PIÇARRAMENTO
416;1;DINAMICA EMPREENDIMENTOS E SOLUCOES LTDA;NFSE;582;17/08/2021;24;MUNICIPIO DE MORRINHOS;CR;Não;Não;Não;Não;R$ 0,00;R$ 0,00;R$ 0,00;R$ 47.433,07;R$ 47.433,07;R$ 47.433,07;1ª MEDIÇÃO - OBJETO: EXECUÇÃO DOS SERVIÇOS DE CONSTRUÇÃO DE 04 (QUATRO) PRAÇAS PÚBLICAS NO BAIRRO CENTRO SEDE DO MUNICÍPIO E NAS LOCALIDADES DE CURRALINHO, JUNCO MANSO I E BOM PRINCÍPIO, JUNTO A SECRETARIA DE INFRAESTRUTURA DO MUNICÍPIO DE MORRINHOS/CE. CONTRATO Nº 20200435. TOMADA DE PREÇOS Nº 2020.09.04.001.
407;1;DINAMICA EMPREENDIMENTOS E SOLUCOES LTDA;NFSE;267;19/08/2021;74;MUNICIPIO DE BATURITÉ;CR;Não;Não;Não;Não;R$ 0,00;R$ 0,00;R$ 0,00;R$ 117.011,98;R$ 117.011,98;R$ 117.011,98;UMPA
408;1;DINAMICA EMPREENDIMENTOS E SOLUCOES LTDA;NFSE;268;19/08/2021;74;MUNICIPIO DE BATURITÉ;CR;Não;Não;Não;Não;R$ 0,00;R$ 0,00;R$ 0,00;R$ 31.644,49;R$ 31.644,49;R$ 31.644,49;CAPS
417;1;DINAMICA EMPREENDIMENTOS E SOLUCOES LTDA;NFSE;583;24/08/2021;55;MUNICÍPIO DE MARACANAÚ;CR;Não;Não;Não;Não;R$ 0,00;R$ 0,00;R$ 0,00;R$ 26.414,46;R$ 26.414,46;R$ 26.414,46;5ª MEDIÇÃO - OBJETO: CONTRATAÇÃO DE EMPRESA VISANDO A REFORMA DO FÓRUM VELHO - ADEQUAÇÃO PARA SEDE DO GABINETE - SITUADO NA RUA EDSON QUEIROZ, Nº 155, PIRATININGA, EM MARACANAÚ-CE. CONTRATO Nº 1010.20.02.06.02. TOMADA DE PREÇO Nº 10.023/2019-TP.
440;1;DINAMICA EMPREENDIMENTOS E SOLUCOES LTDA;NFSE;269;25/08/2021;74;MUNICIPIO DE BATURITÉ;CR;Não;Não;Não;Não;R$ 0,00;R$ 0,00;R$ 0,00;R$ 15.913,39;R$ 15.913,39;R$ 15.913,39;SAÚDE
469;1;DINAMICA EMPREENDIMENTOS E SOLUCOES LTDA;DEP;02;27/08/2021;79;CAIXA ECONOMICA FEDERAL;CR;Não;Não;Não;Não;R$ 0,00;R$ 0,00;R$ 0,00;R$ 200.000,00;R$ 200.000,00;R$ 200.000,00;EMPRESTIMO
446;1;DINAMICA EMPREENDIMENTOS E SOLUCOES LTDA;NFSE;281;02/09/2021;74;MUNICIPIO DE BATURITÉ;CR;Não;Não;Não;Não;R$ 0,00;R$ 0,00;R$ 0,00;R$ 70.548,35;R$ 70.548,35;R$ 70.548,35;ESCOLA DOMINGOS SAVIO
447;1;DINAMICA EMPREENDIMENTOS E SOLUCOES LTDA;NFSE;282;02/09/2021;74;MUNICIPIO DE BATURITÉ;CR;Não;Não;Não;Não;R$ 0,00;R$ 0,00;R$ 0,00;R$ 20.893,79;R$ 20.893,79;R$ 20.893,79;ESCOLA JOÃO LINO
448;1;DINAMICA EMPREENDIMENTOS E SOLUCOES LTDA;NFSE;284;02/09/2021;74;MUNICIPIO DE BATURITÉ;CR;Não;Não;Não;Não;R$ 0,00;R$ 0,00;R$ 0,00;R$ 64.273,22;R$ 64.273,22;R$ 64.273,22;ESCOLA CAPITÃO PORFIRIO
449;1;DINAMICA EMPREENDIMENTOS E SOLUCOES LTDA;NFSE;285;02/09/2021;74;MUNICIPIO DE BATURITÉ;CR;Não;Não;Não;Não;R$ 0,00;R$ 0,00;R$ 0,00;R$ 21.936,37;R$ 21.936,37;R$ 21.936,37;ESCOLA MARIA JOSÉ VIANA
450;1;DINAMICA EMPREENDIMENTOS E SOLUCOES LTDA;NFSE;286;02/09/2021;74;MUNICIPIO DE BATURITÉ;CR;Não;Não;Não;Não;R$ 0,00;R$ 0,00;R$ 0,00;R$ 14.814,52;R$ 14.814,52;R$ 14.814,52;ESCOLA MARIA LEIDIANE
457;1;DINAMICA EMPREENDIMENTOS E SOLUCOES LTDA;NFSE;280;02/09/2021;78;PREFEITURA MUNICIPAL DE PARACURU;CR;Não;Não;Não;Não;R$ 0,00;R$ 0,00;R$ 0,00;R$ 107.136,45;R$ 107.136,45;R$ 107.136,45;PREFEITURA DE PARACURU
472;1;DINAMICA EMPREENDIMENTOS E SOLUCOES LTDA;NFE;290;02/09/2021;74;MUNICIPIO DE BATURITÉ;CR;Não;Não;Não;Não;R$ 0,00;R$ 0,00;R$ 0,00;R$ 16.624,85;R$ 16.624,85;R$ 16.624,85;ESCOLA DIOMENDES MARINHO
452;1;DINAMICA EMPREENDIMENTOS E SOLUCOES LTDA;NFSE;299;16/09/2021;74;MUNICIPIO DE BATURITÉ;CR;Não;Não;Não;Não;R$ 0,00;R$ 0,00;R$ 0,00;R$ 7.471,06;R$ 7.471,06;R$ 7.471,06;UBS JORDÃO
453;1;DINAMICA EMPREENDIMENTOS E SOLUCOES LTDA;NFSE;300;16/09/2021;74;MUNICIPIO DE BATURITÉ;CR;Não;Não;Não;Não;R$ 0,00;R$ 0,00;R$ 0,00;R$ 15.335,03;R$ 15.335,03;R$ 15.335,03;UBS MANGA AÇUDINHO
454;1;DINAMICA EMPREENDIMENTOS E SOLUCOES LTDA;NFSE;301;16/09/2021;74;MUNICIPIO DE BATURITÉ;CR;Não;Não;Não;Não;R$ 0,00;R$ 0,00;R$ 0,00;R$ 16.540,33;R$ 16.540,33;R$ 16.540,33;UBS OITICICA
458;1;DINAMICA EMPREENDIMENTOS E SOLUCOES LTDA;NFSE;304;16/09/2021;78;PREFEITURA MUNICIPAL DE PARACURU;CR;Não;Não;Não;Não;R$ 0,00;R$ 0,00;R$ 0,00;R$ 153.797,86;R$ 153.797,86;R$ 153.797,86;PREFEITURA DE PARACURU
473;1;DINAMICA EMPREENDIMENTOS E SOLUCOES LTDA;NFE;302;16/09/2021;74;MUNICIPIO DE BATURITÉ;CR;Não;Não;Não;Não;R$ 0,00;R$ 0,00;R$ 0,00;R$ 22.827,51;R$ 22.827,51;R$ 22.827,51;ESCOLA LAURA VICUNHA
474;1;DINAMICA EMPREENDIMENTOS E SOLUCOES LTDA;NFE;303;16/09/2021;74;MUNICIPIO DE BATURITÉ;CR;Não;Não;Não;Não;R$ 0,00;R$ 0,00;R$ 0,00;R$ 22.880,43;R$ 22.880,43;R$ 22.880,43;ESCOLA MUN EDUARDO TAVEIRA
455;1;DINAMICA EMPREENDIMENTOS E SOLUCOES LTDA;NFSE;310;17/09/2021;74;MUNICIPIO DE BATURITÉ;CR;Não;Não;Não;Não;R$ 0,00;R$ 0,00;R$ 0,00;R$ 8.108,88;R$ 8.108,88;R$ 8.108,88;UBS JARDINS
459;1;DINAMICA EMPREENDIMENTOS E SOLUCOES LTDA;NFSE;584;17/09/2021;55;MUNICÍPIO DE MARACANAÚ;CR;Não;Não;Não;Não;R$ 0,00;R$ 0,00;R$ 0,00;R$ 108.325,56;R$ 108.325,56;R$ 108.325,56;REFERENTE A PAGAMENTO DA 1ª MEDIÇÃO DA CONSTRUÇÃO DE UM CENTRO DE EDUCAÇÃO INFANTIL-CEI. PADRÃO IV, NO MUNICÍPIO DE MARACANAÚ-CE. RELATIVO AO PERÍODO DE 21/07/2021- 20/08/2021. CONFORME CONTRATO 552021.
484;1;DINAMICA EMPREENDIMENTOS E SOLUCOES LTDA;NFSE;311;17/09/2021;74;MUNICIPIO DE BATURITÉ;CR;Não;Não;Não;Não;R$ 0,00;R$ 0,00;R$ 0,00;R$ 25.283,38;R$ 25.283,38;R$ 25.283,38;GABINETE
475;1;DINAMICA EMPREENDIMENTOS E SOLUCOES LTDA;NFSE;313;21/09/2021;74;MUNICIPIO DE BATURITÉ;CR;Não;Não;Não;Não;R$ 0,00;R$ 0,00;R$ 0,00;R$ 84.735,01;R$ 84.735,01;R$ 84.735,01;ESCOLA MUN ESTEVÃO ALVES DA ROCHA
476;1;DINAMICA EMPREENDIMENTOS E SOLUCOES LTDA;NFSE;314;21/09/2021;74;MUNICIPIO DE BATURITÉ;CR;Não;Não;Não;Não;R$ 0,00;R$ 0,00;R$ 0,00;R$ 24.961,74;R$ 24.961,74;R$ 24.961,74;ESCOLA MUN CRISTO REI
477;1;DINAMICA EMPREENDIMENTOS E SOLUCOES LTDA;NFSE;316;23/09/2021;74;MUNICIPIO DE BATURITÉ;CR;Não;Não;Não;Não;R$ 0,00;R$ 0,00;R$ 0,00;R$ 24.658,91;R$ 24.658,91;R$ 24.658,91;ESCOLA MONSENHOR MANOEL CANDIDO
478;1;DINAMICA EMPREENDIMENTOS E SOLUCOES LTDA;NFSE;317;23/09/2021;74;MUNICIPIO DE BATURITÉ;CR;Não;Não;Não;Não;R$ 0,00;R$ 0,00;R$ 0,00;R$ 44.133,87;R$ 44.133,87;R$ 44.133,87;ESCOLA EVANDRO VASCONCELOS
479;1;DINAMICA EMPREENDIMENTOS E SOLUCOES LTDA;NFSE;322;29/09/2021;74;MUNICIPIO DE BATURITÉ;CR;Não;Não;Não;Não;R$ 0,00;R$ 0,00;R$ 0,00;R$ 35.819,02;R$ 35.819,02;R$ 35.819,02;ESCOLA BETEL
480;1;DINAMICA EMPREENDIMENTOS E SOLUCOES LTDA;NFSE;324;29/09/2021;74;MUNICIPIO DE BATURITÉ;CR;Não;Não;Não;Não;R$ 0,00;R$ 0,00;R$ 0,00;R$ 12.493,35;R$ 12.493,35;R$ 12.493,35;ESCOLA MARIA LEIDIANE
481;1;DINAMICA EMPREENDIMENTOS E SOLUCOES LTDA;NFSE;326;29/09/2021;74;MUNICIPIO DE BATURITÉ;CR;Não;Não;Não;Não;R$ 0,00;R$ 0,00;R$ 0,00;R$ 19.562,00;R$ 19.562,00;R$ 19.562,00;ESCOLA DIOMENDES MARINHO
482;1;DINAMICA EMPREENDIMENTOS E SOLUCOES LTDA;NFSE;323;29/09/2021;74;MUNICIPIO DE BATURITÉ;CR;Não;Não;Não;Não;R$ 0,00;R$ 0,00;R$ 0,00;R$ 24.323,98;R$ 24.323,98;R$ 24.323,98;ESCOLA ANEXO
483;1;DINAMICA EMPREENDIMENTOS E SOLUCOES LTDA;NFSE;321;29/09/2021;78;PREFEITURA MUNICIPAL DE PARACURU;CR;Não;Não;Não;Não;R$ 0,00;R$ 0,00;R$ 0,00;R$ 127.470,65;R$ 127.470,65;R$ 127.470,65;RAIO
460;1;DINAMICA EMPREENDIMENTOS E SOLUCOES LTDA;NFSE;586;30/09/2021;29;MUNICÍPIO DE ITAITINGA;CR;Não;Não;Não;Não;R$ 0,00;R$ 0,00;R$ 0,00;R$ 78.028,93;R$ 78.028,93;R$ 78.028,93;REFERENTE A 2° MEDIÇÃO DA PAVIMENTAÇÃO EM PEDRA TOSCA E CONSTRUÇÃO DE PASSEIO EM DIVERSAS RUAS DO BAIRRO GERERAÚ MUNICÍPIO DE ITAITINGA/CE, CONFORME PT 1054163-56 JUNTO A SECRETARIA DE INFRAESTRUTURA, EMPENHO N° 27.09.0001 E CONTRATO N° 2509.02/2019/TP.
461;1;DINAMICA EMPREENDIMENTOS E SOLUCOES LTDA;NFSE;587;04/10/2021;55;MUNICÍPIO DE MARACANAÚ;CR;Não;Não;Não;Não;R$ 0,00;R$ 0,00;R$ 0,00;R$ 280.535,16;R$ 280.535,16;R$ 280.535,16;REFERENTE A PAGAMENTO DA 2ª MEDIÇÃO DA CONSTRUÇÃO DE UM CENTRO DE EDUCAÇÃO INFANTIL-CEI. PADRÃO IV, NO MUNICÍPIO DE MARACANAÚ-CE. RELATIVO AO PERÍODO DE 21/08/2021- 20/09/2021. CONFORME CONTRATO 552021.
462;1;DINAMICA EMPREENDIMENTOS E SOLUCOES LTDA;NFSE;588;04/10/2021;24;MUNICIPIO DE MORRINHOS;CR;Não;Não;Não;Não;R$ 0,00;R$ 0,00;R$ 0,00;R$ 19.520,26;R$ 19.520,26;R$ 19.520,26;2ª MEDIÇÃO - OBJETO: EXECUÇÃO DOS SERVIÇOS DE CONSTRUÇÃO DE 04 (QUATRO) PRAÇAS PÚBLICAS NO BAIRRO CENTRO SEDE DO MUNICÍPIO E NAS LOCALIDADES DE CURRALINHO, JUNCO MANSO I E BOM PRINCÍPIO, JUNTO A SECRETARIA DE INFRAESTRUTURA DO MUNICÍPIO DE MORRINHOS/CE. CONTRATO Nº 20200435. TOMADA DE PREÇOS Nº 2020.09.04.001.
519;1;DINAMICA EMPREENDIMENTOS E SOLUCOES LTDA;DEP;01;04/10/2021;81;MUNICIPIO DE SENADOR POMPEU - SECRETARIA DE EDUCAÇÃO, CULTURA E DESPORTO;CR;Não;Não;Não;Não;R$ 0,00;R$ 0,00;R$ 0,00;R$ 17.000,00;R$ 17.000,00;R$ 17.000,00;A
463;1;DINAMICA EMPREENDIMENTOS E SOLUCOES LTDA;NFSE;621;05/10/2021;50;PREFEITURA MUNICIPAL DE ORÓS;CR;Não;Não;Não;Não;R$ 0,00;R$ 0,00;R$ 0,00;R$ 79.166,68;R$ 79.166,68;R$ 79.166,68;MEDIÇÃO - REFERENTE A 5,79% DO QUINTO ADITIVO DE REAJUSTE CONTRATUAL DOS VALORES MEDIDOS, DE ACORDO COM A LEI 8.666 DO OBJETO: CONTRATAÇÃO DA PRESTAÇÃO DE SERVIÇOS DE AMPLIAÇÃO DO HOSPITAL E MATERNIDADE LUZIA TEODORO DA COSTA NO MUNICÍPIO DE ORÓS/CE. CONTRATO Nº 2019.08.30.01-01.
464;1;DINAMICA EMPREENDIMENTOS E SOLUCOES LTDA;NFSE;590;05/10/2021;9;INSTITUTO FEDERAL DE EDUCAÇÃO, CIÊNCIA E TECNOLOGIA DO CEARÁ;CR;Não;Não;Não;Não;R$ 0,00;R$ 0,00;R$ 0,00;R$ 2.278,40;R$ 2.278,40;R$ 2.278,40;"3ª MEDIÇÃO - OBJETO: CONTRATAÇÃO DE SERVIÇO COMUM DE ENGENHARIA PARA MANUTENÇÃO PREVENTIVA, CORRETIVA E AJUSTES DAS SUBESTAÇÕES, QUADROS GERAIS E DEMAIS EQUIPAMENTOS ELÉTRICOS - CAMPUS BOA VIAGEM.""SERVIÇO EXECUÇÃO EMERGÊNCIAL"" CONTRATO Nº 06/2019."
465;1;DINAMICA EMPREENDIMENTOS E SOLUCOES LTDA;NFSE;593;05/10/2021;64;INSTITUTO FEDERAL DE EDUCAÇÃO, CIÊNCIA E TECNOLOGIA DO CEARA - CAMPUS ACOPIARA;CR;Não;Não;Não;Não;R$ 0,00;R$ 0,00;R$ 0,00;R$ 6.461,27;R$ 6.461,27;R$ 6.461,27;"2ª MEDIÇÃO - OBJETO: CONTRATAÇÃO DE SERVIÇO COMUM DE ENGENHARIA PARA MANUTENÇÃO PREVENTIVA, CORRETIVA E AJUSTES DAS SUBESTAÇÕES, QUADROS GERAIS E DEMAIS EQUIPAMENTOS ELÉTRICOS - CAMPUS ACOPIARA. ""SERVIÇO EXECUÇÃO PREVENTIVA"" CONTRATO Nº 54/2019."
466;1;DINAMICA EMPREENDIMENTOS E SOLUCOES LTDA;NFSE;594;05/10/2021;38;INSTITUTO FEDERAL DE EDUCAÇÃO, CIÊNCIA E TECNOLOGIA DO CEARÁ;CR;Não;Não;Não;Não;R$ 0,00;R$ 0,00;R$ 0,00;R$ 6.186,51;R$ 6.186,51;R$ 6.186,51;"6ª MEDIÇÃO - OBJETO: CONTRATAÇÃO DE SERVIÇO COMUM DE ENGENHARIA PARA MANUTENÇÃO PREVENTIVA, CORRETIVA E AJUSTES DAS SUBESTAÇÕES, QUADROS GERAIS E DEMAIS EQUIPAMENTOS ELÉTRICOS - CAMPUS UBAJARA. ""SERVIÇO EXECUÇÃO PREVENTIVA"" CONTRATO Nº 11/2019."
467;1;DINAMICA EMPREENDIMENTOS E SOLUCOES LTDA;NFSE;595;06/10/2021;47;PREFEITURA MUNICIPAL DE CAMOCIM;CR;Não;Não;Não;Não;R$ 0,00;R$ 0,00;R$ 0,00;R$ 145.930,07;R$ 145.930,07;R$ 145.930,07;2ª MEDIÇÃO - OBJETO: CONTRATAÇÃO DE EMPRESA PARA EXECUÇÃO DOS SERVIÇOS DE CONCLUSÃO DE CRECHE PROINFÂNCIA - TIPO 1 NO MUNICÍPIO DE CAMOCIM/CE. CONTRATO N° CP. 2019.09.23.001. CONCORRÊNCIA PÚBLICA N° 2019.09.23.001.
486;1;DINAMICA EMPREENDIMENTOS E SOLUCOES LTDA;NFSE;596;07/10/2021;55;MUNICÍPIO DE MARACANAÚ;CR;Não;Não;Não;Não;R$ 0,00;R$ 0,00;R$ 0,00;R$ 246.801,54;R$ 246.801,54;R$ 246.801,54;REPASSE DA 10ª MEDIÇÃO DOS SERVIÇOS DE REFORMA DE UNIDADE DE ATENÇÃO ESPECIALIZADA EM SAÚDE DO HOSPITAL MUNICIPAL DR. JOÃO ELÍSIO DE HOLANDA, MUNICÍPIO DE MARACANAÚ, CORRESPONDENTE AO PT 0375348-16 DA CAIXA ECONÔMICA FEDERAL, CONVÊNIO N.º 768783, DO MINISTÉRIO DA SAÚDE.
488;1;DINAMICA EMPREENDIMENTOS E SOLUCOES LTDA;NFSE;597;07/10/2021;55;MUNICÍPIO DE MARACANAÚ;CR;Não;Não;Não;Não;R$ 0,00;R$ 0,00;R$ 0,00;R$ 246.801,54;R$ 246.801,54;R$ 246.801,54;A CONTRAPARTIDA DA 10ª MEDIÇÃO DOS SERVIÇOS DE REFORMA DE UNIDADE DE ATENÇÃO ESPECIALIZADA EM SAÚDE DO HOSPITAL MUNICIPAL DR. JOÃO ELÍSIO DE HOLANDA, MUNICÍPIO DE MARACANAÚ, CORRESPONDENTE AO PT 0375348-16 DA CAIXA ECONÔMICA FEDERAL, CONVÊNIO N.º 768783, DO MINISTÉRIO DA SAÚDE.
489;1;DINAMICA EMPREENDIMENTOS E SOLUCOES LTDA;NFSE;598;18/10/2021;73;MUNICÍPIO DE GRANJEIRO;CR;Não;Não;Não;Não;R$ 0,00;R$ 0,00;R$ 0,00;R$ 153.988,93;R$ 153.988,93;R$ 153.988,93;5ª MEDIÇÃO - OBJETO: CONTRATAÇÃO DE SERVIÇOS DE ENGENHARIA PARA EXECUÇÃO DAS OBRAS DE REFORMA DA PRAÇA DA MATRIZ DE GRANJEIRO, CONFORME CONVENIO Nº 050/CIDADES/2019 FIRMADO COM O GOVERNO DO ESTADO DO CEARÁ E O MUNICÍPIO DE GRANJEIRO/CE. CONTRATO N° 2021.04.30.1
490;1;DINAMICA EMPREENDIMENTOS E SOLUCOES LTDA;NFSE;599;18/10/2021;73;MUNICÍPIO DE GRANJEIRO;CR;Não;Não;Não;Não;R$ 0,00;R$ 0,00;R$ 0,00;R$ 33.645,48;R$ 33.645,48;R$ 33.645,48;1ª MEDIÇÃO ADITIVO CONTRATUAL - OBJETO: CONTRATAÇÃO DE SERVIÇOS DE ENGENHARIA PARA EXECUÇÃO DAS OBRAS DE REFORMA DA PRAÇA DA MATRIZ DE GRANJEIRO, CONFORME CONVENIO Nº 050/CIDADES/2019 FIRMADO COM O GOVERNO DO ESTADO DO CEARÁ E O MUNICÍPIO DE GRANJEIRO/CE.CONTRATO N° 2021.04.30.1
485;1;DINAMICA EMPREENDIMENTOS E SOLUCOES LTDA;NFSE;337;19/10/2021;78;PREFEITURA MUNICIPAL DE PARACURU;CR;Não;Não;Não;Não;R$ 0,00;R$ 0,00;R$ 0,00;R$ 80.696,76;R$ 80.696,76;R$ 80.696,76;CALÇADÃO
539;1;DINAMICA EMPREENDIMENTOS E SOLUCOES LTDA;NFSE;345;28/10/2021;78;PREFEITURA MUNICIPAL DE PARACURU;CR;Não;Não;Não;Não;R$ 0,00;R$ 0,00;R$ 0,00;R$ 116.787,44;R$ 116.787,44;R$ 116.787,44;QUADRA - HENRIQUE BRAGA
491;1;DINAMICA EMPREENDIMENTOS E SOLUCOES LTDA;NFSE;600;18/11/2021;77;SECRETARIA DA PROTEÇÃO SOCIAL, JUSTIÇA, CIDADANIA, MULHERES E DIREITOS HUMANOS;CR;Não;Não;Não;Não;R$ 0,00;R$ 0,00;R$ 0,00;R$ 250.012,56;R$ 250.012,56;R$ 250.012,56;REFERENTE A PAGAMENTO DA 3ª MEDIÇÃO DA CONSTRUÇÃO DE UM CENTRO DE EDUCAÇÃO INFANTIL-CEI. PADRÃO IV, NO MUNICÍPIO DE MARACANAÚ-CE. RELATIVO AO PERÍODO DE 21/09/2021- 20/10/2021. CONFORME CONTRATO 552021.
492;1;DINAMICA EMPREENDIMENTOS E SOLUCOES LTDA;NFSE;601;22/11/2021;24;MUNICIPIO DE MORRINHOS;CR;Não;Não;Não;Não;R$ 0,00;R$ 0,00;R$ 0,00;R$ 122.324,44;R$ 122.324,44;R$ 122.324,44;3ª MEDIÇÃO - OBJETO: EXECUÇÃO DOS SERVIÇOS DE CONSTRUÇÃO DE 04 (QUATRO) PRAÇAS PÚBLICAS NO BAIRRO CENTRO SEDE DO MUNICÍPIO E NAS LOCALIDADES DE CURRALINHO, JUNCO MANSO I E BOM PRINCÍPIO, JUNTO A SECRETARIA DE INFRAESTRUTURA DO MUNICÍPIO DE MORRINHOS/CE. CONTRATO Nº 20200435. TOMADA DE PREÇOS Nº 2020.09.04.001.
543;1;DINAMICA EMPREENDIMENTOS E SOLUCOES LTDA;NFSE;363;22/11/2021;78;PREFEITURA MUNICIPAL DE PARACURU;CR;Não;Não;Não;Não;R$ 0,00;R$ 0,00;R$ 0,00;R$ 96.631,59;R$ 96.631,59;R$ 96.631,59;CALÇADÃO
544;1;DINAMICA EMPREENDIMENTOS E SOLUCOES LTDA;NFSE;364;22/11/2021;78;PREFEITURA MUNICIPAL DE PARACURU;CR;Não;Não;Não;Não;R$ 0,00;R$ 0,00;R$ 0,00;R$ 48.040,53;R$ 48.040,53;R$ 48.040,53;CALÇADÃO
493;1;DINAMICA EMPREENDIMENTOS E SOLUCOES LTDA;NFSE;602;24/11/2021;73;MUNICÍPIO DE GRANJEIRO;CR;Não;Não;Não;Não;R$ 0,00;R$ 0,00;R$ 0,00;R$ 29.042,56;R$ 29.042,56;R$ 29.042,56;2ª MEDIÇÃO ADITIVO CONTRATUAL - OBJETO: CONTRATAÇÃO DE SERVIÇOS DE ENGENHARIA PARA EXECUÇÃO DAS OBRAS DE REFORMA DA PRAÇA DA MATRIZ DE GRANJEIRO, CONFORME CONVENIO Nº 050/CIDADES/2019 FIRMADO COM O GOVERNO DO ESTADO DO CEARÁ E O MUNICÍPIO DE GRANJEIRO/CE. CONTRATO N° 2021.04.30.1
494;1;DINAMICA EMPREENDIMENTOS E SOLUCOES LTDA;NFSE;603;24/11/2021;73;MUNICÍPIO DE GRANJEIRO;CR;Não;Não;Não;Não;R$ 0,00;R$ 0,00;R$ 0,00;R$ 29.630,50;R$ 29.630,50;R$ 29.630,50;3ª MEDIÇÃO ADITIVO CONTRATUAL - OBJETO: CONTRATAÇÃO DE SERVIÇOS DE ENGENHARIA PARA EXECUÇÃO DAS OBRAS DE REFORMA DA PRAÇA DA MATRIZ DE GRANJEIRO, CONFORME CONVENIO Nº 050/CIDADES/2019 FIRMADO COM O GOVERNO DO ESTADO DO CEARÁ E O MUNICÍPIO DE GRANJEIRO/CE. CONTRATO N° 2021.04.30.1
495;1;DINAMICA EMPREENDIMENTOS E SOLUCOES LTDA;NFSE;604;24/11/2021;73;MUNICÍPIO DE GRANJEIRO;CR;Não;Não;Não;Não;R$ 0,00;R$ 0,00;R$ 0,00;R$ 23.059,86;R$ 23.059,86;R$ 23.059,86;4ª MEDIÇÃO ADITIVO CONTRATUAL - OBJETO: CONTRATAÇÃO DE SERVIÇOS DE ENGENHARIA PARA EXECUÇÃO DAS OBRAS DE REFORMA DA PRAÇA DA MATRIZ DE GRANJEIRO, CONFORME CONVENIO Nº 050/CIDADES/2019 FIRMADO COM O GOVERNO DO ESTADO DO CEARÁ E O MUNICÍPIO DE GRANJEIRO/CE. CONTRATO N° 2021.04.30.1
496;1;DINAMICA EMPREENDIMENTOS E SOLUCOES LTDA;NFSE;605;24/11/2021;80;PREFEITURA MUNICIPAL DE CAMPOS SALES - CE;CR;Não;Não;Não;Não;R$ 0,00;R$ 0,00;R$ 0,00;R$ 117.862,51;R$ 117.862,51;R$ 117.862,51;1ª MEDIÇÃO - OBJETO: CONTRATAÇÃO DE EMPRESA ESPECIALIZADA PARA CONSTRUÇÃO DE UM ESPAÇO EDUCATIVO RURAL E URBANO - 6 SALAS DE AULA, PRÉ-OBRA 3187890, NA RUA LO-03, S/N LOTEAMENTO PORTAL DA CIDADE NO MUNICÍPIO DE CAMPOS SALES/CE. TOMADA DE PREÇOS - Nº 2021.07.06.40.TP.FME. CONTRATO N° 001-2021.07.06.40.TP.FME
540;1;DINAMICA EMPREENDIMENTOS E SOLUCOES LTDA;NFSE;369;24/11/2021;78;PREFEITURA MUNICIPAL DE PARACURU;CR;Não;Não;Não;Não;R$ 0,00;R$ 0,00;R$ 0,00;R$ 173.078,17;R$ 173.078,17;R$ 173.078,17;QUADRA - HENRIQUE BRAGA
497;1;DINAMICA EMPREENDIMENTOS E SOLUCOES LTDA;NFSE;607;25/11/2021;36;INSTITUTO FEDERAL DE EDUCAÇÃO, CIÊNCIA E TECNOLOGIA DO CEARÁ;CR;Não;Não;Não;Não;R$ 0,00;R$ 0,00;R$ 0,00;R$ 6.186,51;R$ 6.186,51;R$ 6.186,51;"4ª MEDIÇÃO - OBJETO: CONTRATAÇÃO DE SERVIÇO COMUM DE ENGENHARIA PARA MANUTENÇÃO PREVENTIVA, CORRETIVA E AJUSTES DAS SUBESTAÇÕES, QUADROS GERAIS E DEMAIS EQUIPAMENTOS ELÉTRICOS - CAMPUS CAMOCIM. ""SERVIÇO EXECUÇÃO PREVENTIVA"" CONTRATO Nº 12/2019."
498;1;DINAMICA EMPREENDIMENTOS E SOLUCOES LTDA;NFSE;609;25/11/2021;16;INSTITUTO FEDERAL DE EDUCAÇÃO, CIÊNCIA E TECNOLOGIA DO CEARÁ;CR;Não;Não;Não;Não;R$ 0,00;R$ 0,00;R$ 0,00;R$ 6.147,41;R$ 6.147,41;R$ 6.147,41;"4ª MEDIÇÃO - OBJETO: CONTRATAÇÃO DE SERVIÇO COMUM DE ENGENHARIA PARA MANUTENÇÃO PREVENTIVA, CORRETIVA E AJUSTES DAS SUBESTAÇÕES, QUADROS GERAIS E DEMAIS EQUIPAMENTOS ELÉTRICOS - CAMPUS ARACATI. ""SERVIÇO EXECUÇÃO PREVENTIVA"" CONTRATO Nº 09/2019."
499;1;DINAMICA EMPREENDIMENTOS E SOLUCOES LTDA;NFSE;610;25/11/2021;9;INSTITUTO FEDERAL DE EDUCAÇÃO, CIÊNCIA E TECNOLOGIA DO CEARÁ;CR;Não;Não;Não;Não;R$ 0,00;R$ 0,00;R$ 0,00;R$ 6.071,91;R$ 6.071,91;R$ 6.071,91;MEDIÇÃO REFERENTE AO REAJUSTE CONTRATUAL - PRIMEIRO APOSTILAMENTO AO CONTRATO Nº 06/2019 - OBJETO: CONTRATAÇÃO DE SERVIÇO COMUM DE ENGENHARIA PARA MANUTENÇÃO PREVENTIVA, CORRETIVA E AJUSTES DAS SUBESTAÇÕES, QUADROS GERAIS E DEMAIS EQUIPAMENTOS ELÉTRICOS - CAMPUS BOA VIAGEM.
500;1;DINAMICA EMPREENDIMENTOS E SOLUCOES LTDA;NFSE;611;30/11/2021;6;INSTITUTO FEDERAL DE EDUCAÇÃO, CIÊNCIA E TECNOLOGIA DO CEARÁ;CR;Não;Não;Não;Não;R$ 0,00;R$ 0,00;R$ 0,00;R$ 10.224,49;R$ 10.224,49;R$ 10.224,49;"6ª MEDIÇÃO - OBJETO: CONTRATAÇÃO DE SERVIÇO COMUM DE ENGENHARIA PARA MANUTENÇÃO PREVENTIVA, CORRETIVA E AJUSTES DAS SUBESTAÇÕES, QUADROS GERAIS E DEMAIS EQUIPAMENTOS ELÉTRICOS - CAMPUS REITORIA. ""SERVIÇO EXECUÇÃO CORRETIVA"" CONTRATO Nº 55/2019."
501;1;DINAMICA EMPREENDIMENTOS E SOLUCOES LTDA;NFSE;612;30/11/2021;36;INSTITUTO FEDERAL DE EDUCAÇÃO, CIÊNCIA E TECNOLOGIA DO CEARÁ;CR;Não;Não;Não;Não;R$ 0,00;R$ 0,00;R$ 0,00;R$ 4.015,85;R$ 4.015,85;R$ 4.015,85;"5ª MEDIÇÃO - OBJETO: CONTRATAÇÃO DE SERVIÇO COMUM DE ENGENHARIA PARA MANUTENÇÃO PREVENTIVA, CORRETIVA E AJUSTES DAS SUBESTAÇÕES, QUADROS GERAIS E DEMAIS EQUIPAMENTOS ELÉTRICOS - CAMPUS CAMOCIM. ""SERVIÇO EXECUÇÃO PREVENTIVA"" CONTRATO Nº 12/2019."
502;1;DINAMICA EMPREENDIMENTOS E SOLUCOES LTDA;NFSE;613;30/11/2021;73;MUNICÍPIO DE GRANJEIRO;CR;Não;Não;Não;Não;R$ 0,00;R$ 0,00;R$ 0,00;R$ 151.748,08;R$ 151.748,08;R$ 151.748,08;1ª MEDIÇÃO - OBJETO: CONTRATAÇÃO DE SERVIÇOS DE ENGENHARIA PARA EXECUÇÃO DAS OBRAS DE URBANIZAÇÃO DO AÇUDE JUNCO NO MUNICÍPIO DE GRANJEIRO, CONFORME CONVENIO Nº 014/CIDADES/2021 FIRMADO COM O GOVERNO DO ESTADO DO CEARÁ E O MUNICÍPIO DE GRANJEIRO/CE. CONTRATO N° 2021.10.18.1
516;1;DINAMICA EMPREENDIMENTOS E SOLUCOES LTDA;NFSE;311;02/12/2021;74;MUNICIPIO DE BATURITÉ;CR;Não;Não;Não;Não;R$ 0,00;R$ 0,00;R$ 0,00;R$ 82.000,00;R$ 82.000,00;R$ 82.000,00;GABINETE
503;1;DINAMICA EMPREENDIMENTOS E SOLUCOES LTDA;NFSE;614;03/12/2021;73;MUNICÍPIO DE GRANJEIRO;CR;Não;Não;Não;Não;R$ 0,00;R$ 0,00;R$ 0,00;R$ 154.178,52;R$ 154.178,52;R$ 154.178,52;2ª MEDIÇÃO - OBJETO: CONTRATAÇÃO DE SERVIÇOS DE ENGENHARIA PARA EXECUÇÃO DAS OBRAS DE URBANIZAÇÃO DO AÇUDE JUNCO NO MUNICÍPIO DE GRANJEIRO, CONFORME CONVENIO Nº 014/CIDADES/2021 FIRMADO COM O GOVERNO DO ESTADO DO CEARÁ E O MUNICÍPIO DE GRANJEIRO/CE. CONTRATO N° 2021.10.18.1
504;1;DINAMICA EMPREENDIMENTOS E SOLUCOES LTDA;NFSE;615;08/12/2021;55;MUNICÍPIO DE MARACANAÚ;CR;Não;Não;Não;Não;R$ 0,00;R$ 0,00;R$ 0,00;R$ 142.211,33;R$ 142.211,33;R$ 142.211,33;VALOR REFERENTE AO REPASSE DA 11ª MEDIÇÃO DOS SERVIÇOS DE REFORMA DE UNIDADE DE ATENÇÃO ESPECIALIZADA EM SAÚDE DO HOSPITAL MUNICIPAL DR. JOÃO ELÍSIO DE HOLANDA, MUNICÍPIO DE MARACANAÚ, CORRESPONDENTE AO PT 0375348-16 DA CAIXA ECONÔMICA FEDERAL, CONVÊNIO N.º 768783, DO MINISTÉRIO DA SAÚDE.
505;1;DINAMICA EMPREENDIMENTOS E SOLUCOES LTDA;NFSE;616;08/12/2021;55;MUNICÍPIO DE MARACANAÚ;CR;Não;Não;Não;Não;R$ 0,00;R$ 0,00;R$ 0,00;R$ 142.211,33;R$ 142.211,33;R$ 142.211,33;VALOR REFERENTE A CONTRAPARTIDA DA 11ª MEDIÇÃO DOS SERVIÇOS DE REFORMA DE UNIDADE DE ATENÇÃO ESPECIALIZADA EM SAÚDE DO HOSPITAL MUNICIPAL DR. JOÃO ELÍSIO DE HOLANDA, MUNICÍPIO DE MARACANAÚ, CORRESPONDENTE AO PT 0375348-16 DA CAIXA ECONÔMICA FEDERAL, CONVÊNIO N.º 768783, DO MINISTÉRIO DA SAÚDE.
506;1;DINAMICA EMPREENDIMENTOS E SOLUCOES LTDA;NFSE;617;09/12/2021;81;MUNICIPIO DE SENADOR POMPEU - SECRETARIA DE EDUCAÇÃO, CULTURA E DESPORTO;CR;Não;Não;Não;Não;R$ 0,00;R$ 0,00;R$ 0,00;R$ 188.986,45;R$ 188.986,45;R$ 188.986,45;1ª MEDIÇÃO - OBJETO: CONTRATAÇÃO DE EMPRESA ESPECIALIZADA PARA SERVIÇOS DE AMPLIAÇÃO E REFORMA DAS ESCOLAS EEIEF JOSE ANTONIO DE SOUSA LOCALIZADA NO DISTRITO DE ENGENHEIRO JOSÉ LOPES E EEF RAQUEL COSTA LOCALIZADA NO DISTRITO DE BONFIM KM 20, PARA ATENDER AS NECESSIDADES DA SECRETARIA DE EDUCAÇÃO, CULTURA E DESPORTO, DO MUNICÍPIO DE SENADOR POMPEU. CONTRATO N° SE-TP003/2021-01SECD.TOMADA DE PREÇOS nº SE-TP003/2021
507;1;DINAMICA EMPREENDIMENTOS E SOLUCOES LTDA;NFSE;618;09/12/2021;24;MUNICIPIO DE MORRINHOS;CR;Não;Não;Não;Não;R$ 0,00;R$ 0,00;R$ 0,00;R$ 52.175,17;R$ 52.175,17;R$ 52.175,17;1ª MEDIÇÃO - ADITIVO CONTRATUAL - OBJETO: EXECUÇÃO DOS SERVIÇOS DE CONSTRUÇÃO DE 04 (QUATRO) PRAÇAS PÚBLICAS NO BAIRRO CENTRO SEDE DO MUNICÍPIO E NAS LOCALIDADES DE CURRALINHO, JUNCO MANSO I E BOM PRINCÍPIO, JUNTO A SECRETARIA DE INFRAESTRUTURA DO MUNICÍPIO DE MORRINHOS/CE. CONTRATO Nº 20200435. TOMADA DE PREÇOS Nº 2020.09.04.001.
508;1;DINAMICA EMPREENDIMENTOS E SOLUCOES LTDA;NFSE;619;10/12/2021;77;SECRETARIA DA PROTEÇÃO SOCIAL, JUSTIÇA, CIDADANIA, MULHERES E DIREITOS HUMANOS;CR;Não;Não;Não;Não;R$ 0,00;R$ 0,00;R$ 0,00;R$ 69.309,32;R$ 69.309,32;R$ 69.309,32;REFERENTE A PAGAMENTO DA 1ª MEDIÇÃO PARCIAL DA CONSTRUÇÃO DO CENTRO DE EDUCAÇÃO INFANTIL- CEI. PADRÃO IV, NO MUNICÍPIO DE ICAPUÍ-CE. RELATIVO AO PERÍODO DE 25/10/2021 - 20/11/2021. CONFORME CONTRATO 67/2021.
509;1;DINAMICA EMPREENDIMENTOS E SOLUCOES LTDA;NFSE;620;14/12/2021;55;MUNICÍPIO DE MARACANAÚ;CR;Não;Não;Não;Não;R$ 0,00;R$ 0,00;R$ 0,00;R$ 7.667,24;R$ 7.667,24;R$ 7.667,24;1ª MEDIÇÃO - OBJETO: CONTRATAÇÃO DE EMPRESA ESPECIALIZADA PARA PRESTAÇÃO DE SERVIÇOS DE MANUTENÇÃO PREVENTIVA E CORRETIVA NA SUBESTAÇÃO DE ENERGIA 13,8KV E COM POTÊNCIA DE 1.525KVA, LOCALIZADA NO HOSPITAL MUNICIPAL DR. JOÃO ELÍSIO DE HOLANDA EM MARACANAÚ, CEARÁ CONTRATO N° 1492.21.07.08.01. CONCORRÊNCIA PÚBLICA Nº 14.001/2021 - CP.
510;1;DINAMICA EMPREENDIMENTOS E SOLUCOES LTDA;NFSE;622;15/12/2021;35;INSTITUTO FEDERAL DE EDUCAÇAO, CIENCIA E TECNOLOGIA DO CEARA - CAMPUS PARACURU;CR;Não;Não;Não;Não;R$ 0,00;R$ 0,00;R$ 0,00;R$ 6.069,69;R$ 6.069,69;R$ 6.069,69;"5ª MEDIÇÃO - OBJETO: CONTRATAÇÃO DE SERVIÇO COMUM DE ENGENHARIA PARA MANUTENÇÃO PREVENTIVA, CORRETIVA E AJUSTES DAS SUBESTAÇÕES, QUADROS GERAIS E DEMAIS EQUIPAMENTOS ELÉTRICOS - CAMPUS PARACURU. ""SERVIÇO PREVENTIVO"" CONTRATO Nº 04/2019."
536;1;DINAMICA EMPREENDIMENTOS E SOLUCOES LTDA;NFSE;393;15/12/2021;78;PREFEITURA MUNICIPAL DE PARACURU;CR;Não;Não;Não;Não;R$ 0,00;R$ 0,00;R$ 0,00;R$ 114.950,45;R$ 114.950,45;R$ 114.950,45;JARDIM
511;1;DINAMICA EMPREENDIMENTOS E SOLUCOES LTDA;NFSE;623;20/12/2021;70;PREFEITURA MUNICIPAL DE TABULEIRO DO NORTE;CR;Não;Não;Não;Não;R$ 0,00;R$ 0,00;R$ 0,00;R$ 250.214,59;R$ 250.214,59;R$ 250.214,59;3ª MEDIÇÃO - OBJETO: CONTRATAÇÃO DE OBRAS E SERVIÇOS DE ENGENHARIA PARA OS SERVIÇOS DE DUPLICAÇÃO DA ENTRADA DA CIDADE, SEDE DO MUNICÍPIO DE TABULEIRO DO NORTE/CE. CONTRATO N° 20200318. MAPP: 4263 CONVÊNIO Nº 065 / CIDADES / 2020.
512;1;DINAMICA EMPREENDIMENTOS E SOLUCOES LTDA;NFSE;624;21/12/2021;80;PREFEITURA MUNICIPAL DE CAMPOS SALES - CE;CR;Não;Não;Não;Não;R$ 0,00;R$ 0,00;R$ 0,00;R$ 44.288,94;R$ 44.288,94;R$ 44.288,94;2ª MEDIÇÃO - OBJETO: CONTRATAÇÃO DE EMPRESA ESPECIALIZADA PARA CONSTRUÇÃO DE UM ESPAÇO EDUCATIVO RURAL E URBANO - 6 SALAS DE AULA, PRÉ-OBRA 3187890, NA RUA LO-03, S/N LOTEAMENTO PORTAL DA CIDADE NO MUNICÍPIO DE CAMPOS SALES/CE. TOMADA DE PREÇOS - Nº 2021.07.06.40.TP.FME. CONTRATO N° 001-2021.07.06.40.TP.FME
541;1;DINAMICA EMPREENDIMENTOS E SOLUCOES LTDA;NFSE;401;21/12/2021;78;PREFEITURA MUNICIPAL DE PARACURU;CR;Não;Não;Não;Não;R$ 0,00;R$ 0,00;R$ 0,00;R$ 190.655,45;R$ 190.655,45;R$ 190.655,45;FRANCISCA DOS SANTOS BARROS
616;1;DINAMICA EMPREENDIMENTOS E SOLUCOES LTDA;NFSE;404;21/12/2021;82;PREFEITURA MUNICIPAL DE PARAIPABA;CR;Não;Não;Não;Não;R$ 0,00;R$ 0,00;R$ 0,00;R$ 184.705,17;R$ 184.705,17;R$ 184.705,17;COMPLEXO ESCOLAR
619;1;DINAMICA EMPREENDIMENTOS E SOLUCOES LTDA;NFSE;403;21/12/2021;82;PREFEITURA MUNICIPAL DE PARAIPABA;CR;Não;Não;Não;Não;R$ 0,00;R$ 0,00;R$ 0,00;R$ 241.355,70;R$ 241.355,70;R$ 241.355,70;EDMUNDO PEREIRA
622;1;DINAMICA EMPREENDIMENTOS E SOLUCOES LTDA;NFSE;405;21/12/2021;82;PREFEITURA MUNICIPAL DE PARAIPABA;CR;Não;Não;Não;Não;R$ 0,00;R$ 0,00;R$ 0,00;R$ 186.273,21;R$ 186.273,21;R$ 186.273,21;ALDENOR PEREIRA
513;1;DINAMICA EMPREENDIMENTOS E SOLUCOES LTDA;NFSE;625;23/12/2021;77;SECRETARIA DA PROTEÇÃO SOCIAL, JUSTIÇA, CIDADANIA, MULHERES E DIREITOS HUMANOS;CR;Não;Não;Não;Não;R$ 0,00;R$ 0,00;R$ 0,00;R$ 210.288,87;R$ 210.288,87;R$ 210.288,87;REFERENTE A PAGAMENTO DA 4ª MEDIÇÃO DA CONSTRUÇÃO DE UM CENTRO DE EDUCAÇÃO INFANTIL-CEI. PADRÃO IV, NO MUNICÍPIO DE MARACANAÚ-CE. RELATIVO AO PERÍODO DE 21/10/2021- 20/11/2021. CONFORME CONTRATO 552021.
514;1;DINAMICA EMPREENDIMENTOS E SOLUCOES LTDA;NFSE;626;23/12/2021;77;SECRETARIA DA PROTEÇÃO SOCIAL, JUSTIÇA, CIDADANIA, MULHERES E DIREITOS HUMANOS;CR;Não;Não;Não;Não;R$ 0,00;R$ 0,00;R$ 0,00;R$ 241.624,77;R$ 241.624,77;R$ 241.624,77;REFERENTE A PAGAMENTO DA 5ª MEDIÇÃO DA CONSTRUÇÃO DE UM CENTRO DE EDUCAÇÃO INFANTIL-CEI. PADRÃO IV, NO MUNICÍPIO DE MARACANAÚ-CE. RELATIVO AO PERÍODO DE 21/10/2021- 20/11/2021. CONFORME CONTRATO 552021.
515;1;DINAMICA EMPREENDIMENTOS E SOLUCOES LTDA;NFSE;628;23/12/2021;77;SECRETARIA DA PROTEÇÃO SOCIAL, JUSTIÇA, CIDADANIA, MULHERES E DIREITOS HUMANOS;CR;Não;Não;Não;Não;R$ 0,00;R$ 0,00;R$ 0,00;R$ 83.877,53;R$ 83.877,53;R$ 83.877,53;REFERENTE A PAGAMENTO DA 2ª MEDIÇÃO PARCIAL DA CONSTRUÇÃO DO CENTRO DE EDUCAÇÃO INFANTIL- CEI. PADRÃO IV, NO MUNICÍPIO DE ICAPUÍ-CE. RELATIVO AO PERÍODO DE 21/11/2021 - 20/12/2021. CONFORME CONTRATO 67/2021.
542;1;DINAMICA EMPREENDIMENTOS E SOLUCOES LTDA;NFSE;412;27/12/2021;78;PREFEITURA MUNICIPAL DE PARACURU;CR;Não;Não;Não;Não;R$ 0,00;R$ 0,00;R$ 0,00;R$ 99.933,69;R$ 99.933,69;R$ 99.933,69;QUADRA - HENRIQUE BRAGA
545;1;DINAMICA EMPREENDIMENTOS E SOLUCOES LTDA;NFSE;411;27/12/2021;78;PREFEITURA MUNICIPAL DE PARACURU;CR;Não;Não;Não;Não;R$ 0,00;R$ 0,00;R$ 0,00;R$ 93.741,82;R$ 93.741,82;R$ 93.741,82;CALÇADÃO
517;1;DINAMICA EMPREENDIMENTOS E SOLUCOES LTDA;NFSE;629;29/12/2021;24;MUNICIPIO DE MORRINHOS;CR;Não;Não;Não;Não;R$ 0,00;R$ 0,00;R$ 0,00;R$ 115.751,52;R$ 115.751,52;R$ 115.751,52;4ª MEDIÇÃO - OBJETO: EXECUÇÃO DOS SERVIÇOS DE CONSTRUÇÃO DE 04 (QUATRO) PRAÇAS PÚBLICAS NO BAIRRO CENTRO SEDE DO MUNICÍPIO E NAS LOCALIDADES DE CURRALINHO, JUNCO MANSO I E BOM PRINCÍPIO, JUNTO A SECRETARIA DE INFRAESTRUTURA DO MUNICÍPIO DE MORRINHOS/CE. CONTRATO Nº 20200435. TOMADA DE PREÇOS Nº 2020.09.04.001.
518;1;DINAMICA EMPREENDIMENTOS E SOLUCOES LTDA;NFSE;630;30/12/2021;81;MUNICIPIO DE SENADOR POMPEU - SECRETARIA DE EDUCAÇÃO, CULTURA E DESPORTO;CR;Não;Não;Não;Não;R$ 0,00;R$ 0,00;R$ 0,00;R$ 192.689,87;R$ 192.689,87;R$ 192.689,87;2ª MEDIÇÃO - OBJETO: CONTRATAÇÃO DE EMPRESA ESPECIALIZADA PARA SERVIÇOS DE AMPLIAÇÃO E REFORMA DAS ESCOLAS EEIEF JOSE ANTONIO DE SOUSA LOCALIZADA NO DISTRITO DE ENGENHEIRO JOSÉ LOPES E EEF RAQUEL COSTA LOCALIZADA NO DISTRITO DE BONFIM KM 20, PARA ATENDER AS NECESSIDADES DA SECRETARIA DE EDUCAÇÃO, CULTURA E DESPORTO, DO MUNICÍPIO DE SENADOR POMPEU. CONTRATO N° SE-TP003/2021-01SECD. TOMADA DE PREÇOS nº SE-TP003/2021
617;1;DINAMICA EMPREENDIMENTOS E SOLUCOES LTDA;NFSE;427;30/12/2021;82;PREFEITURA MUNICIPAL DE PARAIPABA;CR;Não;Não;Não;Não;R$ 0,00;R$ 0,00;R$ 0,00;R$ 181.793,91;R$ 181.793,91;R$ 181.793,91;COMPLEXO ESCOLAR
620;1;DINAMICA EMPREENDIMENTOS E SOLUCOES LTDA;NFSE;428;30/12/2021;82;PREFEITURA MUNICIPAL DE PARAIPABA;CR;Não;Não;Não;Não;R$ 0,00;R$ 0,00;R$ 0,00;R$ 207.274,10;R$ 207.274,10;R$ 207.274,10;EDMUNDO PEREIRA
623;1;DINAMICA EMPREENDIMENTOS E SOLUCOES LTDA;NFSE;429;30/12/2021;82;PREFEITURA MUNICIPAL DE PARAIPABA;CR;Não;Não;Não;Não;R$ 0,00;R$ 0,00;R$ 0,00;R$ 181.734,22;R$ 181.734,22;R$ 181.734,22;ALDENOR PEREIRA
547;1;DINAMICA EMPREENDIMENTOS E SOLUCOES LTDA;NFSE;439;31/12/2021;82;PREFEITURA MUNICIPAL DE PARAIPABA;CR;Não;Não;Não;Não;R$ 0,00;R$ 0,00;R$ 0,00;R$ 120.000,00;R$ 120.000,00;R$ 120.000,00;EDMUNDO PEREIRA
548;1;DINAMICA EMPREENDIMENTOS E SOLUCOES LTDA;NFSE;440;31/12/2021;82;PREFEITURA MUNICIPAL DE PARAIPABA;CR;Não;Não;Não;Não;R$ 0,00;R$ 0,00;R$ 0,00;R$ 180.000,00;R$ 180.000,00;R$ 180.000,00;ALDENOR PEREIRA
549;1;DINAMICA EMPREENDIMENTOS E SOLUCOES LTDA;NFSE;441;31/12/2021;82;PREFEITURA MUNICIPAL DE PARAIPABA;CR;Não;Não;Não;Não;R$ 0,00;R$ 0,00;R$ 0,00;R$ 100.000,00;R$ 100.000,00;R$ 100.000,00;COMPLEXO ESCOLAR
586;1;DINAMICA EMPREENDIMENTOS E SOLUCOES LTDA;NFSE;439.;31/12/2021;82;PREFEITURA MUNICIPAL DE PARAIPABA;CR;Não;Não;Não;Não;R$ 0,00;R$ 0,00;R$ 0,00;R$ 110.044,49;R$ 110.044,49;R$ 110.044,49;EDMUNDO PEREIRA
587;1;DINAMICA EMPREENDIMENTOS E SOLUCOES LTDA;NFSE;439..;31/12/2021;82;PREFEITURA MUNICIPAL DE PARAIPABA;CR;Não;Não;Não;Não;R$ 0,00;R$ 0,00;R$ 0,00;R$ 110.747,12;R$ 110.747,12;R$ 110.747,12;EDMUNDO PEREIRA
588;1;DINAMICA EMPREENDIMENTOS E SOLUCOES LTDA;NFSE;440.;31/12/2021;82;PREFEITURA MUNICIPAL DE PARAIPABA;CR;Não;Não;Não;Não;R$ 0,00;R$ 0,00;R$ 0,00;R$ 187.048,69;R$ 187.048,69;R$ 187.048,69;ALDENOR PEREIRA
589;1;DINAMICA EMPREENDIMENTOS E SOLUCOES LTDA;NFSE;441;31/12/2021;82;PREFEITURA MUNICIPAL DE PARAIPABA;CR;Não;Não;Não;Não;R$ 0,00;R$ 0,00;R$ 0,00;R$ 166.400,22;R$ 166.400,22;R$ 166.400,22;COMPLEXO ESCOLAR
590;1;DINAMICA EMPREENDIMENTOS E SOLUCOES LTDA;NFSE;441..;31/12/2021;82;PREFEITURA MUNICIPAL DE PARAIPABA;CR;Não;Não;Não;Não;R$ 0,00;R$ 0,00;R$ 0,00;R$ 140.567,61;R$ 140.567,61;R$ 140.567,61;COMPLEXO ESCOLAR
618;1;DINAMICA EMPREENDIMENTOS E SOLUCOES LTDA;NFSE;441°;31/12/2021;82;PREFEITURA MUNICIPAL DE PARAIPABA;CR;Não;Não;Não;Não;R$ 0,00;R$ 0,00;R$ 0,00;R$ 158.493,41;R$ 158.493,41;R$ 158.493,41;COMPLEXO ESCOLAR
621;1;DINAMICA EMPREENDIMENTOS E SOLUCOES LTDA;NFSE;439;31/12/2021;82;PREFEITURA MUNICIPAL DE PARAIPABA;CR;Não;Não;Não;Não;R$ 0,00;R$ 0,00;R$ 0,00;R$ 87.877,23;R$ 87.877,23;R$ 87.877,23;EDMUNDO PEREIRA
624;1;DINAMICA EMPREENDIMENTOS E SOLUCOES LTDA;NFSE;440;31/12/2021;82;PREFEITURA MUNICIPAL DE PARAIPABA;CR;Não;Não;Não;Não;R$ 0,00;R$ 0,00;R$ 0,00;R$ 95.264,77;R$ 95.264,77;R$ 95.264,77;ALDENOR PEREIRA
627;1;DINAMICA EMPREENDIMENTOS E SOLUCOES LTDA;NFSE;439´;31/12/2021;82;PREFEITURA MUNICIPAL DE PARAIPABA;CR;Não;Não;Não;Não;R$ 0,00;R$ 0,00;R$ 0,00;R$ 56.146,46;R$ 56.146,46;R$ 56.146,46;EDMUNDO PEREIRA
523;1;DINAMICA EMPREENDIMENTOS E SOLUCOES LTDA;DINH;01;04/01/2022;79;CAIXA ECONOMICA FEDERAL;CR;Não;Não;Não;Não;R$ 0,00;R$ 0,00;R$ 0,00;R$ 3.500,00;R$ 3.500,00;R$ 3.500,00;RERIUTABA
520;1;DINAMICA EMPREENDIMENTOS E SOLUCOES LTDA;DEP;07/01/2022;07/01/2022;79;CAIXA ECONOMICA FEDERAL;CR;Não;Não;Não;Não;R$ 0,00;R$ 0,00;R$ 0,00;R$ 18,91;R$ 18,91;R$ 18,91;APLICAÇÃO FINANCEIRO SOBRE O RESGATE
635;1;DINAMICA EMPREENDIMENTOS E SOLUCOES LTDA;DINH;10/01;10/01/2022;79;CAIXA ECONOMICA FEDERAL;CR;Não;Não;Não;Não;R$ 0,00;R$ 0,00;R$ 0,00;R$ 4.200,00;R$ 4.200,00;R$ 4.200,00;LICITAÇÃO DE GRANJA
521;1;DINAMICA EMPREENDIMENTOS E SOLUCOES LTDA;DEP;11/2021;11/01/2022;79;CAIXA ECONOMICA FEDERAL;CR;Não;Não;Não;Não;R$ 0,00;R$ 0,00;R$ 0,00;R$ 57,24;R$ 57,24;R$ 57,24;RECEITA DA APLICAÇÃO FINANCEIRA
522;1;DINAMICA EMPREENDIMENTOS E SOLUCOES LTDA;DEP;01/2021;12/01/2022;79;CAIXA ECONOMICA FEDERAL;CR;Não;Não;Não;Não;R$ 0,00;R$ 0,00;R$ 0,00;R$ 26,12;R$ 26,12;R$ 26,12;APLICAÇÃO FINANCEIRO SOBRE O RESGATE
524;1;DINAMICA EMPREENDIMENTOS E SOLUCOES LTDA;DEP;18/01;18/01/2022;79;CAIXA ECONOMICA FEDERAL;CR;Não;Não;Não;Não;R$ 0,00;R$ 0,00;R$ 0,00;R$ 97,98;R$ 97,98;R$ 97,98;APLICAÇÃO FINANCEIRO SOBRE O RESGATE
525;1;DINAMICA EMPREENDIMENTOS E SOLUCOES LTDA;NFSE;632;18/01/2022;73;MUNICÍPIO DE GRANJEIRO;CR;Não;Não;Não;Não;R$ 0,00;R$ 0,00;R$ 0,00;R$ 241.798,57;R$ 241.798,57;R$ 241.798,57;3ª MEDIÇÃO - OBJETO: CONTRATAÇÃO DE SERVIÇOS DE ENGENHARIA PARA EXECUÇÃO DAS OBRAS DE URBANIZAÇÃO DO AÇUDE JUNCO NO MUNICÍPIO DE GRANJEIRO, CONFORME CONVENIO Nº 014/CIDADES/2021 FIRMADO COM O GOVERNO DO ESTADO DO CEARÁ E O MUNICÍPIO DE GRANJEIRO/CE. CONTRATO N° 2021.10.18.1
526;1;DINAMICA EMPREENDIMENTOS E SOLUCOES LTDA;DINH;22/12/2021;20/01/2022;79;CAIXA ECONOMICA FEDERAL;CR;Não;Não;Não;Não;R$ 0,00;R$ 0,00;R$ 0,00;R$ 11.450,00;R$ 11.450,00;R$ 11.450,00;GRANJA RETIRADA DE 10,000,00 PARA COMPLEMENTO PARAI
534;1;DINAMICA EMPREENDIMENTOS E SOLUCOES LTDA;NFSE;454;20/01/2022;78;PREFEITURA MUNICIPAL DE PARACURU;CR;Não;Não;Não;Não;R$ 0,00;R$ 0,00;R$ 0,00;R$ 105.708,72;R$ 105.708,72;R$ 105.708,72;RODOVIARIA
527;1;DINAMICA EMPREENDIMENTOS E SOLUCOES LTDA;DINH;25/01;25/01/2022;79;CAIXA ECONOMICA FEDERAL;CR;Não;Não;Não;Não;R$ 0,00;R$ 0,00;R$ 0,00;R$ 6.720,00;R$ 6.720,00;R$ 6.720,00;SALDO DE FOLHA OBS. DUAS BAIXAS DEVIDO O 2.000 DE COMPLEMENTO DE VALORES P/PARAC SALDO RESTANTE P/CAIXA FINANCEIRO
528;1;DINAMICA EMPREENDIMENTOS E SOLUCOES LTDA;NFSE;633;25/01/2022;55;MUNICÍPIO DE MARACANAÚ;CR;Não;Não;Não;Não;R$ 0,00;R$ 0,00;R$ 0,00;R$ 7.667,24;R$ 7.667,24;R$ 7.667,24;2ª MEDIÇÃO - OBJETO: CONTRATAÇÃO DE EMPRESA ESPECIALIZADA PARA PRESTAÇÃO DE SERVIÇOS DE MANUTENÇÃO PREVENTIVA E CORRETIVA NA SUBESTAÇÃO DE ENERGIA 13,8KV E COM POTÊNCIA DE 1.525KVA, LOCALIZADA NO HOSPITAL MUNICIPAL DR. JOÃO ELÍSIO DE HOLANDA EM MARACANAÚ, CEARÁ CONTRATO N° 1492.21.07.08.01. CONCORRÊNCIA PÚBLICA Nº 14.001/2021 - CP.
529;1;DINAMICA EMPREENDIMENTOS E SOLUCOES LTDA;NFSE;634;25/01/2022;55;MUNICÍPIO DE MARACANAÚ;CR;Não;Não;Não;Não;R$ 0,00;R$ 0,00;R$ 0,00;R$ 7.667,24;R$ 7.667,24;R$ 7.667,24;3ª MEDIÇÃO - OBJETO: CONTRATAÇÃO DE EMPRESA ESPECIALIZADA PARA PRESTAÇÃO DE SERVIÇOS DE MANUTENÇÃO PREVENTIVA E CORRETIVA NA SUBESTAÇÃO DE ENERGIA 13,8KV E COM POTÊNCIA DE 1.525KVA, LOCALIZADA NO HOSPITAL MUNICIPAL DR. JOÃO ELÍSIO DE HOLANDA EM MARACANAÚ, CEARÁ CONTRATO N° 1492.21.07.08.01. CONCORRÊNCIA PÚBLICA Nº 14.001/2021 - CP.
535;1;DINAMICA EMPREENDIMENTOS E SOLUCOES LTDA;NFSE;469;26/01/2022;78;PREFEITURA MUNICIPAL DE PARACURU;CR;Não;Não;Não;Não;R$ 0,00;R$ 0,00;R$ 0,00;R$ 94.388,21;R$ 94.388,21;R$ 94.388,21;CRECHE FRANCISCA
531;1;DINAMICA EMPREENDIMENTOS E SOLUCOES LTDA;NFSE;459;28/01/2022;78;PREFEITURA MUNICIPAL DE PARACURU;CR;Não;Não;Não;Não;R$ 0,00;R$ 0,00;R$ 0,00;R$ 37.572,39;R$ 37.572,39;R$ 37.572,39;CALÇADÃO
532;1;DINAMICA EMPREENDIMENTOS E SOLUCOES LTDA;NFSE;458;28/01/2022;78;PREFEITURA MUNICIPAL DE PARACURU;CR;Não;Não;Não;Não;R$ 0,00;R$ 0,00;R$ 0,00;R$ 70.395,32;R$ 70.395,32;R$ 70.395,32;CALÇADÃO
533;1;DINAMICA EMPREENDIMENTOS E SOLUCOES LTDA;NFSE;457;28/01/2022;78;PREFEITURA MUNICIPAL DE PARACURU;CR;Não;Não;Não;Não;R$ 0,00;R$ 0,00;R$ 0,00;R$ 71.913,64;R$ 71.913,64;R$ 71.913,64;POSTO
530;1;DINAMICA EMPREENDIMENTOS E SOLUCOES LTDA;NFSE;636;31/01/2022;70;PREFEITURA MUNICIPAL DE TABULEIRO DO NORTE;CR;Não;Não;Não;Não;R$ 0,00;R$ 0,00;R$ 0,00;R$ 201.644,28;R$ 201.644,28;R$ 201.644,28;4ª MEDIÇÃO - OBJETO: CONTRATAÇÃO DE OBRAS E SERVIÇOS DE ENGENHARIA PARA OS SERVIÇOS DE DUPLICAÇÃO DA ENTRADA DA CIDADE, SEDE DO MUNICÍPIO DE TABULEIRO DO NORTE/CE. CONTRATO N° 20200318. MAPP: 4263 CONVÊNIO Nº 065 / CIDADES / 2020.
550;1;DINAMICA EMPREENDIMENTOS E SOLUCOES LTDA;NFSE;637;04/02/2022;6;INSTITUTO FEDERAL DE EDUCAÇÃO, CIÊNCIA E TECNOLOGIA DO CEARÁ;CR;Não;Não;Não;Não;R$ 0,00;R$ 0,00;R$ 0,00;R$ 25.163,14;R$ 25.163,14;R$ 25.163,14;"7ª MEDIÇÃO - OBJETO: CONTRATAÇÃO DE SERVIÇO COMUM DE ENGENHARIA PARA MANUTENÇÃO PREVENTIVA, CORRETIVA E AJUSTES DAS SUBESTAÇÕES, QUADROS GERAIS E DEMAIS EQUIPAMENTOS ELÉTRICOS - CAMPUS REITORIA. ""SERVIÇO EXECUÇÃO CORRETIVA"" CONTRATO Nº 55/2019."
537;1;DINAMICA EMPREENDIMENTOS E SOLUCOES LTDA;DEP;09/02;09/02/2022;79;CAIXA ECONOMICA FEDERAL;CR;Não;Não;Não;Não;R$ 0,00;R$ 0,00;R$ 0,00;R$ 2.410,34;R$ 2.410,34;R$ 2.410,34;RECEITA DA APLICAÇÃO FINANCEIRA
563;1;DINAMICA EMPREENDIMENTOS E SOLUCOES LTDA;DINH;10/02;10/02/2022;79;CAIXA ECONOMICA FEDERAL;CR;Não;Não;Não;Não;R$ 0,00;R$ 0,00;R$ 0,00;R$ 1.750,00;R$ 1.750,00;R$ 1.750,00;MORAUJO
538;1;DINAMICA EMPREENDIMENTOS E SOLUCOES LTDA;DINH;01;11/02/2022;79;CAIXA ECONOMICA FEDERAL;CR;Não;Não;Não;Não;R$ 0,00;R$ 0,00;R$ 0,00;R$ 32.650,00;R$ 32.650,00;R$ 32.650,00;SAQUE
551;1;DINAMICA EMPREENDIMENTOS E SOLUCOES LTDA;NFSE;639;11/02/2022;73;MUNICÍPIO DE GRANJEIRO;CR;Não;Não;Não;Não;R$ 0,00;R$ 0,00;R$ 0,00;R$ 260.578,96;R$ 260.578,96;R$ 260.578,96;4ª MEDIÇÃO - OBJETO: CONTRATAÇÃO DE SERVIÇOS DE ENGENHARIA PARA EXECUÇÃO DAS OBRAS DE URBANIZAÇÃO DO AÇUDE JUNCO NO MUNICÍPIO DE GRANJEIRO, CONFORME CONVENIO Nº 014/CIDADES/2021 FIRMADO COM O GOVERNO DO ESTADO DO CEARÁ E O MUNICÍPIO DE GRANJEIRO/CE. CONTRATO N° 2021.10.18.1
546;1;DINAMICA EMPREENDIMENTOS E SOLUCOES LTDA;NFSE;473;15/02/2022;78;PREFEITURA MUNICIPAL DE PARACURU;CR;Não;Não;Não;Não;R$ 0,00;R$ 0,00;R$ 0,00;R$ 62.704,40;R$ 62.704,40;R$ 62.704,40;POÇO DOCE
553;1;DINAMICA EMPREENDIMENTOS E SOLUCOES LTDA;NFSE;641;18/02/2022;77;SECRETARIA DA PROTEÇÃO SOCIAL, JUSTIÇA, CIDADANIA, MULHERES E DIREITOS HUMANOS;CR;Não;Não;Não;Não;R$ 0,00;R$ 0,00;R$ 0,00;R$ 143.603,31;R$ 143.603,31;R$ 143.603,31;REFERENTE A PAGAMENTO DA 6ª MEDIÇÃO DA CONSTRUÇÃO DE UM CENTRO DE EDUCAÇÃO INFANTIL-CEI. PADRÃO IV, NO MUNICÍPIO DE MARACANAÚ-CE. RELATIVO AO PERÍODO DE 21/12/2021- 20/01/2022. CONFORME CONTRATO 552021.
554;1;DINAMICA EMPREENDIMENTOS E SOLUCOES LTDA;NFSE;643;18/02/2022;77;SECRETARIA DA PROTEÇÃO SOCIAL, JUSTIÇA, CIDADANIA, MULHERES E DIREITOS HUMANOS;CR;Não;Não;Não;Não;R$ 0,00;R$ 0,00;R$ 0,00;R$ 116.351,32;R$ 116.351,32;R$ 116.351,32;REFERENTE A PAGAMENTO DA 3ª MEDIÇÃO PARCIAL DA CONSTRUÇÃO DO CENTRO DE EDUCAÇÃO INFANTIL- CEI. PADRÃO IV, NO MUNICÍPIO DE ICAPUÍ-CE. RELATIVO AO PERÍODO DE 21/12/2021 - 20/01/2022. CONFORME CONTRATO 67/2021.
555;1;DINAMICA EMPREENDIMENTOS E SOLUCOES LTDA;NFSE;644;18/02/2022;77;SECRETARIA DA PROTEÇÃO SOCIAL, JUSTIÇA, CIDADANIA, MULHERES E DIREITOS HUMANOS;CR;Não;Não;Não;Não;R$ 0,00;R$ 0,00;R$ 0,00;R$ 61.658,85;R$ 61.658,85;R$ 61.658,85;REFERENTE A PAGAMENTO DA 1ª MEDIÇÃO PARCIAL DA CONSTRUÇÃO DO CENTRO DE EDUCAÇÃO INFANTIL- CEI. PADRÃO IV, NO MUNICÍPIO DE CASCAVEL-CE. RELATIVO AO PERÍODO DE 21/12/2021 - 20/01/2022. CONFORME CONTRATO 114/2021.
556;1;DINAMICA EMPREENDIMENTOS E SOLUCOES LTDA;NFSE;645;22/02/2022;83;MUNICIPIO DE PENTECOSTE;CR;Não;Não;Não;Não;R$ 0,00;R$ 0,00;R$ 0,00;R$ 66.053,99;R$ 66.053,99;R$ 66.053,99;1ª MEDIÇÃO - OBJETO: CONTRATAÇÃO DE SERVIÇOS PARA EXECUÇÃO DA OBRA DE REFORMA DE EDIFICAÇÃO PARA IMPLANTAÇÃO DA SEDE DO RAIO E POG NO MUNICÍPIO DE PENTECOSTE. CONTRATO N° 01-2021.10.07.52 - TP - ADM. TOMADA DE PREÇOS Nº 2021.10.07.52 - TP - ADM.
552;1;DINAMICA EMPREENDIMENTOS E SOLUCOES LTDA;DINH;01;23/02/2022;79;CAIXA ECONOMICA FEDERAL;CR;Não;Não;Não;Não;R$ 0,00;R$ 0,00;R$ 0,00;R$ 5.950,00;R$ 5.950,00;R$ 5.950,00;ACARAÚ 05/10 E IPU 28/10
570;1;DINAMICA EMPREENDIMENTOS E SOLUCOES LTDA;NFSE;646;25/02/2022;55;MUNICÍPIO DE MARACANAÚ;CR;Não;Não;Não;Não;R$ 0,00;R$ 0,00;R$ 0,00;R$ 100.317,41;R$ 100.317,41;R$ 100.317,41;VALOR REFERENTE AO REPASSE DA 12ª MEDIÇÃO DOS SERVIÇOS DE REFORMA DE UNIDADE DE ATENÇÃO ESPECIALIZADA EM SAÚDE DO HOSPITAL MUNICIPAL DR. JOÃO ELÍSIO DE HOLANDA, MUNICÍPIO DE MARACANAÚ, CORRESPONDENTE AO PT 0375348-16 DA CAIXA ECONÔMICA FEDERAL, CONVÊNIO N.º 768783, DO MINISTÉRIO DA SAÚDE.
571;1;DINAMICA EMPREENDIMENTOS E SOLUCOES LTDA;NFSE;647;25/02/2022;55;MUNICÍPIO DE MARACANAÚ;CR;Não;Não;Não;Não;R$ 0,00;R$ 0,00;R$ 0,00;R$ 100.317,41;R$ 100.317,41;R$ 100.317,41;VALOR REFERENTE AO CONTRAPARTIDA DA 12ª MEDIÇÃO DOS SERVIÇOS DE REFORMA DE UNIDADE DE ATENÇÃO ESPECIALIZADA EM SAÚDE DO HOSPITAL MUNICIPAL DR. JOÃO ELÍSIO DE HOLANDA, MUNICÍPIO DE MARACANAÚ, CORRESPONDENTE AO PT 0375348-16 DA CAIXA ECONÔMICA FEDERAL, CONVÊNIO N.º 768783, DO MINISTÉRIO DA SAÚDE.
634;1;DINAMICA EMPREENDIMENTOS E SOLUCOES LTDA;DINH;28/02;28/02/2022;79;CAIXA ECONOMICA FEDERAL;CR;Não;Não;Não;Não;R$ 0,00;R$ 0,00;R$ 0,00;R$ 8.800,00;R$ 8.800,00;R$ 8.800,00;LICITAÇÃO DE CARIRE
557;1;DINAMICA EMPREENDIMENTOS E SOLUCOES LTDA;NFSE;650;02/03/2022;83;MUNICIPIO DE PENTECOSTE;CR;Não;Não;Não;Não;R$ 0,00;R$ 0,00;R$ 0,00;R$ 161.259,83;R$ 161.259,83;R$ 161.259,83;2ª MEDIÇÃO - OBJETO: CONTRATAÇÃO DE SERVIÇOS PARA EXECUÇÃO DA OBRA DE REFORMA DE EDIFICAÇÃO PARA IMPLANTAÇÃO DA SEDE DO RAIO E POG NO MUNICÍPIO DE PENTECOSTE. CONTRATO N° 01-2021.10.07.52 - TP - ADM. TOMADA DE PREÇOS Nº 2021.10.07.52 - TP - ADM.
559;1;DINAMICA EMPREENDIMENTOS E SOLUCOES LTDA;NFSE;648;02/03/2022;55;MUNICÍPIO DE MARACANAÚ;CR;Não;Não;Não;Não;R$ 0,00;R$ 0,00;R$ 0,00;R$ 7.667,24;R$ 7.667,24;R$ 7.667,24;4ª MEDIÇÃO - OBJETO: CONTRATAÇÃO DE EMPRESA ESPECIALIZADA PARA PRESTAÇÃO DE SERVIÇOS DE MANUTENÇÃO PREVENTIVA E CORRETIVA NA SUBESTAÇÃO DE ENERGIA 13,8KV E COM POTÊNCIA DE 1.525KVA, LOCALIZADA NO HOSPITAL MUNICIPAL DR. JOÃO ELÍSIO DE HOLANDA EM MARACANAÚ, CEARÁ CONTRATO N° 1492.21.07.08.01. CONCORRÊNCIA PÚBLICA Nº 14.001/2021 - CP.
567;1;DINAMICA EMPREENDIMENTOS E SOLUCOES LTDA;NFSE;649;02/03/2022;55;MUNICÍPIO DE MARACANAÚ;CR;Não;Não;Não;Não;R$ 0,00;R$ 0,00;R$ 0,00;R$ 461.956,27;R$ 461.956,27;R$ 461.956,27;MEDIÇÃO - REFERENTE A 12,9913% DO TERCEIRO ADITIVO DE REAJUSTE CONTRATUAL, DOS SERVIÇOS DE REFORMA DE UNIDADE DE ATENÇÃO ESPECIALIZADA EM SAÚDE DO HOSPITAL MUNICIPAL DR. JOÃO ELÍSIO DE HOLANDA, MUNICÍPIO DE MARACANAÚ.
572;1;DINAMICA EMPREENDIMENTOS E SOLUCOES LTDA;NFSE;651;02/03/2022;80;PREFEITURA MUNICIPAL DE CAMPOS SALES - CE;CR;Não;Não;Não;Não;R$ 0,00;R$ 0,00;R$ 0,00;R$ 12.198,29;R$ 12.198,29;R$ 12.198,29;3ª MEDIÇÃO - OBJETO: CONTRATAÇÃO DE EMPRESA ESPECIALIZADA PARA CONSTRUÇÃO DE UM ESPAÇO EDUCATIVO RURAL E URBANO - 6 SALAS DE AULA, PRÉ-OBRA 3187890, NA RUA LO-03, S/N LOTEAMENTO PORTAL DA CIDADE NO MUNICÍPIO DE CAMPOS SALES/CE. TOMADA DE PREÇOS - Nº 2021.07.06.40.TP.FME. CONTRATO N° 001-2021.07.06.40.TP.FME
573;1;DINAMICA EMPREENDIMENTOS E SOLUCOES LTDA;NFSE;652;02/03/2022;80;PREFEITURA MUNICIPAL DE CAMPOS SALES - CE;CR;Não;Não;Não;Não;R$ 0,00;R$ 0,00;R$ 0,00;R$ 23.281,70;R$ 23.281,70;R$ 23.281,70;1ª MEDIÇÃO - OBJETO: CONTRATAÇÃO DE EMPRESA ESPECIALIZADA PARA CONSTRUÇÃO DE UMA QUADRA ESCOLAR POLIESPORTIVA COM COBERTURA E VESTIÁRIOS MODELO 02 - PRÉ-OBRA ID-3074371 NA E.E.I.F. PRESIDENTE CASTELO BRANCO, NO MUNICÍPIO DE CAMPOS SALES/CE. TOMADA DE PREÇOS - Nº 2021.07.06.39.TP.FME. CONTRATO N° 001-2021.06.39.TP.FME
574;1;DINAMICA EMPREENDIMENTOS E SOLUCOES LTDA;NFSE;653;02/03/2022;80;PREFEITURA MUNICIPAL DE CAMPOS SALES - CE;CR;Não;Não;Não;Não;R$ 0,00;R$ 0,00;R$ 0,00;R$ 29.313,15;R$ 29.313,15;R$ 29.313,15;2ª MEDIÇÃO - OBJETO: CONTRATAÇÃO DE EMPRESA ESPECIALIZADA PARA CONSTRUÇÃO DE UMA QUADRA ESCOLAR POLIESPORTIVA COM COBERTURA E VESTIÁRIOS MODELO 02 - PRÉ-OBRA ID-3074371 NA E.E.I.F. PRESIDENTE CASTELO BRANCO, NO MUNICÍPIO DE CAMPOS SALES/CE. TOMADA DE PREÇOS - Nº 2021.07.06.39.TP.FME. CONTRATO N° 001-2021.06.39.TP.FME
591;1;DINAMICA EMPREENDIMENTOS E SOLUCOES LTDA;NFSE;482;04/03/2022;78;PREFEITURA MUNICIPAL DE PARACURU;CR;Não;Não;Não;Não;R$ 0,00;R$ 0,00;R$ 0,00;R$ 109.104,84;R$ 109.104,84;R$ 109.104,84;CRECHE FRANCISCA
592;1;DINAMICA EMPREENDIMENTOS E SOLUCOES LTDA;NFSE;483;04/03/2022;78;PREFEITURA MUNICIPAL DE PARACURU;CR;Não;Não;Não;Não;R$ 0,00;R$ 0,00;R$ 0,00;R$ 27.805,65;R$ 27.805,65;R$ 27.805,65;ADITIVO - CALÇADÃO
593;1;DINAMICA EMPREENDIMENTOS E SOLUCOES LTDA;NFSE;484;04/03/2022;78;PREFEITURA MUNICIPAL DE PARACURU;CR;Não;Não;Não;Não;R$ 0,00;R$ 0,00;R$ 0,00;R$ 24.854,71;R$ 24.854,71;R$ 24.854,71;CALÇADÃO
561;1;DINAMICA EMPREENDIMENTOS E SOLUCOES LTDA;NFSE;655;07/03/2022;29;MUNICÍPIO DE ITAITINGA;CR;Não;Não;Não;Não;R$ 0,00;R$ 0,00;R$ 0,00;R$ 100.804,00;R$ 100.804,00;R$ 100.804,00;REFERENTE A 3° MEDIÇÃO DA PAVIMENTAÇÃO EM PEDRA TOSCA E CONSTRUÇÃO DE PASSEIO EM DIVERSAS RUAS DO BAIRRO GERERAÚ MUNICÍPIO DE ITAITINGA/CE, CONFORME PT 1054163-56 JUNTO A SECRETARIA DE INFRAESTRUTURA, EMPENHO N° 04.03.0001 E CONTRATO N° 2509.02/2019/TP.
558;1;DINAMICA EMPREENDIMENTOS E SOLUCOES LTDA;NFSE;656;09/03/2022;77;SECRETARIA DA PROTEÇÃO SOCIAL, JUSTIÇA, CIDADANIA, MULHERES E DIREITOS HUMANOS;CR;Não;Não;Não;Não;R$ 0,00;R$ 0,00;R$ 0,00;R$ 113.545,25;R$ 113.545,25;R$ 113.545,25;REFERENTE A PAGAMENTO DA 4ª MEDIÇÃO PARCIAL DA CONSTRUÇÃO DO CENTRO DE EDUCAÇÃO INFANTIL- CEI. PADRÃO IV, NO MUNICÍPIO DE ICAPUÍ-CE. RELATIVO AO PERÍODO DE 21/01/2022 - 20/02/2022. CONFORME CONTRATO 67/2021.
562;1;DINAMICA EMPREENDIMENTOS E SOLUCOES LTDA;NFSE;657;09/03/2022;29;MUNICÍPIO DE ITAITINGA;CR;Não;Não;Não;Não;R$ 0,00;R$ 0,00;R$ 0,00;R$ 80.184,03;R$ 80.184,03;R$ 80.184,03;REFERENTE A 4° MEDIÇÃO DA PAVIMENTAÇÃO EM PEDRA TOSCA E CONSTRUÇÃO DE PASSEIO EM DIVERSAS RUAS DO BAIRRO GERERAÚ MUNICÍPIO DE ITAITINGA/CE, CONFORME PT 1054163-56 JUNTO A SECRETARIA DE INFRAESTRUTURA, EMPENHO N° 04.03.0001 E CONTRATO N° 2509.02/2019/TP.
564;1;DINAMICA EMPREENDIMENTOS E SOLUCOES LTDA;NFSE;658;10/03/2022;81;MUNICIPIO DE SENADOR POMPEU - SECRETARIA DE EDUCAÇÃO, CULTURA E DESPORTO;CR;Não;Não;Não;Não;R$ 0,00;R$ 0,00;R$ 0,00;R$ 56.146,10;R$ 56.146,10;R$ 56.146,10;1ª MEDIÇÃO - OBJETO: CONSTRUÇÃO DE ESPAÇO EDUCATIVO URBANO 12 SALAS DE AULA, NA SEDE DO MUNICÍPIO, ATRAVÉS DA SECRETARIA DE EDUCAÇÃO, CULTURA E DESPORTO, DE MUNICÍPIO DE SENADOR POMPEU. CONTRATO N° SE-CP001/2021-01-SECD. CONCORRÊNCIA PÚBLICA Nº SE-CP001/2021.
560;1;DINAMICA EMPREENDIMENTOS E SOLUCOES LTDA;NFSE;659;11/03/2022;83;MUNICIPIO DE PENTECOSTE;CR;Não;Não;Não;Não;R$ 0,00;R$ 0,00;R$ 0,00;R$ 121.098,94;R$ 121.098,94;R$ 121.098,94;3ª MEDIÇÃO - OBJETO: CONTRATAÇÃO DE SERVIÇOS PARA EXECUÇÃO DA OBRA DE REFORMA DE EDIFICAÇÃO PARA IMPLANTAÇÃO DA SEDE DO RAIO E POG NO MUNICÍPIO DE PENTECOSTE. CONTRATO N° 01-2021.10.07.52 - TP - ADM. TOMADA DE PREÇOS Nº 2021.10.07.52 - TP - ADM.
566;1;DINAMICA EMPREENDIMENTOS E SOLUCOES LTDA;NFSE;660;15/03/2022;9;INSTITUTO FEDERAL DE EDUCAÇÃO, CIÊNCIA E TECNOLOGIA DO CEARÁ;CR;Não;Não;Não;Não;R$ 0,00;R$ 0,00;R$ 0,00;R$ 25.142,21;R$ 25.142,21;R$ 25.142,21;"4ª MEDIÇÃO - OBJETO: CONTRATAÇÃO DE SERVIÇO COMUM DE ENGENHARIA PARA MANUTENÇÃO PREVENTIVA, CORRETIVA E AJUSTES DAS SUBESTAÇÕES, QUADROS GERAIS E DEMAIS EQUIPAMENTOS ELÉTRICOS - CAMPUS BOA VIAGEM. ""SERVIÇO EXECUÇÃO CORRETIVA""CONTRATO Nº 06/2019."
565;1;DINAMICA EMPREENDIMENTOS E SOLUCOES LTDA;NFSE;661;16/03/2022;81;MUNICIPIO DE SENADOR POMPEU - SECRETARIA DE EDUCAÇÃO, CULTURA E DESPORTO;CR;Não;Não;Não;Não;R$ 0,00;R$ 0,00;R$ 0,00;R$ 44.823,08;R$ 44.823,08;R$ 44.823,08;2ª MEDIÇÃO - OBJETO: CONSTRUÇÃO DE ESPAÇO EDUCATIVO URBANO 12 SALAS DE AULA, NA SEDE DO MUNICÍPIO, ATRAVÉS DA SECRETARIA DE EDUCAÇÃO, CULTURA E DESPORTO, DE MUNICÍPIO DE SENADOR POMPEU. CONTRATO N° SE-CP001/2021-01-SECD. CONCORRÊNCIA PÚBLICA Nº SE-CP001/2021.
585;1;DINAMICA EMPREENDIMENTOS E SOLUCOES LTDA;NFSE;662;23/03/2022;7;INSTITUTO FEDERAL DE EDUCAÇÃO, CIÊNCIA E TECNOLOGIA DO CEARÁ;CR;Não;Não;Não;Não;R$ 0,00;R$ 0,00;R$ 0,00;R$ 8.105,75;R$ 8.105,75;R$ 8.105,75;2ª MEDIÇÃO - OBJETO: CONTRATAÇÃO DE SERVIÇO COMUM DE ENGENHARIA PARA MANUTENÇÃO PREVENTIVA, CORRETIVA E AJUSTES DAS SUBESTAÇÕES, QUADROS GERAIS E DEMAIS EQUIPAMENTOS ELÉTRICOS - CAMPUS JAGUARIBE. CONTRATO Nº 07/2019.
568;1;DINAMICA EMPREENDIMENTOS E SOLUCOES LTDA;NFSE;668;24/03/2022;81;MUNICIPIO DE SENADOR POMPEU - SECRETARIA DE EDUCAÇÃO, CULTURA E DESPORTO;CR;Não;Não;Não;Não;R$ 0,00;R$ 0,00;R$ 0,00;R$ 17.705,09;R$ 17.705,09;R$ 17.705,09;3ª MEDIÇÃO - OBJETO: CONSTRUÇÃO DE ESPAÇO EDUCATIVO URBANO 12 SALAS DE AULA, NA SEDE DO MUNICÍPIO, ATRAVÉS DA SECRETARIA DE EDUCAÇÃO, CULTURA E DESPORTO, DE MUNICÍPIO DE SENADOR POMPEU.CONTRATO N° SE-CP001/2021-01-SECD. CONCORRÊNCIA PÚBLICA Nº SE-CP001/2021.
575;1;DINAMICA EMPREENDIMENTOS E SOLUCOES LTDA;NFSE;667;24/03/2022;81;MUNICIPIO DE SENADOR POMPEU - SECRETARIA DE EDUCAÇÃO, CULTURA E DESPORTO;CR;Não;Não;Não;Não;R$ 0,00;R$ 0,00;R$ 0,00;R$ 208.029,75;R$ 208.029,75;R$ 208.029,75;3ª MEDIÇÃO - OBJETO: CONTRATAÇÃO DE EMPRESA ESPECIALIZADA PARA SERVIÇOS DE AMPLIAÇÃO E REFORMA DAS ESCOLAS EEIEF JOSE ANTONIO DE SOUSA LOCALIZADA NO DISTRITO DE ENGENHEIRO JOSÉ LOPES E EEF RAQUEL COSTA LOCALIZADA NO DISTRITO DE BONFIM KM 20, PARA ATENDER AS NECESSIDADES DA SECRETARIA DE EDUCAÇÃO, CULTURA E DESPORTO, DO MUNICÍPIO DE SENADOR POMPEU. CONTRATO N° SE-TP003/2021-01SECD. TOMADA DE PREÇOS nº SE-TP003/2021
577;1;DINAMICA EMPREENDIMENTOS E SOLUCOES LTDA;NFSE;672;30/03/2022;84;FERMOJU - TJCE;CR;Não;Não;Não;Não;R$ 0,00;R$ 0,00;R$ 0,00;R$ 18.134,58;R$ 18.134,58;R$ 18.134,58;1ª MEDIÇÃO - OBJETO: CONTRATAÇÃO DE EMPRESA ESPECIALIZADA EM ENGENHARIA PARA EXECUÇÃO DO PROJETO DE REFORMA TOTAL DO FÓRUM DA COMARCA DE AURORA-CE. CONTRATO N° 47 / 2021. CONCORRÊNCIA PÚBLICA Nº 01 / 2021.
578;1;DINAMICA EMPREENDIMENTOS E SOLUCOES LTDA;NFSE;673;30/03/2022;84;FERMOJU - TJCE;CR;Não;Não;Não;Não;R$ 0,00;R$ 0,00;R$ 0,00;R$ 52.358,32;R$ 52.358,32;R$ 52.358,32;2ª MEDIÇÃO - OBJETO: CONTRATAÇÃO DE EMPRESA ESPECIALIZADA EM ENGENHARIA PARA EXECUÇÃO DO PROJETO DE REFORMA TOTAL DO FÓRUM DA COMARCA DE AURORA-CE. CONTRATO N° 47 / 2021. CONCORRÊNCIA PÚBLICA Nº 01 / 2021.
579;1;DINAMICA EMPREENDIMENTOS E SOLUCOES LTDA;NFSE;674;30/03/2022;84;FERMOJU - TJCE;CR;Não;Não;Não;Não;R$ 0,00;R$ 0,00;R$ 0,00;R$ 56.078,24;R$ 56.078,24;R$ 56.078,24;3ª MEDIÇÃO - OBJETO: CONTRATAÇÃO DE EMPRESA ESPECIALIZADA EM ENGENHARIA PARA EXECUÇÃO DO PROJETO DE REFORMA TOTAL DO FÓRUM DA COMARCA DE AURORA-CE. CONTRATO N° 47 / 2021. CONCORRÊNCIA PÚBLICA Nº 01 / 2021.
569;1;DINAMICA EMPREENDIMENTOS E SOLUCOES LTDA;DEP;301;31/03/2022;79;CAIXA ECONOMICA FEDERAL;CR;Não;Não;Não;Não;R$ 0,00;R$ 0,00;R$ 0,00;R$ 285.622,91;R$ 285.622,91;R$ 285.622,91;CREDITO DE EMPRESTIMO
580;1;DINAMICA EMPREENDIMENTOS E SOLUCOES LTDA;NFSE;675;01/04/2022;24;MUNICIPIO DE MORRINHOS;CR;Não;Não;Não;Não;R$ 0,00;R$ 0,00;R$ 0,00;R$ 23.756,12;R$ 23.756,12;R$ 23.756,12;1ª MEDIÇÃO - OBJETO: CONTRATAÇÃO DA PRESTAÇÃO DE SERVIÇOS DE EXECUÇÃO DOS SERVIÇOS REMANESCENTES DA OBRA DE PAVIMENTAÇÃO E URBANIZAÇÃO DA AV. BEIRA RIO, JUNTO A SECRETARIA DE INFRAESTRUTURA DO MUNICÍPIO DE MORRINHOS/CE. CONTRATO Nº 20200413.TOMADA DE PREÇOS Nº 2020.09.03.001.
581;1;DINAMICA EMPREENDIMENTOS E SOLUCOES LTDA;NFSE;676;01/04/2022;24;MUNICIPIO DE MORRINHOS;CR;Não;Não;Não;Não;R$ 0,00;R$ 0,00;R$ 0,00;R$ 13.723,31;R$ 13.723,31;R$ 13.723,31;1ª (ADITIVO) MEDIÇÃO - OBJETO: CONTRATAÇÃO DA PRESTAÇÃO DE SERVIÇOS DE EXECUÇÃO DOS SERVIÇOS REMANESCENTES DA OBRA DE PAVIMENTAÇÃO E URBANIZAÇÃO DA AV. BEIRA RIO, JUNTO A SECRETARIA DE INFRAESTRUTURA DO MUNICÍPIO DE MORRINHOS/CE. CONTRATO Nº 20200413.TOMADA DE PREÇOS Nº 2020.09.03.001.
582;1;DINAMICA EMPREENDIMENTOS E SOLUCOES LTDA;NFSE;677;01/04/2022;77;SECRETARIA DA PROTEÇÃO SOCIAL, JUSTIÇA, CIDADANIA, MULHERES E DIREITOS HUMANOS;CR;Não;Não;Não;Não;R$ 0,00;R$ 0,00;R$ 0,00;R$ 61.877,31;R$ 61.877,31;R$ 61.877,31;REFERENTE A PAGAMENTO DA 7ª MEDIÇÃO DA CONSTRUÇÃO DE UM CENTRO DE EDUCAÇÃO INFANTIL-CEI. PADRÃO IV, NO MUNICÍPIO DE MARACANAÚ-CE. RELATIVO AO PERÍODO DE 21/01/2022- 16/02/2022. CONFORME CONTRATO 552021.
583;1;DINAMICA EMPREENDIMENTOS E SOLUCOES LTDA;NFSE;679;04/04/2022;77;SECRETARIA DA PROTEÇÃO SOCIAL, JUSTIÇA, CIDADANIA, MULHERES E DIREITOS HUMANOS;CR;Não;Não;Não;Não;R$ 0,00;R$ 0,00;R$ 0,00;R$ 113.880,06;R$ 113.880,06;R$ 113.880,06;REFERENTE A PAGAMENTO DA 2ª MEDIÇÃO PARCIAL DA CONSTRUÇÃO DO CENTRO DE EDUCAÇÃO INFANTIL- CEI. PADRÃO IV, NO MUNICÍPIO DE CASCAVEL-CE. RELATIVO AO PERÍODO DE 21/01/2022 - 20/02/2022. CONFORME CONTRATO 114/2021.
594;1;DINAMICA EMPREENDIMENTOS E SOLUCOES LTDA;NFSE;681;07/04/2022;80;PREFEITURA MUNICIPAL DE CAMPOS SALES - CE;CR;Não;Não;Não;Não;R$ 0,00;R$ 0,00;R$ 0,00;R$ 93.407,09;R$ 93.407,09;R$ 93.407,09;1ª MEDIÇÃO - OBJETO: CONTRATAÇÃO DE EMPRESA ESPECIALIZADA PARA CONSTRUÇÃO DE PROJETO ESPAÇO EDUCATIVO URBANO - 12 SALAS DE AULA NO BAIRRO PORTAL DA CIDADE NO MUNICÍPIO DE CAMPOS SALES/CE. CONCORRÊNCIA PÚBLICA - Nº 2021.08.31.50.CP.FME. CONTRATO N° 2021.11.30.CP.FME
595;1;DINAMICA EMPREENDIMENTOS E SOLUCOES LTDA;NFSE;683;11/04/2022;84;FERMOJU - TJCE;CR;Não;Não;Não;Não;R$ 0,00;R$ 0,00;R$ 0,00;R$ 80.891,14;R$ 80.891,14;R$ 80.891,14;4ª MEDIÇÃO - OBJETO: CONTRATAÇÃO DE EMPRESA ESPECIALIZADA EM ENGENHARIA PARA EXECUÇÃO DO PROJETO DE REFORMA TOTAL DO FÓRUM DA COMARCA DE AURORA-CE. CONTRATO N° 47 / 2021. CONCORRÊNCIA PÚBLICA Nº 01 / 2021.
596;1;DINAMICA EMPREENDIMENTOS E SOLUCOES LTDA;NFSE;682;11/04/2022;83;MUNICIPIO DE PENTECOSTE;CR;Não;Não;Não;Não;R$ 0,00;R$ 0,00;R$ 0,00;R$ 200.218,31;R$ 200.218,31;R$ 200.218,31;4ª MEDIÇÃO - OBJETO: CONTRATAÇÃO DE SERVIÇOS PARA EXECUÇÃO DA OBRA DE REFORMA DE EDIFICAÇÃO PARA IMPLANTAÇÃO DA SEDE DO RAIO E POG NO MUNICÍPIO DE PENTECOSTE. CONTRATO N° 01-2021.10.07.52 - TP - ADM. TOMADA DE PREÇOS Nº 2021.10.07.52 - TP - ADM.
584;1;DINAMICA EMPREENDIMENTOS E SOLUCOES LTDA;NFSE;686;20/04/2022;17;INSTITUTO FEDERAL DE EDUCAÇÃO, CIÊNCIA E TECNOLOGIA DO CEARÁ;CR;Não;Não;Não;Não;R$ 0,00;R$ 0,00;R$ 0,00;R$ 6.379,59;R$ 6.379,59;R$ 6.379,59;6ª MEDIÇÃO - OBJETO: CONTRATAÇÃO DE SERVIÇO COMUM DE ENGENHARIA PARA MANUTENÇÃO DE SUBESTAÇÕES DE ENERGIA ELÉTRICA ATÉ 69k - MANUTENÇÃO SUBESTAÇÃO, QUADROS E EQUIPAMENTOS ELÉTRICOS - SERVIÇOS CAMPUS FORTALEZA. CONTRATO Nº 14/2019.
597;1;DINAMICA EMPREENDIMENTOS E SOLUCOES LTDA;NFSE;684;20/04/2022;81;MUNICIPIO DE SENADOR POMPEU - SECRETARIA DE EDUCAÇÃO, CULTURA E DESPORTO;CR;Não;Não;Não;Não;R$ 0,00;R$ 0,00;R$ 0,00;R$ 33.293,52;R$ 33.293,52;R$ 33.293,52;4ª MEDIÇÃO - OBJETO: CONSTRUÇÃO DE ESPAÇO EDUCATIVO URBANO 12 SALAS DE AULA, NA SEDE DO MUNICÍPIO, ATRAVÉS DA SECRETARIA DE EDUCAÇÃO, CULTURA E DESPORTO, DE MUNICÍPIO DE SENADOR POMPEU.CONTRATO N° SE-CP001/2021-01-SECD. CONCORRÊNCIA PÚBLICA Nº SE-CP001/2021.
598;1;DINAMICA EMPREENDIMENTOS E SOLUCOES LTDA;NFSE;687;22/04/2022;77;SECRETARIA DA PROTEÇÃO SOCIAL, JUSTIÇA, CIDADANIA, MULHERES E DIREITOS HUMANOS;CR;Não;Não;Não;Não;R$ 0,00;R$ 0,00;R$ 0,00;R$ 105.864,67;R$ 105.864,67;R$ 105.864,67;REFERENTE A PAGAMENTO DA 5ª MEDIÇÃO PARCIAL DA CONSTRUÇÃO DO CENTRO DE EDUCAÇÃO INFANTIL- CEI. PADRÃO IV, NO MUNICÍPIO DE ICAPUÍ-CE. RELATIVO AO PERÍODO DE 21/01/2022 - 20/02/2022. CONFORME CONTRATO 67/2021.
599;1;DINAMICA EMPREENDIMENTOS E SOLUCOES LTDA;NFSE;688;22/04/2022;77;SECRETARIA DA PROTEÇÃO SOCIAL, JUSTIÇA, CIDADANIA, MULHERES E DIREITOS HUMANOS;CR;Não;Não;Não;Não;R$ 0,00;R$ 0,00;R$ 0,00;R$ 145.512,46;R$ 145.512,46;R$ 145.512,46;REFERENTE A PAGAMENTO DA 8ª MEDIÇÃO DA CONSTRUÇÃO DE UM CENTRO DE EDUCAÇÃO INFANTIL-CEI. PADRÃO IV, NO MUNICÍPIO DE MARACANAÚ-CE. RELATIVO AO PERÍODO DE 21/01/2022- 16/02/2022. CONFORME CONTRATO 552021.
600;1;DINAMICA EMPREENDIMENTOS E SOLUCOES LTDA;NFSE;689;22/04/2022;77;SECRETARIA DA PROTEÇÃO SOCIAL, JUSTIÇA, CIDADANIA, MULHERES E DIREITOS HUMANOS;CR;Não;Não;Não;Não;R$ 0,00;R$ 0,00;R$ 0,00;R$ 96.299,34;R$ 96.299,34;R$ 96.299,34;REFERENTE A PAGAMENTO DA 3ª MEDIÇÃO PARCIAL DA CONSTRUÇÃO DO CENTRO DE EDUCAÇÃO INFANTIL- CEI. PADRÃO IV, NO MUNICÍPIO DE CASCAVEL-CE. RELATIVO AO PERÍODO DE 21/01/2022 - 20/02/2022. CONFORME CONTRATO 114/2021.
601;1;DINAMICA EMPREENDIMENTOS E SOLUCOES LTDA;NFSE;690;25/04/2022;55;MUNICÍPIO DE MARACANAÚ;CR;Não;Não;Não;Não;R$ 0,00;R$ 0,00;R$ 0,00;R$ 7.667,24;R$ 7.667,24;R$ 7.667,24;5ª MEDIÇÃO - OBJETO: CONTRATAÇÃO DE EMPRESA ESPECIALIZADA PARA PRESTAÇÃO DE SERVIÇOS DE MANUTENÇÃO PREVENTIVA E CORRETIVA NA SUBESTAÇÃO DE ENERGIA 13,8KV E COM POTÊNCIA DE 1.525KVA, LOCALIZADA NO HOSPITAL MUNICIPAL DR. JOÃO ELÍSIO DE HOLANDA EM MARACANAÚ, CEARÁ CONTRATO N° 1492.21.07.08.01. CONCORRÊNCIA PÚBLICA Nº 14.001/2021 - CP.
602;1;DINAMICA EMPREENDIMENTOS E SOLUCOES LTDA;DEP;25/04;25/04/2022;85;CLUB COSMETICOS;CR;Não;Não;Não;Não;R$ 0,00;R$ 0,00;R$ 0,00;R$ 30.000,00;R$ 30.000,00;R$ 30.000,00;ENTRADA
603;1;DINAMICA EMPREENDIMENTOS E SOLUCOES LTDA;DEP;373218/428819;26/04/2022;79;CAIXA ECONOMICA FEDERAL;CR;Não;Não;Não;Não;R$ 0,00;R$ 0,00;R$ 0,00;R$ 101.596,58;R$ 101.596,58;R$ 101.596,58;EMPRESTIMO 100.000,00 E SALDO DO SEGURO 1.596,58
636;1;DINAMICA EMPREENDIMENTOS E SOLUCOES LTDA;DINH;28/04;28/04/2022;79;CAIXA ECONOMICA FEDERAL;CR;Não;Não;Não;Não;R$ 0,00;R$ 0,00;R$ 0,00;R$ 3.780,00;R$ 3.780,00;R$ 3.780,00;LICITAÇÃO DE ACARAU
625;1;DINAMICA EMPREENDIMENTOS E SOLUCOES LTDA;BOL;ADITIVO;01/05/2022;85;CLUB COSMETICOS;CR;Não;Não;Não;Não;R$ 0,00;R$ 0,00;R$ 0,00;R$ 14.109,48;R$ 14.109,48;R$ 14.109,48;
604;1;DINAMICA EMPREENDIMENTOS E SOLUCOES LTDA;NFSE;692;06/05/2022;83;MUNICIPIO DE PENTECOSTE;CR;Não;Não;Não;Não;R$ 0,00;R$ 0,00;R$ 0,00;R$ 90.261,44;R$ 90.261,44;R$ 90.261,44;5ª MEDIÇÃO - OBJETO: CONTRATAÇÃO DE SERVIÇOS PARA EXECUÇÃO DA OBRA DE REFORMA DE EDIFICAÇÃO PARA IMPLANTAÇÃO DA SEDE DO RAIO E POG NO MUNICÍPIO DE PENTECOSTE. CONTRATO N° 01-2021.10.07.52 - TP - ADM. TOMADA DE PREÇOS Nº 2021.10.07.52 - TP - ADM.
667;1;DINAMICA EMPREENDIMENTOS E SOLUCOES LTDA;DINH;01;06/05/2022;79;CAIXA ECONOMICA FEDERAL;CR;Não;Não;Não;Não;R$ 0,00;R$ 0,00;R$ 0,00;R$ 7.000,00;R$ 7.000,00;R$ 7.000,00;CRUZ E MARACANAÚ
605;1;DINAMICA EMPREENDIMENTOS E SOLUCOES LTDA;NFSE;693;09/05/2022;77;SECRETARIA DA PROTEÇÃO SOCIAL, JUSTIÇA, CIDADANIA, MULHERES E DIREITOS HUMANOS;CR;Não;Não;Não;Não;R$ 0,00;R$ 0,00;R$ 0,00;R$ 99.311,04;R$ 99.311,04;R$ 99.311,04;REFERENTE A PAGAMENTO DA 6ª MEDIÇÃO PARCIAL DA CONSTRUÇÃO DO CENTRO DE EDUCAÇÃO INFANTIL- CEI. PADRÃO IV, NO MUNICÍPIO DE ICAPUÍ-CE. RELATIVO AO PERÍODO DE 21/01/2022 - 20/02/2022. CONFORME CONTRATO 67/2021.
606;1;DINAMICA EMPREENDIMENTOS E SOLUCOES LTDA;NFSE;694;10/05/2022;86;MUNICIPIO DE ASSARÉ;CR;Não;Não;Não;Não;R$ 0,00;R$ 0,00;R$ 0,00;R$ 200.272,85;R$ 200.272,85;R$ 200.272,85;1ª MEDIÇÃO - OBJETO: CONTRATAÇÃO DE SERVIÇOS DE ENGENHARIA PARA A EXECUÇÃO DAS OBRAS DE CONCLUSÃO DA CONSTRUÇÃO DE CRECHE PROINFÂNCIA TIPO I LOCALIZADA DA SEDE DO MUNICÍPIO DE ASSARÉ/CE. TERMO DO CONVÊNIO PAC2 Nº 5723/2013.
607;1;DINAMICA EMPREENDIMENTOS E SOLUCOES LTDA;NFSE;695;10/05/2022;81;MUNICIPIO DE SENADOR POMPEU - SECRETARIA DE EDUCAÇÃO, CULTURA E DESPORTO;CR;Não;Não;Não;Não;R$ 0,00;R$ 0,00;R$ 0,00;R$ 41.859,73;R$ 41.859,73;R$ 41.859,73;5ª MEDIÇÃO - OBJETO: CONSTRUÇÃO DE ESPAÇO EDUCATIVO URBANO 12 SALAS DE AULA, NA SEDE DO MUNICÍPIO, ATRAVÉS DA SECRETARIA DE EDUCAÇÃO, CULTURA E DESPORTO, DE MUNICÍPIO DE SENADOR POMPEU.CONTRATO N° SE-CP001/2021-01-SECD. CONCORRÊNCIA PÚBLICA Nº SE-CP001/2021.
615;1;DINAMICA EMPREENDIMENTOS E SOLUCOES LTDA;NFSE;547;10/05/2022;78;PREFEITURA MUNICIPAL DE PARACURU;CR;Não;Não;Não;Não;R$ 0,00;R$ 0,00;R$ 0,00;R$ 167.747,11;R$ 167.747,11;R$ 167.747,11;CRECHE FRANCISCA
626;1;DINAMICA EMPREENDIMENTOS E SOLUCOES LTDA;NFSE;546;10/05/2022;78;PREFEITURA MUNICIPAL DE PARACURU;CR;Não;Não;Não;Não;R$ 0,00;R$ 0,00;R$ 0,00;R$ 93.989,23;R$ 93.989,23;R$ 93.989,23;POÇO DOCE
609;1;DINAMICA EMPREENDIMENTOS E SOLUCOES LTDA;NFSE;696;16/05/2022;55;MUNICÍPIO DE MARACANAÚ;CR;Não;Não;Não;Não;R$ 0,00;R$ 0,00;R$ 0,00;R$ 196.024,06;R$ 196.024,06;R$ 196.024,06;VALOR REFERENTE AO REPASSE DA 13ª MEDIÇÃO DOS SERVIÇOS DE REFORMA DE UNIDADE DE ATENÇÃO ESPECIALIZADA EM SAÚDE DO HOSPITAL MUNICIPAL DR. JOÃO ELÍSIO DE HOLANDA, MUNICÍPIO DE MARACANAÚ, CORRESPONDENTE AO PT 0375348-16 DA CAIXA ECONÔMICA FEDERAL, CONVÊNIO N.º 768783, DO MINISTÉRIO DA SAÚDE.
610;1;DINAMICA EMPREENDIMENTOS E SOLUCOES LTDA;NFSE;697;16/05/2022;55;MUNICÍPIO DE MARACANAÚ;CR;Não;Não;Não;Não;R$ 0,00;R$ 0,00;R$ 0,00;R$ 160.448,13;R$ 160.448,13;R$ 160.448,13;VALOR REFERENTE AO CONTRAPARTIDA DA 13ª MEDIÇÃO DOS SERVIÇOS DE REFORMA DE UNIDADE DE ATENÇÃO ESPECIALIZADA EM SAÚDE DO HOSPITAL MUNICIPAL DR. JOÃO ELÍSIO DE HOLANDA, MUNICÍPIO DE MARACANAÚ, CORRESPONDENTE AO PT 0375348-16 DA CAIXA ECONÔMICA FEDERAL, CONVÊNIO N.º 768783, DO MINISTÉRIO DA SAÚDE.
611;1;DINAMICA EMPREENDIMENTOS E SOLUCOES LTDA;NFSE;698;17/05/2022;55;MUNICÍPIO DE MARACANAÚ;CR;Não;Não;Não;Não;R$ 0,00;R$ 0,00;R$ 0,00;R$ 7.667,24;R$ 7.667,24;R$ 7.667,24;6ª MEDIÇÃO - OBJETO: CONTRATAÇÃO DE EMPRESA ESPECIALIZADA PARA PRESTAÇÃO DE SERVIÇOS DE MANUTENÇÃO PREVENTIVA E CORRETIVA NA SUBESTAÇÃO DE ENERGIA 13,8KV E COM POTÊNCIA DE 1.525KVA, LOCALIZADA NO HOSPITAL MUNICIPAL DR. JOÃO ELÍSIO DE HOLANDA EM MARACANAÚ, CEARÁ CONTRATO N° 1492.21.07.08.01. CONCORRÊNCIA PÚBLICA Nº 14.001/2021 - CP.
612;1;DINAMICA EMPREENDIMENTOS E SOLUCOES LTDA;NFSE;699;18/05/2022;73;MUNICÍPIO DE GRANJEIRO;CR;Não;Não;Não;Não;R$ 0,00;R$ 0,00;R$ 0,00;R$ 46.709,94;R$ 46.709,94;R$ 46.709,94;1ª MEDIÇÃO - OBJETO: CONTRATAÇÃO DE SERVIÇOS PARA EXECUÇÃO DAS OBRAS DE URBANIZAÇÃO DA ENTRADA DA SEDE DO MUNICÍPIO DE GRANJEIRO/CE. NOS MOLDES DO TERMO DE AJUSTES 009/CIDADES/2021. CONTRATO N° 2022.02.08.1
613;1;DINAMICA EMPREENDIMENTOS E SOLUCOES LTDA;BOL;01;19/05/2022;85;CLUB COSMETICOS;CR;Não;Não;Não;Não;R$ 0,00;R$ 0,00;R$ 0,00;R$ 35.615,94;R$ 35.615,94;R$ 35.615,94;REFORMA E ADEQUAÇÃO DO SHOWROOM DA LOJA CLUB COMÉSTICOS PIX: 25.025.604/0001-13 DINAMICA EMPREEDIMENTOS
630;1;DINAMICA EMPREENDIMENTOS E SOLUCOES LTDA;NFSE;700;19/05/2022;80;PREFEITURA MUNICIPAL DE CAMPOS SALES - CE;CR;Não;Não;Não;Não;R$ 0,00;R$ 0,00;R$ 0,00;R$ 44.332,21;R$ 44.332,21;R$ 44.332,21;2ª MEDIÇÃO - OBJETO: CONTRATAÇÃO DE EMPRESA ESPECIALIZADA PARA CONSTRUÇÃO DE PROJETO ESPAÇO EDUCATIVO URBANO - 12 SALAS DE AULA NO BAIRRO PORTAL DA CIDADE NO MUNICÍPIO DE CAMPOS SALES/CE. CONCORRÊNCIA PÚBLICA - Nº 2021.08.31.50.CP.FME. CONTRATO N° 2021.11.30.CP.FME
628;1;DINAMICA EMPREENDIMENTOS E SOLUCOES LTDA;NFSE;564;25/05/2022;82;PREFEITURA MUNICIPAL DE PARAIPABA;CR;Não;Não;Não;Não;R$ 0,00;R$ 0,00;R$ 0,00;R$ 90.000,00;R$ 90.000,00;R$ 90.000,00;EDMUNDO PEREIRA (aditivo)
629;1;DINAMICA EMPREENDIMENTOS E SOLUCOES LTDA;NFSE;566;25/05/2022;82;PREFEITURA MUNICIPAL DE PARAIPABA;CR;Não;Não;Não;Não;R$ 0,00;R$ 0,00;R$ 0,00;R$ 62.000,00;R$ 62.000,00;R$ 62.000,00;COMPLEXO ESCOLAR (aditivo)
631;1;DINAMICA EMPREENDIMENTOS E SOLUCOES LTDA;NFSE;724;25/05/2022;84;FERMOJU - TJCE;CR;Não;Não;Não;Não;R$ 0,00;R$ 0,00;R$ 0,00;R$ 46.198,80;R$ 46.198,80;R$ 46.198,80;5ª MEDIÇÃO - OBJETO: CONTRATAÇÃO DE EMPRESA ESPECIALIZADA EM ENGENHARIA PARA EXECUÇÃO DO PROJETO DE REFORMA TOTAL DO FÓRUM DA COMARCA DE AURORA-CE. CONTRATO N° 47 / 2021. CONCORRÊNCIA PÚBLICA Nº 01 / 2021.
632;1;DINAMICA EMPREENDIMENTOS E SOLUCOES LTDA;NFSE;702;31/05/2022;86;MUNICIPIO DE ASSARÉ;CR;Não;Não;Não;Não;R$ 0,00;R$ 0,00;R$ 0,00;R$ 212.631,59;R$ 212.631,59;R$ 212.631,59;2ª MEDIÇÃO - OBJETO: CONTRATAÇÃO DE SERVIÇOS DE ENGENHARIA PARA A EXECUÇÃO DAS OBRAS DE CONCLUSÃO DA CONSTRUÇÃO DE CRECHE PROINFÂNCIA TIPO I LOCALIZADA DA SEDE DO MUNICÍPIO DE ASSARÉ/CE. TERMO DO CONVÊNIO PAC2 Nº 5723/2013.
662;1;DINAMICA EMPREENDIMENTOS E SOLUCOES LTDA;DINH;13/07;01/06/2022;79;CAIXA ECONOMICA FEDERAL;CR;Não;Não;Não;Não;R$ 0,00;R$ 0,00;R$ 0,00;R$ 10.500,00;R$ 10.500,00;R$ 10.500,00;LICITAÇÃO - ICO
633;1;DINAMICA EMPREENDIMENTOS E SOLUCOES LTDA;NFSE;703;02/06/2022;73;MUNICÍPIO DE GRANJEIRO;CR;Não;Não;Não;Não;R$ 0,00;R$ 0,00;R$ 0,00;R$ 324.447,76;R$ 324.447,76;R$ 324.447,76;5ª MEDIÇÃO - OBJETO: CONTRATAÇÃO DE SERVIÇOS DE ENGENHARIA PARA EXECUÇÃO DAS OBRAS DE URBANIZAÇÃO DO AÇUDE JUNCO NO MUNICÍPIO DE GRANJEIRO, CONFORME CONVENIO Nº 014/CIDADES/2021 FIRMADO COM O GOVERNO DO ESTADO DO CEARÁ E O MUNICÍPIO DE GRANJEIRO/CE. CONTRATO N° 2021.10.18.1
637;1;DINAMICA EMPREENDIMENTOS E SOLUCOES LTDA;NFSE;704;02/06/2022;83;MUNICIPIO DE PENTECOSTE;CR;Não;Não;Não;Não;R$ 0,00;R$ 0,00;R$ 0,00;R$ 138.682,77;R$ 138.682,77;R$ 138.682,77;6ª MEDIÇÃO - OBJETO: CONTRATAÇÃO DE SERVIÇOS PARA EXECUÇÃO DA OBRA DE REFORMA DE EDIFICAÇÃO PARA IMPLANTAÇÃO DA SEDE DO RAIO E POG NO MUNICÍPIO DE PENTECOSTE. CONTRATO N° 01-2021.10.07.52 - TP - ADM. TOMADA DE PREÇOS Nº 2021.10.07.52 - TP - ADM.
638;1;DINAMICA EMPREENDIMENTOS E SOLUCOES LTDA;NFSE;705;06/06/2022;77;SECRETARIA DA PROTEÇÃO SOCIAL, JUSTIÇA, CIDADANIA, MULHERES E DIREITOS HUMANOS;CR;Não;Não;Não;Não;R$ 0,00;R$ 0,00;R$ 0,00;R$ 120.449,45;R$ 120.449,45;R$ 120.449,45;REFERENTE A PAGAMENTO DA 7ª MEDIÇÃO PARCIAL DA CONSTRUÇÃO DO CENTRO DE EDUCAÇÃO INFANTIL- CEI. PADRÃO IV, NO MUNICÍPIO DE ICAPUÍ-CE. RELATIVO AO PERÍODO DE 21/01/2022 - 20/02/2022. CONFORME CONTRATO 67/2021.
639;1;DINAMICA EMPREENDIMENTOS E SOLUCOES LTDA;NFSE;706;07/06/2022;73;MUNICÍPIO DE GRANJEIRO;CR;Não;Não;Não;Não;R$ 0,00;R$ 0,00;R$ 0,00;R$ 153.791,93;R$ 153.791,93;R$ 153.791,93;2ª MEDIÇÃO - OBJETO: CONTRATAÇÃO DE SERVIÇOS PARA EXECUÇÃO DAS OBRAS DE URBANIZAÇÃO DA ENTRADA DA SEDE DO MUNICÍPIO DE GRANJEIRO/CE. NOS MOLDES DO TERMO DE AJUSTES 009/CIDADES/2021. CONTRATO N° 2022.02.08.1
640;1;DINAMICA EMPREENDIMENTOS E SOLUCOES LTDA;NFSE;707;09/06/2022;55;MUNICÍPIO DE MARACANAÚ;CR;Não;Não;Não;Não;R$ 0,00;R$ 0,00;R$ 0,00;R$ 7.667,24;R$ 7.667,24;R$ 7.667,24;7ª MEDIÇÃO - OBJETO: CONTRATAÇÃO DE EMPRESA ESPECIALIZADA PARA PRESTAÇÃO DE SERVIÇOS DE MANUTENÇÃO PREVENTIVA E CORRETIVA NA SUBESTAÇÃO DE ENERGIA 13,8KV E COM POTÊNCIA DE 1.525KVA, LOCALIZADA NO HOSPITAL MUNICIPAL DR. JOÃO ELÍSIO DE HOLANDA EM MARACANAÚ, CEARÁ CONTRATO N° 1492.21.07.08.01. CONCORRÊNCIA PÚBLICA Nº 14.001/2021 - CP.
641;1;DINAMICA EMPREENDIMENTOS E SOLUCOES LTDA;NFSE;708;09/06/2022;87;FUNDO MUNICIPAL DE EDUCACAO - INFRAESTRUTURA - FME-I;CR;Não;Não;Não;Não;R$ 0,00;R$ 0,00;R$ 0,00;R$ 140.515,04;R$ 140.515,04;R$ 140.515,04;REFERENTE A 02ª MEDIÇÃO - REALIZADA NO PERÍODO DE 01 A 31/03/2022 - OBJETO: CONTRATAÇÃO DE EMPRESA PARA EXECUÇÃO DAS OBRAS DE REFORMA DA ESCOLA MUNICIPAL FREI TITO DE ALENCAR LIMA, BAIRRO PRAIA DO FUTURO II, NO MUNICÍPIO DE FORTALEZA. MAPPFOR: 10 - REFORMA E AMPLIAÇÃO DO PARQUE ESCOLAR. CONTRATO Nº 01/2022  FME-I - RDC PRESENCIAL Nº 004/2021.
642;1;DINAMICA EMPREENDIMENTOS E SOLUCOES LTDA;NFSE;709;10/06/2022;77;SECRETARIA DA PROTEÇÃO SOCIAL, JUSTIÇA, CIDADANIA, MULHERES E DIREITOS HUMANOS;CR;Não;Não;Não;Não;R$ 0,00;R$ 0,00;R$ 0,00;R$ 194.715,73;R$ 194.715,73;R$ 194.715,73;REFERENTE A PAGAMENTO DA 4ª MEDIÇÃO PARCIAL DA CONSTRUÇÃO DO CENTRO DE EDUCAÇÃO INFANTIL- CEI. PADRÃO IV, NO MUNICÍPIO DE CASCAVEL-CE. RELATIVO AO PERÍODO DE 21/01/2022 - 20/02/2022. CONFORME CONTRATO 114/2021.
643;1;DINAMICA EMPREENDIMENTOS E SOLUCOES LTDA;NFSE;712;15/06/2022;81;MUNICIPIO DE SENADOR POMPEU - SECRETARIA DE EDUCAÇÃO, CULTURA E DESPORTO;CR;Não;Não;Não;Não;R$ 0,00;R$ 0,00;R$ 0,00;R$ 61.929,71;R$ 61.929,71;R$ 61.929,71;6ª MEDIÇÃO - OBJETO: CONSTRUÇÃO DE ESPAÇO EDUCATIVO URBANO 12 SALAS DE AULA, NA SEDE DO MUNICÍPIO, ATRAVÉS DA SECRETARIA DE EDUCAÇÃO, CULTURA E DESPORTO, DE MUNICÍPIO DE SENADOR POMPEU.CONTRATO N° SE-CP001/2021-01-SECD. CONCORRÊNCIA PÚBLICA Nº SE-CP001/2021.
644;1;DINAMICA EMPREENDIMENTOS E SOLUCOES LTDA;NFSE;713;15/06/2022;9;INSTITUTO FEDERAL DE EDUCAÇÃO, CIÊNCIA E TECNOLOGIA DO CEARÁ;CR;Não;Não;Não;Não;R$ 0,00;R$ 0,00;R$ 0,00;R$ 6.186,51;R$ 6.186,51;R$ 6.186,51;"5ª MEDIÇÃO - OBJETO: CONTRATAÇÃO DE SERVIÇO COMUM DE ENGENHARIA PARA MANUTENÇÃO PREVENTIVA, CORRETIVA E AJUSTES DAS SUBESTAÇÕES, QUADROS GERAIS E DEMAIS EQUIPAMENTOS ELÉTRICOS - CAMPUS BOA VIAGEM. ""SERVIÇO EXECUÇÃO CORRETIVA""CONTRATO Nº 06/2019."
645;1;DINAMICA EMPREENDIMENTOS E SOLUCOES LTDA;NFSE;583;20/06/2022;78;PREFEITURA MUNICIPAL DE PARACURU;CR;Não;Não;Não;Não;R$ 0,00;R$ 0,00;R$ 0,00;R$ 74.839,12;R$ 74.839,12;R$ 74.839,12;FRANCISCA DOS SANTOS BARROS
646;1;DINAMICA EMPREENDIMENTOS E SOLUCOES LTDA;NFSE;584;20/06/2022;78;PREFEITURA MUNICIPAL DE PARACURU;CR;Não;Não;Não;Não;R$ 0,00;R$ 0,00;R$ 0,00;R$ 35.287,87;R$ 35.287,87;R$ 35.287,87;POÇO DOCE
647;1;DINAMICA EMPREENDIMENTOS E SOLUCOES LTDA;NFSE;714;21/06/2022;77;SECRETARIA DA PROTEÇÃO SOCIAL, JUSTIÇA, CIDADANIA, MULHERES E DIREITOS HUMANOS;CR;Não;Não;Não;Não;R$ 0,00;R$ 0,00;R$ 0,00;R$ 149.928,91;R$ 149.928,91;R$ 149.928,91;REFERENTE A PAGAMENTO DA 5ª MEDIÇÃO PARCIAL DA CONSTRUÇÃO DO CENTRO DE EDUCAÇÃO INFANTIL- CEI. PADRÃO IV, NO MUNICÍPIO DE CASCAVEL-CE. RELATIVO AO PERÍODO DE 21/01/2022 - 20/02/2022. CONFORME CONTRATO 114/2021.
648;1;DINAMICA EMPREENDIMENTOS E SOLUCOES LTDA;NFSE;715;21/06/2022;36;INSTITUTO FEDERAL DE EDUCAÇÃO, CIÊNCIA E TECNOLOGIA DO CEARÁ;CR;Não;Não;Não;Não;R$ 0,00;R$ 0,00;R$ 0,00;R$ 2.064,65;R$ 2.064,65;R$ 2.064,65;"6ª MEDIÇÃO - OBJETO: CONTRATAÇÃO DE SERVIÇO COMUM DE ENGENHARIA PARA MANUTENÇÃO PREVENTIVA, CORRETIVA E AJUSTES DAS SUBESTAÇÕES, QUADROS GERAIS E DEMAIS EQUIPAMENTOS ELÉTRICOS - CAMPUS CAMOCIM. ""SERVIÇO EMERGENCIAL REALIZADO NO CAMPUS IFCE ITAPIPOCA"" CONTRATO Nº 12/2019."
649;1;DINAMICA EMPREENDIMENTOS E SOLUCOES LTDA;NFSE;716;22/06/2022;86;MUNICIPIO DE ASSARÉ;CR;Não;Não;Não;Não;R$ 0,00;R$ 0,00;R$ 0,00;R$ 286.798,16;R$ 286.798,16;R$ 286.798,16;1ª MEDIÇÃO - OBJETO: CONTRATAÇÃO DE SERVIÇOS DE ENGENHARIA PARA A EXECUÇÃO DAS OBRAS DE REFORMA E AMPLIAÇÃO DO HOSPITAL GERAL NOSSA SENHORA DAS DORES DO MUNICÍPIO DE ASSARÉ/CE
650;1;DINAMICA EMPREENDIMENTOS E SOLUCOES LTDA;NFSE;717;22/06/2022;34;INSTITUTO FEDERAL DE EDUCAÇAO, CIENCIA E TECNOLOGIA DO CEARA - CAMPUS MARACANAU;CR;Não;Não;Não;Não;R$ 0,00;R$ 0,00;R$ 0,00;R$ 40.355,26;R$ 40.355,26;R$ 40.355,26;"4ª MEDIÇÃO - OBJETO: CONTRATAÇÃO DE SERVIÇO COMUM DE ENGENHARIA PARA MANUTENÇÃO PREVENTIVA, CORRETIVA E AJUSTES DAS SUBESTAÇÕES, QUADROS GERAIS E DEMAIS EQUIPAMENTOS ELÉTRICOS - CAMPUS MARACANAÚ. ""SERVIÇO CORRETIVO"" CONTRATO Nº 04/2019."
651;1;DINAMICA EMPREENDIMENTOS E SOLUCOES LTDA;NFSE;718;22/06/2022;34;INSTITUTO FEDERAL DE EDUCAÇAO, CIENCIA E TECNOLOGIA DO CEARA - CAMPUS MARACANAU;CR;Não;Não;Não;Não;R$ 0,00;R$ 0,00;R$ 0,00;R$ 6.069,69;R$ 6.069,69;R$ 6.069,69;"5ª MEDIÇÃO - OBJETO: CONTRATAÇÃO DE SERVIÇO COMUM DE ENGENHARIA PARA MANUTENÇÃO PREVENTIVA, CORRETIVA E AJUSTES DAS SUBESTAÇÕES, QUADROS GERAIS E DEMAIS EQUIPAMENTOS ELÉTRICOS - CAMPUS MARACANAÚ. ""SERVIÇO CORRETIVO"" CONTRATO Nº 04/2019."
652;1;DINAMICA EMPREENDIMENTOS E SOLUCOES LTDA;NFSE;719;22/06/2022;86;MUNICIPIO DE ASSARÉ;CR;Não;Não;Não;Não;R$ 0,00;R$ 0,00;R$ 0,00;R$ 11.152,99;R$ 11.152,99;R$ 11.152,99;1ª MEDIÇÃO - OBJETO: CONTRATAÇÃO DE SERVIÇOS DE ENGENHARIA PARA EXECUÇÃO DAS OBRAS DE CONSTRUÇÃO DE PASSAGENS MOLHADAS, EM DIVERSAS LOCALIDADES DO MUNICÍPIO DE ASSARÉ/CE.
653;1;DINAMICA EMPREENDIMENTOS E SOLUCOES LTDA;NFSE;720;22/06/2022;84;FERMOJU - TJCE;CR;Não;Não;Não;Não;R$ 0,00;R$ 0,00;R$ 0,00;R$ 73.600,92;R$ 73.600,92;R$ 73.600,92;6ª MEDIÇÃO - OBJETO: CONTRATAÇÃO DE EMPRESA ESPECIALIZADA EM ENGENHARIA PARA EXECUÇÃO DO PROJETO DE REFORMA TOTAL DO FÓRUM DA COMARCA DE AURORA-CE. CONTRATO N° 47 / 2021. CONCORRÊNCIA PÚBLICA Nº 01 / 2021.
654;1;DINAMICA EMPREENDIMENTOS E SOLUCOES LTDA;NFSE;721;22/06/2022;87;FUNDO MUNICIPAL DE EDUCACAO - INFRAESTRUTURA - FME-I;CR;Não;Não;Não;Não;R$ 0,00;R$ 0,00;R$ 0,00;R$ 33.468,46;R$ 33.468,46;R$ 33.468,46;REFERENTE A 03ª MEDIÇÃO - REALIZADA NO PERÍODO DE 01 A 30/04/2022 - OBJETO: CONTRATAÇÃO DE EMPRESA PARA EXECUÇÃO DAS OBRAS DE REFORMA DA ESCOLA MUNICIPAL FREI TITO DE ALENCAR LIMA, BAIRRO PRAIA DO FUTURO II, NO MUNICÍPIO DE FORTALEZA. MAPPFOR: 10 - REFORMA E AMPLIAÇÃO DO PARQUE ESCOLAR. CONTRATO Nº 01/2022 ? FME-I - RDC PRESENCIAL Nº 004/2021.
655;1;DINAMICA EMPREENDIMENTOS E SOLUCOES LTDA;NFSE;722;27/06/2022;87;FUNDO MUNICIPAL DE EDUCACAO - INFRAESTRUTURA - FME-I;CR;Não;Não;Não;Não;R$ 0,00;R$ 0,00;R$ 0,00;R$ 11.110,57;R$ 11.110,57;R$ 11.110,57;REFERENTE A 04ª MEDIÇÃO - REALIZADA NO PERÍODO DE 01 A 31/05/2022 - OBJETO: CONTRATAÇÃO DE EMPRESA PARA EXECUÇÃO DAS OBRAS DE REFORMA DA ESCOLA MUNICIPAL FREI TITO DE ALENCAR LIMA, BAIRRO PRAIA DO FUTURO II, NO MUNICÍPIO DE FORTALEZA. MAPPFOR: 10 - REFORMA E AMPLIAÇÃO DO PARQUE ESCOLAR. CONTRATO Nº 01/2022 ? FME-I - RDC PRESENCIAL Nº 004/2021.
656;1;DINAMICA EMPREENDIMENTOS E SOLUCOES LTDA;NFSE;723;28/06/2022;36;INSTITUTO FEDERAL DE EDUCAÇÃO, CIÊNCIA E TECNOLOGIA DO CEARÁ;CR;Não;Não;Não;Não;R$ 0,00;R$ 0,00;R$ 0,00;R$ 6.186,51;R$ 6.186,51;R$ 6.186,51;"7ª MEDIÇÃO - OBJETO: CONTRATAÇÃO DE SERVIÇO COMUM DE ENGENHARIA PARA MANUTENÇÃO PREVENTIVA, CORRETIVA E AJUSTES DAS SUBESTAÇÕES, QUADROS GERAIS E DEMAIS EQUIPAMENTOS ELÉTRICOS - CAMPUS CAMOCIM. ""SERVIÇO PREVENTIVO"" CONTRATO Nº 12/2019."
657;1;DINAMICA EMPREENDIMENTOS E SOLUCOES LTDA;NFSE;725;01/07/2022;81;MUNICIPIO DE SENADOR POMPEU - SECRETARIA DE EDUCAÇÃO, CULTURA E DESPORTO;CR;Não;Não;Não;Não;R$ 0,00;R$ 0,00;R$ 0,00;R$ 85.940,02;R$ 85.940,02;R$ 85.940,02;7ª MEDIÇÃO - OBJETO: CONSTRUÇÃO DE ESPAÇO EDUCATIVO URBANO 12 SALAS DE AULA, NA SEDE DO MUNICÍPIO, ATRAVÉS DA SECRETARIA DE EDUCAÇÃO, CULTURA E DESPORTO, DE MUNICÍPIO DE SENADOR POMPEU.CONTRATO N° SE-CP001/2021-01-SECD. CONCORRÊNCIA PÚBLICA Nº SE-CP001/2021.
658;1;DINAMICA EMPREENDIMENTOS E SOLUCOES LTDA;NFSE;726;01/07/2022;77;SECRETARIA DA PROTEÇÃO SOCIAL, JUSTIÇA, CIDADANIA, MULHERES E DIREITOS HUMANOS;CR;Não;Não;Não;Não;R$ 0,00;R$ 0,00;R$ 0,00;R$ 84.960,50;R$ 84.960,50;R$ 84.960,50;REFERENTE A PAGAMENTO DA 9ª MEDIÇÃO DA CONSTRUÇÃO DE UM CENTRO DE EDUCAÇÃO INFANTIL-CEI. PADRÃO IV, NO MUNICÍPIO DE MARACANAÚ-CE. RELATIVO AO PERÍODO DE 21/03/2022- 20/04/2022. CONFORME CONTRATO 552021.
659;1;DINAMICA EMPREENDIMENTOS E SOLUCOES LTDA;NFSE;727;01/07/2022;55;MUNICÍPIO DE MARACANAÚ;CR;Não;Não;Não;Não;R$ 0,00;R$ 0,00;R$ 0,00;R$ 233.475,55;R$ 233.475,55;R$ 233.475,55;VALOR REFERENTE AO REPASSE DA 14ª MEDIÇÃO DOS SERVIÇOS DE REFORMA DE UNIDADE DE ATENÇÃO ESPECIALIZADA EM SAÚDE DO HOSPITAL MUNICIPAL DR. JOÃO ELÍSIO DE HOLANDA, MUNICÍPIO DE MARACANAÚ, CORRESPONDENTE AO PT 0375348-16 DA CAIXA ECONÔMICA FEDERAL, CONVÊNIO N.º 768783, DO MINISTÉRIO DA SAÚDE.
660;1;DINAMICA EMPREENDIMENTOS E SOLUCOES LTDA;NFSE;728;01/07/2022;55;MUNICÍPIO DE MARACANAÚ;CR;Não;Não;Não;Não;R$ 0,00;R$ 0,00;R$ 0,00;R$ 191.102,64;R$ 191.102,64;R$ 191.102,64;VALOR REFERENTE AO CONTRAPARTIDA DA 14ª MEDIÇÃO DOS SERVIÇOS DE REFORMA DE UNIDADE DE ATENÇÃO ESPECIALIZADA EM SAÚDE DO HOSPITAL MUNICIPAL DR. JOÃO ELÍSIO DE HOLANDA, MUNICÍPIO DE MARACANAÚ, CORRESPONDENTE AO PT 0375348-16 DA CAIXA ECONÔMICA FEDERAL, CONVÊNIO N.º 768783, DO MINISTÉRIO DA SAÚDE.
661;1;DINAMICA EMPREENDIMENTOS E SOLUCOES LTDA;NFSE;729;05/07/2022;86;MUNICIPIO DE ASSARÉ;CR;Não;Não;Não;Não;R$ 0,00;R$ 0,00;R$ 0,00;R$ 200.230,54;R$ 200.230,54;R$ 200.230,54;3ª MEDIÇÃO - OBJETO: CONTRATAÇÃO DE SERVIÇOS DE ENGENHARIA PARA A EXECUÇÃO DAS OBRAS DE CONCLUSÃO DA CONSTRUÇÃO DE CRECHE PROINFÂNCIA TIPO I LOCALIZADA DA SEDE DO MUNICÍPIO DE ASSARÉ/CE. TERMO DO CONVÊNIO PAC2 Nº 5723/2013.
663;1;DINAMICA EMPREENDIMENTOS E SOLUCOES LTDA;NFSE;587;05/07/2022;82;PREFEITURA MUNICIPAL DE PARAIPABA;CR;Não;Não;Não;Não;R$ 0,00;R$ 0,00;R$ 0,00;R$ 16.566,01;R$ 16.566,01;R$ 16.566,01;ADITIVO - ALDENOR PEREIRA D2
664;1;DINAMICA EMPREENDIMENTOS E SOLUCOES LTDA;NFSE;590;05/07/2022;82;PREFEITURA MUNICIPAL DE PARAIPABA;CR;Não;Não;Não;Não;R$ 0,00;R$ 0,00;R$ 0,00;R$ 3.445,90;R$ 3.445,90;R$ 3.445,90;EDMUNDO PEREIRA C2
665;1;DINAMICA EMPREENDIMENTOS E SOLUCOES LTDA;NFSE;588;05/07/2022;82;PREFEITURA MUNICIPAL DE PARAIPABA;CR;Não;Não;Não;Não;R$ 0,00;R$ 0,00;R$ 0,00;R$ 67.236,31;R$ 67.236,31;R$ 67.236,31;ADITIVO - COMPLEXO ESCOLAR C1
666;1;DINAMICA EMPREENDIMENTOS E SOLUCOES LTDA;NFSE;589;05/07/2022;82;PREFEITURA MUNICIPAL DE PARAIPABA;CR;Não;Não;Não;Não;R$ 0,00;R$ 0,00;R$ 0,00;R$ 63.276,19;R$ 63.276,19;R$ 63.276,19;ADITIVO - EDMUNDO PEREIRA C2
669;1;DINAMICA EMPREENDIMENTOS E SOLUCOES LTDA;NFSE;732;19/07/2022;88;CÂMARA MUNICIPAL DE BATALHA - PI;CR;Não;Não;Não;Não;R$ 0,00;R$ 0,00;R$ 0,00;R$ 45.047,15;R$ 45.047,15;R$ 45.047,15;"1ª MEDIÇÃO - OBJETO: INSTALAÇÃO DE SISTEMA FOTOVOLTAICO DO TIPO ""ON-GRID"" (ENERGIA SOLAR). CONTRATO Nº 005 / 2022"
668;1;DINAMICA EMPREENDIMENTOS E SOLUCOES LTDA;NFSE;608;21/07/2022;82;PREFEITURA MUNICIPAL DE PARAIPABA;CR;Não;Não;Não;Não;R$ 0,00;R$ 0,00;R$ 0,00;R$ 59.747,43;R$ 59.747,43;R$ 59.747,43;ADITIVO - EDMUNDO PEREIRA C2
670;1;DINAMICA EMPREENDIMENTOS E SOLUCOES LTDA;NFSE;733;22/07/2022;87;FUNDO MUNICIPAL DE EDUCACAO - INFRAESTRUTURA - FME-I;CR;Não;Não;Não;Não;R$ 0,00;R$ 0,00;R$ 0,00;R$ 52.693,64;R$ 52.693,64;R$ 52.693,64;REFERENTE A 5ª MEDIÇÃO - REALIZADA NO PERÍODO DE 01 A 30/06/2022 - OBJETO: CONTRATAÇÃO DE EMPRESA PARA EXECUÇÃO DAS OBRAS DE REFORMA DA ESCOLA MUNICIPAL FREI TITO DE ALENCAR LIMA, BAIRRO PRAIA DO FUTURO II, NO MUNICÍPIO DE FORTALEZA. MAPPFOR: 10 - REFORMA E AMPLIAÇÃO DO PARQUE ESCOLAR.CONTRATO Nº 01/2022  FME-I - RDC PRESENCIAL Nº 004/2021
671;1;DINAMICA EMPREENDIMENTOS E SOLUCOES LTDA;NFSE;734;22/07/2022;77;SECRETARIA DA PROTEÇÃO SOCIAL, JUSTIÇA, CIDADANIA, MULHERES E DIREITOS HUMANOS;CR;Não;Não;Não;Não;R$ 0,00;R$ 0,00;R$ 0,00;R$ 125.902,31;R$ 125.902,31;R$ 125.902,31;REFERENTE A PAGAMENTO DA 8ª MEDIÇÃO PARCIAL DA CONSTRUÇÃO DO CENTRO DE EDUCAÇÃO INFANTIL- CEI. PADRÃO IV, NO MUNICÍPIO DE ICAPUÍ-CE. RELATIVO AO PERÍODO DE 21/05/2022 - 20/06/2022. CONFORME CONTRATO 67/2021.
672;1;DINAMICA EMPREENDIMENTOS E SOLUCOES LTDA;NFSE;735;27/07/2022;86;MUNICIPIO DE ASSARÉ;CR;Não;Não;Não;Não;R$ 0,00;R$ 0,00;R$ 0,00;R$ 190.014,95;R$ 190.014,95;R$ 190.014,95;2ª MEDIÇÃO - OBJETO: CONTRATAÇÃO DE SERVIÇOS DE ENGENHARIA PARA A EXECUÇÃO DAS OBRAS DE REFORMA E AMPLIAÇÃO DO HOSPITAL GERAL NOSSA SENHORA DAS DORES DO MUNICÍPIO DE ASSARÉ/CE
673;1;DINAMICA EMPREENDIMENTOS E SOLUCOES LTDA;NFSE;736;27/07/2022;86;MUNICIPIO DE ASSARÉ;CR;Não;Não;Não;Não;R$ 0,00;R$ 0,00;R$ 0,00;R$ 218.317,08;R$ 218.317,08;R$ 218.317,08;2ª MEDIÇÃO - OBJETO: CONTRATAÇÃO DE SERVIÇOS DE ENGENHARIA PARA EXECUÇÃO DAS OBRAS DE CONSTRUÇÃO DE PASSAGENS MOLHADAS, EM DIVERSAS LOCALIDADES DO MUNICÍPIO DE ASSARÉ/CE.
674;1;DINAMICA EMPREENDIMENTOS E SOLUCOES LTDA;DINH;01/08;01/08/2022;79;CAIXA ECONOMICA FEDERAL;CR;Não;Não;Não;Não;R$ 0,00;R$ 0,00;R$ 0,00;R$ 1.330,00;R$ 1.330,00;R$ 1.330,00;LICITAÇÃO BREJO SANTO
675;1;DINAMICA EMPREENDIMENTOS E SOLUCOES LTDA;NFSE;737;01/08/2022;77;SECRETARIA DA PROTEÇÃO SOCIAL, JUSTIÇA, CIDADANIA, MULHERES E DIREITOS HUMANOS;CR;Não;Não;Não;Não;R$ 0,00;R$ 0,00;R$ 0,00;R$ 134.389,85;R$ 134.389,85;R$ 134.389,85;REFERENTE A PAGAMENTO DA 6ª MEDIÇÃO PARCIAL DA CONSTRUÇÃO DO CENTRO DE EDUCAÇÃO INFANTIL- CEI. PADRÃO IV, NO MUNICÍPIO DE CASCAVEL-CE. RELATIVO AO PERÍODO DE 21/05/2022 - 20/06/2022.. CONFORME CONTRATO 114/2021.
676;1;DINAMICA EMPREENDIMENTOS E SOLUCOES LTDA;NFSE;738;02/08/2022;77;SECRETARIA DA PROTEÇÃO SOCIAL, JUSTIÇA, CIDADANIA, MULHERES E DIREITOS HUMANOS;CR;Não;Não;Não;Não;R$ 0,00;R$ 0,00;R$ 0,00;R$ 94.499,49;R$ 94.499,49;R$ 94.499,49;REFERENTE A PAGAMENTO DA 11ª MEDIÇÃO DA CONSTRUÇÃO DE UM CENTRO DE EDUCAÇÃO INFANTIL-CEI. PADRÃO IV, NO MUNICÍPIO DE MARACANAÚ-CE. RELATIVO AO PERÍODO DE 21/05/2022- 20/06/2022. CONFORME CONTRATO 552021.
677;1;DINAMICA EMPREENDIMENTOS E SOLUCOES LTDA;NFSE;739;04/08/2022;81;MUNICIPIO DE SENADOR POMPEU - SECRETARIA DE EDUCAÇÃO, CULTURA E DESPORTO;CR;Não;Não;Não;Não;R$ 0,00;R$ 0,00;R$ 0,00;R$ 109.046,43;R$ 109.046,43;R$ 109.046,43;8ª MEDIÇÃO - OBJETO: CONSTRUÇÃO DE ESPAÇO EDUCATIVO URBANO 12 SALAS DE AULA, NA SEDE DO MUNICÍPIO, ATRAVÉS DA SECRETARIA DE EDUCAÇÃO, CULTURA E DESPORTO, DE MUNICÍPIO DE SENADOR POMPEU.CONTRATO N° SE-CP001/2021-01-SECD. CONCORRÊNCIA PÚBLICA Nº SE-CP001/2021.
678;1;DINAMICA EMPREENDIMENTOS E SOLUCOES LTDA;NFSE;740;04/08/2022;88;CÂMARA MUNICIPAL DE BATALHA - PI;CR;Não;Não;Não;Não;R$ 0,00;R$ 0,00;R$ 0,00;R$ 45.047,15;R$ 45.047,15;R$ 45.047,15;"2ª MEDIÇÃO - OBJETO: INSTALAÇÃO DE SISTEMA FOTOVOLTAICO DO TIPO ""ON-GRID"" (ENERGIA SOLAR). CONTRATO Nº 005 / 2022"
679;1;DINAMICA EMPREENDIMENTOS E SOLUCOES LTDA;NFSE;741;04/08/2022;77;SECRETARIA DA PROTEÇÃO SOCIAL, JUSTIÇA, CIDADANIA, MULHERES E DIREITOS HUMANOS;CR;Não;Não;Não;Não;R$ 0,00;R$ 0,00;R$ 0,00;R$ 62.767,47;R$ 62.767,47;R$ 62.767,47;REFERENTE A PAGAMENTO DA 9ª MEDIÇÃO PARCIAL DA CONSTRUÇÃO DO CENTRO DE EDUCAÇÃO INFANTIL- CEI. PADRÃO IV, NO MUNICÍPIO DE ICAPUÍ-CE. RELATIVO AO PERÍODO DE 21/06/2022 - 20/07/2022. CONFORME CONTRATO 67/2021.
684;1;DINAMICA EMPREENDIMENTOS E SOLUCOES LTDA;NFSE;616;09/08/2022;78;PREFEITURA MUNICIPAL DE PARACURU;CR;Não;Não;Não;Não;R$ 0,00;R$ 0,00;R$ 0,00;R$ 28.129,53;R$ 28.129,53;R$ 28.129,53;QUADRA - HENRIQUE BRAGA
687;1;DINAMICA EMPREENDIMENTOS E SOLUCOES LTDA;NFSE;615;09/08/2022;78;PREFEITURA MUNICIPAL DE PARACURU;CR;Não;Não;Não;Não;R$ 0,00;R$ 0,00;R$ 0,00;R$ 214.584,30;R$ 214.584,30;R$ 214.584,30;CRECHE FRANCISCA
681;1;DINAMICA EMPREENDIMENTOS E SOLUCOES LTDA;NFSE;744;12/08/2022;55;MUNICÍPIO DE MARACANAÚ;CR;Não;Não;Não;Não;R$ 0,00;R$ 0,00;R$ 0,00;R$ 7.667,24;R$ 7.667,24;R$ 7.667,24;8ª MEDIÇÃO - OBJETO: CONTRATAÇÃO DE EMPRESA ESPECIALIZADA PARA PRESTAÇÃO DE SERVIÇOS DE MANUTENÇÃO PREVENTIVA E CORRETIVA NA SUBESTAÇÃO DE ENERGIA 13,8KV E COM POTÊNCIA DE 1.525KVA, LOCALIZADA NO HOSPITAL MUNICIPAL DR. JOÃO ELÍSIO DE HOLANDA EM MARACANAÚ, CEARÁ CONTRATO N° 1492.21.07.08.01. CONCORRÊNCIA PÚBLICA Nº 14.001/2021 - CP.
682;1;DINAMICA EMPREENDIMENTOS E SOLUCOES LTDA;NFSE;745;17/08/2022;86;MUNICIPIO DE ASSARÉ;CR;Não;Não;Não;Não;R$ 0,00;R$ 0,00;R$ 0,00;R$ 293.336,59;R$ 293.336,59;R$ 293.336,59;3ª MEDIÇÃO - OBJETO: CONTRATAÇÃO DE SERVIÇOS DE ENGENHARIA PARA EXECUÇÃO DAS OBRAS DE CONSTRUÇÃO DE PASSAGENS MOLHADAS, EM DIVERSAS LOCALIDADES DO MUNICÍPIO DE ASSARÉ/CE.
683;1;DINAMICA EMPREENDIMENTOS E SOLUCOES LTDA;NFSE;746;17/08/2022;86;MUNICIPIO DE ASSARÉ;CR;Não;Não;Não;Não;R$ 0,00;R$ 0,00;R$ 0,00;R$ 160.157,78;R$ 160.157,78;R$ 160.157,78;4ª MEDIÇÃO - OBJETO: CONTRATAÇÃO DE SERVIÇOS DE ENGENHARIA PARA A EXECUÇÃO DAS OBRAS DE CONCLUSÃO DA CONSTRUÇÃO DE CRECHE PROINFÂNCIA TIPO I LOCALIZADA DA SEDE DO MUNICÍPIO DE ASSARÉ/CE. TERMO DO CONVÊNIO PAC2 Nº 5723/2013.
685;1;DINAMICA EMPREENDIMENTOS E SOLUCOES LTDA;NFSE;618;17/08/2022;78;PREFEITURA MUNICIPAL DE PARACURU;CR;Não;Não;Não;Não;R$ 0,00;R$ 0,00;R$ 0,00;R$ 77.090,40;R$ 77.090,40;R$ 77.090,40;POSTO
686;1;DINAMICA EMPREENDIMENTOS E SOLUCOES LTDA;NFSE;747;18/08/2022;84;FERMOJU - TJCE;CR;Não;Não;Não;Não;R$ 0,00;R$ 0,00;R$ 0,00;R$ 11.839,86;R$ 11.839,86;R$ 11.839,86;1ª MEDIÇÃO (1ª ADITIVO) - OBJETO: CONTRATAÇÃO DE EMPRESA ESPECIALIZADA EM ENGENHARIA PARA EXECUÇÃO DO PROJETO DE REFORMA TOTAL DO FÓRUM DA COMARCA DE AURORA-CE. CONTRATO N° 47 / 2021. CONCORRÊNCIA PÚBLICA Nº 01 / 2021.
688;1;DINAMICA EMPREENDIMENTOS E SOLUCOES LTDA;NFSE;748;22/08/2022;87;FUNDO MUNICIPAL DE EDUCACAO - INFRAESTRUTURA - FME-I;CR;Não;Não;Não;Não;R$ 0,00;R$ 0,00;R$ 0,00;R$ 110.395,29;R$ 110.395,29;R$ 110.395,29;REFERENTE A 6ª MEDIÇÃO - REALIZADA NO PERÍODO DE 01 A 30/06/2022 - OBJETO: CONTRATAÇÃO DE EMPRESA PARA EXECUÇÃO DAS OBRAS DE REFORMA DA ESCOLA MUNICIPAL FREI TITO DE ALENCAR LIMA, BAIRRO PRAIA DO FUTURO II, NO MUNICÍPIO DE FORTALEZA. MAPPFOR: 10 - REFORMA E AMPLIAÇÃO DO PARQUE ESCOLAR. CONTRATO Nº 01/2022  FME-I - RDC PRESENCIAL Nº 004/2021.
689;1;DINAMICA EMPREENDIMENTOS E SOLUCOES LTDA;NFSE;749;24/08/2022;86;MUNICIPIO DE ASSARÉ;CR;Não;Não;Não;Não;R$ 0,00;R$ 0,00;R$ 0,00;R$ 369.992,61;R$ 369.992,61;R$ 369.992,61;3ª MEDIÇÃO - OBJETO: CONTRATAÇÃO DE SERVIÇOS DE ENGENHARIA PARA A EXECUÇÃO DAS OBRAS DE REFORMA E AMPLIAÇÃO DO HOSPITAL GERAL NOSSA SENHORA DAS DORES DO MUNICÍPIO DE ASSARÉ/CE
690;1;DINAMICA EMPREENDIMENTOS E SOLUCOES LTDA;NFSE;750;29/08/2022;84;FERMOJU - TJCE;CR;Não;Não;Não;Não;R$ 0,00;R$ 0,00;R$ 0,00;R$ 216.857,20;R$ 216.857,20;R$ 216.857,20;1ª MEDIÇÃO - OBJETO: CONTRATAÇÃO DE EMPRESA ESPECIALIZADA EM ENGENHARIA PARA EXECUÇÃO DA REFORMA E AMPLIAÇÃO DA ESMEC. CONTRATO N° . 31/2022 CONCORRÊNCIA PÚBLICA Nº 03 / 2022.
695;1;DINAMICA EMPREENDIMENTOS E SOLUCOES LTDA;NFSE;751;30/08/2022;17;INSTITUTO FEDERAL DE EDUCAÇÃO, CIÊNCIA E TECNOLOGIA DO CEARÁ;CR;Não;Não;Não;Não;R$ 0,00;R$ 0,00;R$ 0,00;R$ 42.408,67;R$ 42.408,67;R$ 42.408,67;8ª MEDIÇÃO - OBJETO: CONTRATAÇÃO DE SERVIÇO COMUM DE ENGENHARIA PARA MANUTENÇÃO DE SUBESTAÇÕES DE ENERGIA ELÉTRICA ATÉ 69k - MANUTENÇÃO SUBESTAÇÃO, QUADROS E EQUIPAMENTOS ELÉTRICOS - SERVIÇOS CAMPUS FORTALEZA. CONTRATO Nº 14/2019.
696;1;DINAMICA EMPREENDIMENTOS E SOLUCOES LTDA;NFSE;752;30/08/2022;17;INSTITUTO FEDERAL DE EDUCAÇÃO, CIÊNCIA E TECNOLOGIA DO CEARÁ;CR;Não;Não;Não;Não;R$ 0,00;R$ 0,00;R$ 0,00;R$ 25.274,19;R$ 25.274,19;R$ 25.274,19;9ª MEDIÇÃO - OBJETO: CONTRATAÇÃO DE SERVIÇO COMUM DE ENGENHARIA PARA MANUTENÇÃO DE SUBESTAÇÕES DE ENERGIA ELÉTRICA ATÉ 69k - MANUTENÇÃO SUBESTAÇÃO, QUADROS E EQUIPAMENTOS ELÉTRICOS - SERVIÇOS CAMPUS FORTALEZA. CONTRATO Nº 14/2019.
697;1;DINAMICA EMPREENDIMENTOS E SOLUCOES LTDA;NFSE;753;30/08/2022;35;INSTITUTO FEDERAL DE EDUCAÇAO, CIENCIA E TECNOLOGIA DO CEARA - CAMPUS PARACURU;CR;Não;Não;Não;Não;R$ 0,00;R$ 0,00;R$ 0,00;R$ 3.849,01;R$ 3.849,01;R$ 3.849,01;MEDIÇÃO REFERENTE AO REAJUSTE CONTRATUAL - OBJETO: SERVIÇOS COMUNS DE ENGENHARIA INERENTES À MANUTENÇÃO PREDIAL CORRETIVA OU PREVENTIVA - CAMPUS PARACURU. CONTRATO Nº 05/2018.
691;1;DINAMICA EMPREENDIMENTOS E SOLUCOES LTDA;NFSE;757;01/09/2022;84;FERMOJU - TJCE;CR;Não;Não;Não;Não;R$ 0,00;R$ 0,00;R$ 0,00;R$ 333.429,90;R$ 333.429,90;R$ 333.429,90;7ª MEDIÇÃO - OBJETO: CONTRATAÇÃO DE EMPRESA ESPECIALIZADA EM ENGENHARIA PARA EXECUÇÃO DO PROJETO DE REFORMA TOTAL DO FÓRUM DA COMARCA DE AURORA-CE. CONTRATO N° 47 / 2021. CONCORRÊNCIA PÚBLICA Nº 01 / 2021.
698;1;DINAMICA EMPREENDIMENTOS E SOLUCOES LTDA;NFSE;755;01/09/2022;73;MUNICÍPIO DE GRANJEIRO;CR;Não;Não;Não;Não;R$ 0,00;R$ 0,00;R$ 0,00;R$ 153.407,25;R$ 153.407,25;R$ 153.407,25;6ª MEDIÇÃO - OBJETO: CONTRATAÇÃO DE SERVIÇOS DE ENGENHARIA PARA EXECUÇÃO DAS OBRAS DE URBANIZAÇÃO DO AÇUDE JUNCO NO MUNICÍPIO DE GRANJEIRO, CONFORME CONVENIO Nº 014/CIDADES/2021 FIRMADO COM O GOVERNO DO ESTADO DO CEARÁ E O MUNICÍPIO DE GRANJEIRO/CE. CONTRATO N° 2021.10.18.1
699;1;DINAMICA EMPREENDIMENTOS E SOLUCOES LTDA;NFSE;756;01/09/2022;73;MUNICÍPIO DE GRANJEIRO;CR;Não;Não;Não;Não;R$ 0,00;R$ 0,00;R$ 0,00;R$ 89.328,01;R$ 89.328,01;R$ 89.328,01;3ª MEDIÇÃO - OBJETO: CONTRATAÇÃO DE SERVIÇOS PARA EXECUÇÃO DAS OBRAS DE URBANIZAÇÃO DA ENTRADA DA SEDE DO MUNICÍPIO DE GRANJEIRO/CE. NOS MOLDES DO TERMO DE AJUSTES 009/CIDADES/2021. CONTRATO N° 2022.02.08.1
693;1;DINAMICA EMPREENDIMENTOS E SOLUCOES LTDA;NFSE;640;02/09/2022;78;PREFEITURA MUNICIPAL DE PARACURU;CR;Não;Não;Não;Não;R$ 0,00;R$ 0,00;R$ 0,00;R$ 88.040,56;R$ 88.040,56;R$ 88.040,56;CRECHE FRANCISCA
694;1;DINAMICA EMPREENDIMENTOS E SOLUCOES LTDA;NFSE;639;02/09/2022;78;PREFEITURA MUNICIPAL DE PARACURU;CR;Não;Não;Não;Não;R$ 0,00;R$ 0,00;R$ 0,00;R$ 101.344,13;R$ 101.344,13;R$ 101.344,13;QUADRA - HENRIQUE BRAGA
700;1;DINAMICA EMPREENDIMENTOS E SOLUCOES LTDA;NFSE;758;02/09/2022;77;SECRETARIA DA PROTEÇÃO SOCIAL, JUSTIÇA, CIDADANIA, MULHERES E DIREITOS HUMANOS;CR;Não;Não;Não;Não;R$ 0,00;R$ 0,00;R$ 0,00;R$ 9.744,96;R$ 9.744,96;R$ 9.744,96;REFERENTE AO PAGAMENTO DO REAJUSTE DA 9ª MEDIÇÃO PARCIAL DA CONSTRUÇÃO DE 01 (UM) CENTRO DE EDUCAÇÃO INFANTIL-CEI. PADRÃO IV, NO MUNICÍPIO DE MARACANAÚ-CE. RELATIVO AO PERÍODO DE 21/03/2022- 20/04/2022. CONFORME CONTRATO 0552021
701;1;DINAMICA EMPREENDIMENTOS E SOLUCOES LTDA;NFSE;759;02/09/2022;77;SECRETARIA DA PROTEÇÃO SOCIAL, JUSTIÇA, CIDADANIA, MULHERES E DIREITOS HUMANOS;CR;Não;Não;Não;Não;R$ 0,00;R$ 0,00;R$ 0,00;R$ 10.839,09;R$ 10.839,09;R$ 10.839,09;REFERENTE AO PAGAMENTO DO REAJUSTE DA 11ª MEDIÇÃO PARCIAL DA CONSTRUÇÃO DE 01 (UM) CENTRO DE EDUCAÇÃO INFANTIL-CEI. PADRÃO IV, NO MUNICÍPIO DE MARACANAÚ-CE. RELATIVO AO PERÍODO DE 21/05/2022- 20/06/2022. CONFORME CONTRATO 0552021.
702;1;DINAMICA EMPREENDIMENTOS E SOLUCOES LTDA;NFSE;760;02/09/2022;77;SECRETARIA DA PROTEÇÃO SOCIAL, JUSTIÇA, CIDADANIA, MULHERES E DIREITOS HUMANOS;CR;Não;Não;Não;Não;R$ 0,00;R$ 0,00;R$ 0,00;R$ 13.875,77;R$ 13.875,77;R$ 13.875,77;REFERENTE AO PAGAMENTO DO REAJUSTE DA 7ª MEDIÇÃO PARCIAL DA CONSTRUÇÃO DE 01 (UM) CENTRO DE EDUCAÇÃO INFANTIL- CEI. PADRÃO IV, NO MUNICÍPIO DE ICAPUÍ-CE. RELATIVO AO PERÍODO DE 21/04/2022 - 20/05/2022. CONFORME CONTRATO 067/2021.
703;1;DINAMICA EMPREENDIMENTOS E SOLUCOES LTDA;NFSE;761;02/09/2022;77;SECRETARIA DA PROTEÇÃO SOCIAL, JUSTIÇA, CIDADANIA, MULHERES E DIREITOS HUMANOS;CR;Não;Não;Não;Não;R$ 0,00;R$ 0,00;R$ 0,00;R$ 14.503,94;R$ 14.503,94;R$ 14.503,94;REFERENTE AO PAGAMENTO DO REAJUSTE DA 8ª MEDIÇÃO PARCIAL DA CONSTRUÇÃO DE 01 (UM) CENTRO DE EDUCAÇÃO INFANTIL- CEI. PADRÃO IV, NO MUNICÍPIO DE ICAPUÍ-CE. RELATIVO AO PERÍODO DE 21/05/2022 - 20/06/2022. CONFORME CONTRATO 067/2021.
704;1;DINAMICA EMPREENDIMENTOS E SOLUCOES LTDA;NFSE;762;02/09/2022;55;MUNICÍPIO DE MARACANAÚ;CR;Não;Não;Não;Não;R$ 0,00;R$ 0,00;R$ 0,00;R$ 267.129,82;R$ 267.129,82;R$ 267.129,82;MEDIÇÃO - REFERENTE A 11,47% DO 6ª ADITIVO DE REAJUSTE CONTRATUAL, DOS SERVIÇOS DE REFORMA DE UNIDADE DE ATENÇÃO ESPECIALIZADA EM SAÚDE DO HOSPITAL MUNICIPAL DR. JOÃO ELÍSIO DE HOLANDA, MUNICÍPIO DE MARACANAÚ.
692;1;DINAMICA EMPREENDIMENTOS E SOLUCOES LTDA;NFSE;763;06/09/2022;29;MUNICÍPIO DE ITAITINGA;CR;Não;Não;Não;Não;R$ 0,00;R$ 0,00;R$ 0,00;R$ 82.816,87;R$ 82.816,87;R$ 82.816,87;REFERENTE A 5° MEDIÇÃO DA PAVIMENTAÇÃO EM PEDRA TOSCA E CONSTRUÇÃO DE PASSEIO EM DIVERSAS RUAS DO BAIRRO GERERAÚ MUNICÍPIO DE ITAITINGA/CE, CONFORME PT 1054163-56 JUNTO A SECRETARIA DE INFRAESTRUTURA, EMPENHO N° 04.03.0001 E CONTRATO N° 2509.02/2019/TP.
705;1;DINAMICA EMPREENDIMENTOS E SOLUCOES LTDA;NFSE;764;14/09/2022;84;FERMOJU - TJCE;CR;Não;Não;Não;Não;R$ 0,00;R$ 0,00;R$ 0,00;R$ 300.293,76;R$ 300.293,76;R$ 300.293,76;2ª MEDIÇÃO - OBJETO: CONTRATAÇÃO DE EMPRESA ESPECIALIZADA EM ENGENHARIA PARA EXECUÇÃO DA REFORMA E AMPLIAÇÃO DA ESMEC. CONTRATO N° . 31/2022 CONCORRÊNCIA PÚBLICA Nº 03 / 2022.
706;1;DINAMICA EMPREENDIMENTOS E SOLUCOES LTDA;NFSE;765;15/09/2022;55;MUNICÍPIO DE MARACANAÚ;CR;Não;Não;Não;Não;R$ 0,00;R$ 0,00;R$ 0,00;R$ 185.395,40;R$ 185.395,40;R$ 185.395,40;VALOR REFERENTE AO REPASSE DA 15ª MEDIÇÃO DOS SERVIÇOS DE REFORMA DE UNIDADE DE ATENÇÃO ESPECIALIZADA EM SAÚDE DO HOSPITAL MUNICIPAL DR. JOÃO ELÍSIO DE HOLANDA, MUNICÍPIO DE MARACANAÚ, CORRESPONDENTE AO PT 0375348-16 DA CAIXA ECONÔMICA FEDERAL, CONVÊNIO N.º 768783, DO MINISTÉRIO DA SAÚDE.
707;1;DINAMICA EMPREENDIMENTOS E SOLUCOES LTDA;NFSE;766;15/09/2022;55;MUNICÍPIO DE MARACANAÚ;CR;Não;Não;Não;Não;R$ 0,00;R$ 0,00;R$ 0,00;R$ 159.198,85;R$ 159.198,85;R$ 159.198,85;VALOR REFERENTE AO CONTRAPARTIDA DA 15ª MEDIÇÃO DOS SERVIÇOS DE REFORMA DE UNIDADE DE ATENÇÃO ESPECIALIZADA EM SAÚDE DO HOSPITAL MUNICIPAL DR. JOÃO ELÍSIO DE HOLANDA, MUNICÍPIO DE MARACANAÚ, CORRESPONDENTE AO PT 0375348-16 DA CAIXA ECONÔMICA FEDERAL, CONVÊNIO N.º 768783, DO MINISTÉRIO DA SAÚDE.
708;1;DINAMICA EMPREENDIMENTOS E SOLUCOES LTDA;NFSE;767;15/09/2022;77;SECRETARIA DA PROTEÇÃO SOCIAL, JUSTIÇA, CIDADANIA, MULHERES E DIREITOS HUMANOS;CR;Não;Não;Não;Não;R$ 0,00;R$ 0,00;R$ 0,00;R$ 89.643,80;R$ 89.643,80;R$ 89.643,80;REFERENTE AO PAGAMENTO DA 10ª MEDIÇÃO PARCIAL DA CONSTRUÇÃO DE 01 (UM) CENTRO DE EDUCAÇÃO INFANTIL- CEI. PADRÃO IV, NO MUNICÍPIO DE ICAPUÍ-CE. RELATIVO AO PERÍODO DE 21/07/2022 - 20/08/2022. CONFORME CONTRATO 067/2021.
709;1;DINAMICA EMPREENDIMENTOS E SOLUCOES LTDA;NFSE;768;15/09/2022;77;SECRETARIA DA PROTEÇÃO SOCIAL, JUSTIÇA, CIDADANIA, MULHERES E DIREITOS HUMANOS;CR;Não;Não;Não;Não;R$ 0,00;R$ 0,00;R$ 0,00;R$ 93.955,29;R$ 93.955,29;R$ 93.955,29;REFERENTE AO PAGAMENTO DA 12ª MEDIÇÃO PARCIAL DA CONSTRUÇÃO DE 01 (UM) CENTRO DE EDUCAÇÃO INFANTIL-CEI. PADRÃO IV, NO MUNICÍPIO DE MARACANAÚ-CE. RELATIVO AO PERÍODO DE 21/06/2022- 16/07/2022. CONFORME CONTRATO 0552021.
710;1;DINAMICA EMPREENDIMENTOS E SOLUCOES LTDA;NFSE;769;15/09/2022;13;INSTITUTO FEDERAL DE EDUCAÇÃO, CIÊNCIA E TECNOLOGIA DO CEARÁ - CAMPUS UMIRIM;CR;Não;Não;Não;Não;R$ 0,00;R$ 0,00;R$ 0,00;R$ 3.040,54;R$ 3.040,54;R$ 3.040,54;MEDIÇÃO REFERENTE AO REAJUSTE CONTRATUAL - OBJETO: SERVIÇOS COMUNS DE ENGENHARIA INERENTES À MANUTENÇÃO PREDIAL CORRETIVA OU PREVENTIVA - CAMPUS UMIRIM.
711;1;DINAMICA EMPREENDIMENTOS E SOLUCOES LTDA;NFSE;770;15/09/2022;38;INSTITUTO FEDERAL DE EDUCAÇÃO, CIÊNCIA E TECNOLOGIA DO CEARÁ;CR;Não;Não;Não;Não;R$ 0,00;R$ 0,00;R$ 0,00;R$ 6.186,51;R$ 6.186,51;R$ 6.186,51;"8ª MEDIÇÃO - OBJETO: CONTRATAÇÃO DE SERVIÇO COMUM DE ENGENHARIA PARA MANUTENÇÃO PREVENTIVA, CORRETIVA E AJUSTES DAS SUBESTAÇÕES, QUADROS GERAIS E DEMAIS EQUIPAMENTOS ELÉTRICOS - CAMPUS UBAJARA. ""SERVIÇO PREVENTIVO EXECUTADO NO CAMPUS DE TABULEIRO DO NORTE"" CONTRATO Nº 11/2019."
712;1;DINAMICA EMPREENDIMENTOS E SOLUCOES LTDA;NFSE;772;19/09/2022;38;INSTITUTO FEDERAL DE EDUCAÇÃO, CIÊNCIA E TECNOLOGIA DO CEARÁ;CR;Não;Não;Não;Não;R$ 0,00;R$ 0,00;R$ 0,00;R$ 30.061,42;R$ 30.061,42;R$ 30.061,42;"7ª MEDIÇÃO - OBJETO: CONTRATAÇÃO DE SERVIÇO COMUM DE ENGENHARIA PARA MANUTENÇÃO PREVENTIVA, CORRETIVA E AJUSTES DAS SUBESTAÇÕES, QUADROS GERAIS E DEMAIS EQUIPAMENTOS ELÉTRICOS - CAMPUS UBAJARA. ""SERVIÇO PREVENTIVO EXECUTADO NO CAMPUS DE TABULEIRO DO NORTE"" CONTRATO Nº 11/2019."
713;1;DINAMICA EMPREENDIMENTOS E SOLUCOES LTDA;NFSE;771;19/09/2022;81;MUNICIPIO DE SENADOR POMPEU - SECRETARIA DE EDUCAÇÃO, CULTURA E DESPORTO;CR;Não;Não;Não;Não;R$ 0,00;R$ 0,00;R$ 0,00;R$ 35.272,20;R$ 35.272,20;R$ 35.272,20;9ª MEDIÇÃO - OBJETO: CONSTRUÇÃO DE ESPAÇO EDUCATIVO URBANO 12 SALAS DE AULA, NA SEDE DO MUNICÍPIO, ATRAVÉS DA SECRETARIA DE EDUCAÇÃO, CULTURA E DESPORTO, DE MUNICÍPIO DE SENADOR POMPEU.CONTRATO N° SE-CP001/2021-01-SECD. CONCORRÊNCIA PÚBLICA Nº SE-CP001/2021.
714;1;DINAMICA EMPREENDIMENTOS E SOLUCOES LTDA;NFSE;775;22/09/2022;77;SECRETARIA DA PROTEÇÃO SOCIAL, JUSTIÇA, CIDADANIA, MULHERES E DIREITOS HUMANOS;CR;Não;Não;Não;Não;R$ 0,00;R$ 0,00;R$ 0,00;R$ 7.230,81;R$ 7.230,81;R$ 7.230,81;REFERENTE AO PAGAMENTO DO REAJUSTE DA 9ª MEDIÇÃO PARCIAL DA CONSTRUÇÃO DE 01 (UM) CENTRO DE EDUCAÇÃO INFANTIL- CEI. PADRÃO IV, NO MUNICÍPIO DE ICAPUÍ-CE. RELATIVO AO PERÍODO DE 21/05/2022 - 20/06/2022. CONFORME CONTRATO 067/2021.
715;1;DINAMICA EMPREENDIMENTOS E SOLUCOES LTDA;NFSE;776;22/09/2022;77;SECRETARIA DA PROTEÇÃO SOCIAL, JUSTIÇA, CIDADANIA, MULHERES E DIREITOS HUMANOS;CR;Não;Não;Não;Não;R$ 0,00;R$ 0,00;R$ 0,00;R$ 132.710,63;R$ 132.710,63;R$ 132.710,63;REFERENTE AO PAGAMENTO DA 7ª MEDIÇÃO PARCIAL DA CONSTRUÇÃO DE 01 (UM) CENTRO DE EDUCAÇÃO INFANTIL - CEI. PADRÃO IV, NO MUNICÍPIO DE CASCAVEL - CE. RELATIVO AO PERÍODO DE 21/06/2022 - 20/07/2022. CONFORME CONTRATO 114/2021.
716;1;DINAMICA EMPREENDIMENTOS E SOLUCOES LTDA;NFSE;777;22/09/2022;90;MUNICIPIO DE SOBRAL;CR;Não;Não;Não;Não;R$ 0,00;R$ 0,00;R$ 0,00;R$ 185.295,57;R$ 185.295,57;R$ 185.295,57;REFERENTE A 1° MEDIÇÃO DO OBJETO: CONTRATAÇÃO DE EMPRESA ESPECIALIZADA PARA CONSTRUÇÃO DE ESCOLA VERTICAL, 12 SALAS, NO BAIRRO ALTO DA BRASILIA, NO MUNICÍPIO DE DE SOBRAL / CE. PERÍODO DE: 15/08/2022 À 31/08/2022.CONTRATO Nº 0094 / 2022 - SME. CONCORRÊNCIA PÚBLICA Nº CP22003 - SME.
717;1;DINAMICA EMPREENDIMENTOS E SOLUCOES LTDA;NFSE;778;26/09/2022;87;FUNDO MUNICIPAL DE EDUCACAO - INFRAESTRUTURA - FME-I;CR;Não;Não;Não;Não;R$ 0,00;R$ 0,00;R$ 0,00;R$ 103.463,95;R$ 103.463,95;R$ 103.463,95;REFERENTE A 7ª MEDIÇÃO - REALIZADA NO PERÍODO DE 01/08/2022 À 31/08/2022 - OBJETO: CONTRATAÇÃO DE EMPRESA PARA EXECUÇÃO DAS OBRAS DE REFORMA DA ESCOLA MUNICIPAL FREI TITO DE ALENCAR LIMA, BAIRRO PRAIA DO FUTURO II, NO MUNICÍPIO DE FORTALEZA. MAPPFOR: 10 - REFORMA E AMPLIAÇÃO DO PARQUE ESCOLAR. CONTRATO Nº 01/2022  FME-I - RDC PRESENCIAL Nº 004/2021.
718;1;DINAMICA EMPREENDIMENTOS E SOLUCOES LTDA;NFSE;779;28/09/2022;70;PREFEITURA MUNICIPAL DE TABULEIRO DO NORTE;CR;Não;Não;Não;Não;R$ 0,00;R$ 0,00;R$ 0,00;R$ 96.704,70;R$ 96.704,70;R$ 96.704,70;1ª MEDIÇÃO - OBJETO: CONTRATAÇÃO DE OBRAS E SERVIÇOS DE ENGENHARIA PARA CONSTRUÇÃO DE 01 (UM) GALPÃO INDUSTRIAL DE 2000 M², NO MUNICÍPIO DE TABULEIRO DO NORTE/CE, CONFORME CONVÊNIO Nº 07/2022, CELEBRADO ENTRE A PREFEITURA MUNICIPAL DE TABULEIRO DO NORTE E AGÊNCIA DE DESENVOLVIMENTO DO ESTADO DO CEARÁ, DE RESPONSABILIDADE DA SECRETARIA DE DESENVOLVIMENTO ECONÔMICO E EMPREENDEDORISMO. CONTRATO N° 2022.07.12-0001. TOMADA DE PREÇOS Nº 11.04.01/2022.
719;1;DINAMICA EMPREENDIMENTOS E SOLUCOES LTDA;NFSE;780;29/09/2022;17;INSTITUTO FEDERAL DE EDUCAÇÃO, CIÊNCIA E TECNOLOGIA DO CEARÁ;CR;Não;Não;Não;Não;R$ 0,00;R$ 0,00;R$ 0,00;R$ 16.376,82;R$ 16.376,82;R$ 16.376,82;7ª MEDIÇÃO - OBJETO: CONTRATAÇÃO DE SERVIÇO COMUM DE ENGENHARIA PARA MANUTENÇÃO DE SUBESTAÇÕES DE ENERGIA ELÉTRICA ATÉ 69k - MANUTENÇÃO SUBESTAÇÃO, QUADROS E EQUIPAMENTOS ELÉTRICOS - SERVIÇOS CAMPUS FORTALEZA. CONTRATO Nº 14/2019.
724;1;DINAMICA EMPREENDIMENTOS E SOLUCOES LTDA;NFSE;647;29/09/2022;78;PREFEITURA MUNICIPAL DE PARACURU;CR;Não;Não;Não;Não;R$ 0,00;R$ 0,00;R$ 0,00;R$ 50.737,79;R$ 50.737,79;R$ 50.737,79;FRANCISCA BARROSO
720;1;DINAMICA EMPREENDIMENTOS E SOLUCOES LTDA;NFSE;781;30/09/2022;64;INSTITUTO FEDERAL DE EDUCAÇÃO, CIÊNCIA E TECNOLOGIA DO CEARA - CAMPUS ACOPIARA;CR;Não;Não;Não;Não;R$ 0,00;R$ 0,00;R$ 0,00;R$ 6.186,51;R$ 6.186,51;R$ 6.186,51;"3ª MEDIÇÃO - OBJETO: CONTRATAÇÃO DE SERVIÇO COMUM DE ENGENHARIA PARA MANUTENÇÃO PREVENTIVA, CORRETIVA E AJUSTES DAS SUBESTAÇÕES, QUADROS GERAIS E DEMAIS EQUIPAMENTOS ELÉTRICOS - CAMPUS ACOPIARA. ""SERVIÇO EXECUÇÃO PREVENTIVA"" CONTRATO Nº 54/2019."
721;1;DINAMICA EMPREENDIMENTOS E SOLUCOES LTDA;NFSE;782;03/10/2022;55;MUNICÍPIO DE MARACANAÚ;CR;Não;Não;Não;Não;R$ 0,00;R$ 0,00;R$ 0,00;R$ 7.667,24;R$ 7.667,24;R$ 7.667,24;9ª MEDIÇÃO - OBJETO: CONTRATAÇÃO DE EMPRESA ESPECIALIZADA PARA PRESTAÇÃO DE SERVIÇOS DE MANUTENÇÃO PREVENTIVA E CORRETIVA NA SUBESTAÇÃO DE ENERGIA 13,8KV E COM POTÊNCIA DE 1.525KVA, LOCALIZADA NO HOSPITAL MUNICIPAL DR. JOÃO ELÍSIO DE HOLANDA EM MARACANAÚ, CEARÁ CONTRATO N° 1492.21.07.08.01. CONCORRÊNCIA PÚBLICA Nº 14.001/2021 - CP.
722;1;DINAMICA EMPREENDIMENTOS E SOLUCOES LTDA;NFSE;783;03/10/2022;55;MUNICÍPIO DE MARACANAÚ;CR;Não;Não;Não;Não;R$ 0,00;R$ 0,00;R$ 0,00;R$ 7.667,24;R$ 7.667,24;R$ 7.667,24;10ª MEDIÇÃO - OBJETO: CONTRATAÇÃO DE EMPRESA ESPECIALIZADA PARA PRESTAÇÃO DE SERVIÇOS DE MANUTENÇÃO PREVENTIVA E CORRETIVA NA SUBESTAÇÃO DE ENERGIA 13,8KV E COM POTÊNCIA DE 1.525KVA, LOCALIZADA NO HOSPITAL MUNICIPAL DR. JOÃO ELÍSIO DE HOLANDA EM MARACANAÚ, CEARÁ CONTRATO N° 1492.21.07.08.01. CONCORRÊNCIA PÚBLICA Nº 14.001/2021 - CP.
723;1;DINAMICA EMPREENDIMENTOS E SOLUCOES LTDA;NFSE;784;03/10/2022;55;MUNICÍPIO DE MARACANAÚ;CR;Não;Não;Não;Não;R$ 0,00;R$ 0,00;R$ 0,00;R$ 7.667,24;R$ 7.667,24;R$ 7.667,24;11ª MEDIÇÃO - OBJETO: CONTRATAÇÃO DE EMPRESA ESPECIALIZADA PARA PRESTAÇÃO DE SERVIÇOS DE MANUTENÇÃO PREVENTIVA E CORRETIVA NA SUBESTAÇÃO DE ENERGIA 13,8KV E COM POTÊNCIA DE 1.525KVA, LOCALIZADA NO HOSPITAL MUNICIPAL DR. JOÃO ELÍSIO DE HOLANDA EM MARACANAÚ, CEARÁ CONTRATO N° 1492.21.07.08.01. CONCORRÊNCIA PÚBLICA Nº 14.001/2021 - CP.
725;1;DINAMICA EMPREENDIMENTOS E SOLUCOES LTDA;NFSE;785;03/10/2022;77;SECRETARIA DA PROTEÇÃO SOCIAL, JUSTIÇA, CIDADANIA, MULHERES E DIREITOS HUMANOS;CR;Não;Não;Não;Não;R$ 0,00;R$ 0,00;R$ 0,00;R$ 79.529,12;R$ 79.529,12;R$ 79.529,12;REFERENTE AO PAGAMENTO DA 11ª MEDIÇÃO PARCIAL DA CONSTRUÇÃO DE 01 (UM) CENTRO DE EDUCAÇÃO INFANTIL- CEI. PADRÃO IV, NO MUNICÍPIO DE ICAPUÍ-CE. RELATIVO AO PERÍODO DE 21/08/2022 - 20/09/2022. CONFORME CONTRATO 067/2021.
726;1;DINAMICA EMPREENDIMENTOS E SOLUCOES LTDA;NFSE;786;06/10/2022;86;MUNICIPIO DE ASSARÉ;CR;Não;Não;Não;Não;R$ 0,00;R$ 0,00;R$ 0,00;R$ 250.445,84;R$ 250.445,84;R$ 250.445,84;4ª MEDIÇÃO - OBJETO: CONTRATAÇÃO DE SERVIÇOS DE ENGENHARIA PARA A EXECUÇÃO DAS OBRAS DE REFORMA E AMPLIAÇÃO DO HOSPITAL GERAL NOSSA SENHORA DAS DORES DO MUNICÍPIO DE ASSARÉ/CE
727;1;DINAMICA EMPREENDIMENTOS E SOLUCOES LTDA;NFSE;787;06/10/2022;86;MUNICIPIO DE ASSARÉ;CR;Não;Não;Não;Não;R$ 0,00;R$ 0,00;R$ 0,00;R$ 135.314,74;R$ 135.314,74;R$ 135.314,74;4ª MEDIÇÃO - OBJETO: CONTRATAÇÃO DE SERVIÇOS DE ENGENHARIA PARA EXECUÇÃO DAS OBRAS DE CONSTRUÇÃO DE PASSAGENS MOLHADAS, EM DIVERSAS LOCALIDADES DO MUNICÍPIO DE ASSARÉ/CE.
728;1;DINAMICA EMPREENDIMENTOS E SOLUCOES LTDA;NFSE;788;11/10/2022;77;SECRETARIA DA PROTEÇÃO SOCIAL, JUSTIÇA, CIDADANIA, MULHERES E DIREITOS HUMANOS;CR;Não;Não;Não;Não;R$ 0,00;R$ 0,00;R$ 0,00;R$ 223.226,51;R$ 223.226,51;R$ 223.226,51;REFERENTE AO PAGAMENTO DA 8ª MEDIÇÃO PARCIAL DA CONSTRUÇÃO DE 01 (UM) CENTRO DE EDUCAÇÃO INFANTIL - CEI. PADRÃO IV, NO MUNICÍPIO DE CASCAVEL - CE. RELATIVO AO PERÍODO DE 21/07/2022 - 20/08/2022. CONFORME CONTRATO 114/2021.
729;1;DINAMICA EMPREENDIMENTOS E SOLUCOES LTDA;NFSE;789;11/10/2022;84;FERMOJU - TJCE;CR;Não;Não;Não;Não;R$ 0,00;R$ 0,00;R$ 0,00;R$ 11.518,52;R$ 11.518,52;R$ 11.518,52;1ª MEDIÇÃO (2ª ADITIVO) - OBJETO: CONTRATAÇÃO DE EMPRESA ESPECIALIZADA EM ENGENHARIA PARA EXECUÇÃO DO PROJETO DE REFORMA TOTAL DO FÓRUM DA COMARCA DE AURORA-CE. CONTRATO N° 47 / 2021. CONCORRÊNCIA PÚBLICA Nº 01 / 2021.
730;1;DINAMICA EMPREENDIMENTOS E SOLUCOES LTDA;NFSE;790;11/10/2022;84;FERMOJU - TJCE;CR;Não;Não;Não;Não;R$ 0,00;R$ 0,00;R$ 0,00;R$ 6.571,87;R$ 6.571,87;R$ 6.571,87;2ª MEDIÇÃO (2ª ADITIVO) - OBJETO: CONTRATAÇÃO DE EMPRESA ESPECIALIZADA EM ENGENHARIA PARA EXECUÇÃO DO PROJETO DE REFORMA TOTAL DO FÓRUM DA COMARCA DE AURORA-CE. CONTRATO N° 47 / 2021. CONCORRÊNCIA PÚBLICA Nº 01 / 2021.
731;1;DINAMICA EMPREENDIMENTOS E SOLUCOES LTDA;NFSE;793;11/10/2022;36;INSTITUTO FEDERAL DE EDUCAÇÃO, CIÊNCIA E TECNOLOGIA DO CEARÁ;CR;Não;Não;Não;Não;R$ 0,00;R$ 0,00;R$ 0,00;R$ 2.669,36;R$ 2.669,36;R$ 2.669,36;"9ª MEDIÇÃO - OBJETO: CONTRATAÇÃO DE SERVIÇO COMUM DE ENGENHARIA PARA MANUTENÇÃO PREVENTIVA, CORRETIVA E AJUSTES DAS SUBESTAÇÕES, QUADROS GERAIS E DEMAIS EQUIPAMENTOS ELÉTRICOS - CAMPUS CAMOCIM. ""SERVIÇO EMERGENCIAL"" CONTRATO Nº 12/2019"
732;1;DINAMICA EMPREENDIMENTOS E SOLUCOES LTDA;NFSE;794;11/10/2022;44;INSTITUTO FEDERAL DE EDUCAÇAO, CIENCIA E TCNOLOGIA DO CEARA - CAMPUS ACARAU;CR;Não;Não;Não;Não;R$ 0,00;R$ 0,00;R$ 0,00;R$ 1.796,05;R$ 1.796,05;R$ 1.796,05;"4ª MEDIÇÃO - OBJETO: CONTRATAÇÃO DE SERVIÇO COMUM DE ENGENHARIA PARA MANUTENÇÃO PREVENTIVA, CORRETIVA E AJUSTES DAS SUBESTAÇÕES, QUADROS GERAIS E DEMAIS EQUIPAMENTOS ELÉTRICOS - CAMPUS ACARAÚ. ""SERVIÇO EXECUÇÃO EMERGENCIAL"" CONTRATO Nº 07/2019."
733;1;DINAMICA EMPREENDIMENTOS E SOLUCOES LTDA;NFSE;795;17/10/2022;16;INSTITUTO FEDERAL DE EDUCAÇÃO, CIÊNCIA E TECNOLOGIA DO CEARÁ;CR;Não;Não;Não;Não;R$ 0,00;R$ 0,00;R$ 0,00;R$ 6.147,41;R$ 6.147,41;R$ 6.147,41;"5ª MEDIÇÃO - OBJETO: CONTRATAÇÃO DE SERVIÇO COMUM DE ENGENHARIA PARA MANUTENÇÃO PREVENTIVA, CORRETIVA E AJUSTES DAS SUBESTAÇÕES, QUADROS GERAIS E DEMAIS EQUIPAMENTOS ELÉTRICOS - CAMPUS ARACATI. ""SERVIÇO EXECUÇÃO PREVENTIVA"" CONTRATO Nº 09/2019."
734;1;DINAMICA EMPREENDIMENTOS E SOLUCOES LTDA;NFSE;796;18/10/2022;70;PREFEITURA MUNICIPAL DE TABULEIRO DO NORTE;CR;Não;Não;Não;Não;R$ 0,00;R$ 0,00;R$ 0,00;R$ 57.616,36;R$ 57.616,36;R$ 57.616,36;5ª MEDIÇÃO - OBJETO: CONTRATAÇÃO DE OBRAS E SERVIÇOS DE ENGENHARIA PARA CONSTRUÇÃO DE QUADRAS POLIESPORTIVAS NO MUNICÍPIO DE TABULEIRO DO NORTE/CE. CONTRATO N° 20200342
735;1;DINAMICA EMPREENDIMENTOS E SOLUCOES LTDA;NFSE;797;18/10/2022;36;INSTITUTO FEDERAL DE EDUCAÇÃO, CIÊNCIA E TECNOLOGIA DO CEARÁ;CR;Não;Não;Não;Não;R$ 0,00;R$ 0,00;R$ 0,00;R$ 13.550,66;R$ 13.550,66;R$ 13.550,66;"8ª MEDIÇÃO - OBJETO: CONTRATAÇÃO DE SERVIÇO COMUM DE ENGENHARIA PARA MANUTENÇÃO PREVENTIVA, CORRETIVA E AJUSTES DAS SUBESTAÇÕES, QUADROS GERAIS E DEMAIS EQUIPAMENTOS ELÉTRICOS - CAMPUS CAMOCIM. ""SERVIÇO EMERGENCIAL"" CONTRATO Nº 12/2019"
736;1;DINAMICA EMPREENDIMENTOS E SOLUCOES LTDA;NFSE;798;18/10/2022;55;MUNICÍPIO DE MARACANAÚ;CR;Não;Não;Não;Não;R$ 0,00;R$ 0,00;R$ 0,00;R$ 7.667,24;R$ 7.667,24;R$ 7.667,24;12ª MEDIÇÃO - OBJETO: CONTRATAÇÃO DE EMPRESA ESPECIALIZADA PARA PRESTAÇÃO DE SERVIÇOS DE MANUTENÇÃO PREVENTIVA E CORRETIVA NA SUBESTAÇÃO DE ENERGIA 13,8KV E COM POTÊNCIA DE 1.525KVA, LOCALIZADA NO HOSPITAL MUNICIPAL DR. JOÃO ELÍSIO DE HOLANDA EM MARACANAÚ, CEARÁ CONTRATO N° 1492.21.07.08.01. CONCORRÊNCIA PÚBLICA Nº 14.001/2021 - CP.
739;1;DINAMICA EMPREENDIMENTOS E SOLUCOES LTDA;NFSE;799;20/10/2022;70;PREFEITURA MUNICIPAL DE TABULEIRO DO NORTE;CR;Não;Não;Não;Não;R$ 0,00;R$ 0,00;R$ 0,00;R$ 61.952,36;R$ 61.952,36;R$ 61.952,36;2ª MEDIÇÃO - OBJETO: CONTRATAÇÃO DE OBRAS E SERVIÇOS DE ENGENHARIA PARA OS SERVIÇOS REMANESCENTES DA OBRA DA CRECHE TIPO 01-PROINFÂNCIA - PADRÃO FNDE, DO MUNICÍPIO DE TABULEIRO DO NORTE/CE. CONTRATO N° 20200296
740;1;DINAMICA EMPREENDIMENTOS E SOLUCOES LTDA;NFSE;801;20/10/2022;84;FERMOJU - TJCE;CR;Não;Não;Não;Não;R$ 0,00;R$ 0,00;R$ 0,00;R$ 150.213,84;R$ 150.213,84;R$ 150.213,84;3ª MEDIÇÃO - OBJETO: CONTRATAÇÃO DE EMPRESA ESPECIALIZADA EM ENGENHARIA PARA EXECUÇÃO DA REFORMA E AMPLIAÇÃO DA ESMEC. CONTRATO N° . 31/2022 CONCORRÊNCIA PÚBLICA Nº 03 / 2022.
741;1;DINAMICA EMPREENDIMENTOS E SOLUCOES LTDA;NFSE;802;20/10/2022;90;MUNICIPIO DE SOBRAL;CR;Não;Não;Não;Não;R$ 0,00;R$ 0,00;R$ 0,00;R$ 351.344,79;R$ 351.344,79;R$ 351.344,79;REFERENTE A 2° MEDIÇÃO DO OBJETO: CONTRATAÇÃO DE EMPRESA ESPECIALIZADA PARA CONSTRUÇÃO DE ESCOLA VERTICAL, 12 SALAS, NO BAIRRO ALTO DA BRASILIA, NO MUNICÍPIO DE DE SOBRAL / CE. PERÍODO DE: 15/08/2022 À 31/08/2022.CONTRATO Nº 0094 / 2022 - SME. CONCORRÊNCIA PÚBLICA Nº CP22003 - SME.
738;1;DINAMICA EMPREENDIMENTOS E SOLUCOES LTDA;NFSE;805;25/10/2022;48;INSTITUTO FEDERAL DE EDUCAÇÃO, CIÊNCIA E TECNOLOGIA DO CEARÁ CAMPUS BATURITÉ;CR;Não;Não;Não;Não;R$ 0,00;R$ 0,00;R$ 0,00;R$ 6.069,69;R$ 6.069,69;R$ 6.069,69;"3ª MEDIÇÃO - OBJETO: CONTRATAÇÃO DE SERVIÇO COMUM DE ENGENHARIA PARA MANUTENÇÃO PREVENTIVA, CORRETIVA E AJUSTES DAS SUBESTAÇÕES, QUADROS GERAIS E DEMAIS EQUIPAMENTOS ELÉTRICOS - CAMPUS BATURITÉ. ""SERVIÇO EXECUÇÃO PREVENTIVA"" CONTRATO Nº 05/2019."
742;1;DINAMICA EMPREENDIMENTOS E SOLUCOES LTDA;NFSE;803;25/10/2022;70;PREFEITURA MUNICIPAL DE TABULEIRO DO NORTE;CR;Não;Não;Não;Não;R$ 0,00;R$ 0,00;R$ 0,00;R$ 486.006,97;R$ 486.006,97;R$ 486.006,97;5ª MEDIÇÃO - OBJETO: CONTRATAÇÃO DE OBRAS E SERVIÇOS DE ENGENHARIA PARA OS SERVIÇOS DE DUPLICAÇÃO DA ENTRADA DA CIDADE, SEDE DO MUNICÍPIO DE TABULEIRO DO NORTE/CE. CONTRATO N° 20200318. MAPP: 4263 CONVÊNIO Nº 065 / CIDADES / 2020
743;1;DINAMICA EMPREENDIMENTOS E SOLUCOES LTDA;NFSE;804;25/10/2022;81;MUNICIPIO DE SENADOR POMPEU - SECRETARIA DE EDUCAÇÃO, CULTURA E DESPORTO;CR;Não;Não;Não;Não;R$ 0,00;R$ 0,00;R$ 0,00;R$ 30.441,46;R$ 30.441,46;R$ 30.441,46;10ª MEDIÇÃO - OBJETO: CONSTRUÇÃO DE ESPAÇO EDUCATIVO URBANO 12 SALAS DE AULA, NA SEDE DO MUNICÍPIO, ATRAVÉS DA SECRETARIA DE EDUCAÇÃO, CULTURA E DESPORTO, DE MUNICÍPIO DE SENADOR POMPEU.CONTRATO N° SE-CP001/2021-01-SECD. CONCORRÊNCIA PÚBLICA Nº SE-CP001/2021.
745;1;DINAMICA EMPREENDIMENTOS E SOLUCOES LTDA;NFSE;806;25/10/2022;17;INSTITUTO FEDERAL DE EDUCAÇÃO, CIÊNCIA E TECNOLOGIA DO CEARÁ;CR;Não;Não;Não;Não;R$ 0,00;R$ 0,00;R$ 0,00;R$ 6.108,30;R$ 6.108,30;R$ 6.108,30;10ª MEDIÇÃO - OBJETO: CONTRATAÇÃO DE SERVIÇO COMUM DE ENGENHARIA PARA MANUTENÇÃO DE SUBESTAÇÕES DE ENERGIA ELÉTRICA ATÉ 69k - MANUTENÇÃO SUBESTAÇÃO, QUADROS E EQUIPAMENTOS ELÉTRICOS - SERVIÇOS CAMPUS FORTALEZA. CONTRATO Nº 14/2019.
746;1;DINAMICA EMPREENDIMENTOS E SOLUCOES LTDA;NFSE;807;25/10/2022;41;INSTITUTO FEDERAL DE EDUCAÇÃO, CIÊNCIA E TECNOLOGIA DO CEARÁ;CR;Não;Não;Não;Não;R$ 0,00;R$ 0,00;R$ 0,00;R$ 6.186,51;R$ 6.186,51;R$ 6.186,51;"3ª MEDIÇÃO - OBJETO: CONTRATAÇÃO DE SERVIÇO COMUM DE ENGENHARIA PARA MANUTENÇÃO PREVENTIVA, CORRETIVA E AJUSTES DAS SUBESTAÇÕES, QUADROS GERAIS E DEMAIS EQUIPAMENTOS ELÉTRICOS - CAMPUS JUAZEIRO DO NORTE. ""SERVIÇO EXECUÇÃO PREVENTIVA"" CONTRATO Nº 15/2019."
737;1;DINAMICA EMPREENDIMENTOS E SOLUCOES LTDA;NFSE;670;27/10/2022;78;PREFEITURA MUNICIPAL DE PARACURU;CR;Não;Não;Não;Não;R$ 0,00;R$ 0,00;R$ 0,00;R$ 38.325,70;R$ 38.325,70;R$ 38.325,70;FRANCISCA BARROSO
747;1;DINAMICA EMPREENDIMENTOS E SOLUCOES LTDA;NFSE;808;27/10/2022;87;FUNDO MUNICIPAL DE EDUCACAO - INFRAESTRUTURA - FME-I;CR;Não;Não;Não;Não;R$ 0,00;R$ 0,00;R$ 0,00;R$ 110.202,39;R$ 110.202,39;R$ 110.202,39;REFERENTE A 8ª MEDIÇÃO - REALIZADA NO PERÍODO DE 01/09/2022 À 30/09/2022 - OBJETO: CONTRATAÇÃO DE EMPRESA PARA EXECUÇÃO DAS OBRAS DE REFORMA DA ESCOLA MUNICIPAL FREI TITO DE ALENCAR LIMA, BAIRRO PRAIA DO FUTURO II, NO MUNICÍPIO DE FORTALEZA. MAPPFOR: 10 - REFORMA E AMPLIAÇÃO DO PARQUE ESCOLAR. CONTRATO Nº 01/2022  FME-I - RDC PRESENCIAL Nº 004/2021.
748;1;DINAMICA EMPREENDIMENTOS E SOLUCOES LTDA;NFSE;809;01/11/2022;86;MUNICIPIO DE ASSARÉ;CR;Não;Não;Não;Não;R$ 0,00;R$ 0,00;R$ 0,00;R$ 111.196,93;R$ 111.196,93;R$ 111.196,93;5ª MEDIÇÃO - OBJETO: CONTRATAÇÃO DE SERVIÇOS DE ENGENHARIA PARA A EXECUÇÃO DAS OBRAS DE CONCLUSÃO DA CONSTRUÇÃO DE CRECHE PROINFÂNCIA TIPO I LOCALIZADA DA SEDE DO MUNICÍPIO DE ASSARÉ/CE. TERMO DO CONVÊNIO PAC2 Nº 5723/2013.
749;1;DINAMICA EMPREENDIMENTOS E SOLUCOES LTDA;NFSE;810;01/11/2022;86;MUNICIPIO DE ASSARÉ;CR;Não;Não;Não;Não;R$ 0,00;R$ 0,00;R$ 0,00;R$ 215.011,23;R$ 215.011,23;R$ 215.011,23;5ª MEDIÇÃO - OBJETO: CONTRATAÇÃO DE SERVIÇOS DE ENGENHARIA PARA A EXECUÇÃO DAS OBRAS DE REFORMA E AMPLIAÇÃO DO HOSPITAL GERAL NOSSA SENHORA DAS DORES DO MUNICÍPIO DE ASSARÉ/CE
750;1;DINAMICA EMPREENDIMENTOS E SOLUCOES LTDA;NFSE;811;01/11/2022;86;MUNICIPIO DE ASSARÉ;CR;Não;Não;Não;Não;R$ 0,00;R$ 0,00;R$ 0,00;R$ 76.471,84;R$ 76.471,84;R$ 76.471,84;5ª MEDIÇÃO - OBJETO: CONTRATAÇÃO DE SERVIÇOS DE ENGENHARIA PARA EXECUÇÃO DAS OBRAS DE CONSTRUÇÃO DE PASSAGENS MOLHADAS, EM DIVERSAS LOCALIDADES DO MUNICÍPIO DE ASSARÉ/CE.
751;1;DINAMICA EMPREENDIMENTOS E SOLUCOES LTDA;NFSE;812;05/11/2022;84;FERMOJU - TJCE;CR;Não;Não;Não;Não;R$ 0,00;R$ 0,00;R$ 0,00;R$ 18.004,13;R$ 18.004,13;R$ 18.004,13;4ª MEDIÇÃO - OBJETO: CONTRATAÇÃO DE EMPRESA ESPECIALIZADA EM ENGENHARIA PARA EXECUÇÃO DA REFORMA E AMPLIAÇÃO DA ESMEC. CONTRATO N° 31/2022. CONCORRÊNCIA PÚBLICA Nº 03 / 2022. EMPENHO 2022NE03460
752;1;DINAMICA EMPREENDIMENTOS E SOLUCOES LTDA;NFSE;813;05/11/2022;84;FERMOJU - TJCE;CR;Não;Não;Não;Não;R$ 0,00;R$ 0,00;R$ 0,00;R$ 254.314,75;R$ 254.314,75;R$ 254.314,75;4ª MEDIÇÃO - OBJETO: CONTRATAÇÃO DE EMPRESA ESPECIALIZADA EM ENGENHARIA PARA EXECUÇÃO DA REFORMA E AMPLIAÇÃO DA ESMEC. CONTRATO N° 31/2022. CONCORRÊNCIA PÚBLICA Nº 03 / 2022. EMPENHO 2022NE03460
753;1;DINAMICA EMPREENDIMENTOS E SOLUCOES LTDA;NFSE;814;10/11/2022;73;MUNICÍPIO DE GRANJEIRO;CR;Não;Não;Não;Não;R$ 0,00;R$ 0,00;R$ 0,00;R$ 50.790,56;R$ 50.790,56;R$ 50.790,56;1ª MEDIÇÃO ADITIVO - OBJETO: CONTRATAÇÃO DE SERVIÇOS DE ENGENHARIA PARA EXECUÇÃO DAS OBRAS DE URBANIZAÇÃO DO AÇUDE JUNCO NO MUNICÍPIO DE GRANJEIRO, CONFORME CONVENIO Nº 014/CIDADES/2021 FIRMADO COM O GOVERNO DO ESTADO DO CEARÁ E O MUNICÍPIO DE GRANJEIRO/CE. CONTRATO N° 2021.10.18.1
758;1;DINAMICA EMPREENDIMENTOS E SOLUCOES LTDA;NFSE;674;10/11/2022;78;PREFEITURA MUNICIPAL DE PARACURU;CR;Não;Não;Não;Não;R$ 0,00;R$ 0,00;R$ 0,00;R$ 36.612,47;R$ 36.612,47;R$ 36.612,47;CRECHE SONHOS DE CRIANÇA
754;1;DINAMICA EMPREENDIMENTOS E SOLUCOES LTDA;NFSE;815;11/11/2022;77;SECRETARIA DA PROTEÇÃO SOCIAL, JUSTIÇA, CIDADANIA, MULHERES E DIREITOS HUMANOS;CR;Não;Não;Não;Não;R$ 0,00;R$ 0,00;R$ 0,00;R$ 140.844,10;R$ 140.844,10;R$ 140.844,10;REFERENTE AO PAGAMENTO DA 12ª MEDIÇÃO PARCIAL DA CONSTRUÇÃO DE 01 (UM) CENTRO DE EDUCAÇÃO INFANTIL- CEI. PADRÃO IV, NO MUNICÍPIO DE ICAPUÍ-CE. RELATIVO AO PERÍODO DE 21/09/2022 - 20/10/2022. CONFORME CONTRATO 067/2021.
755;1;DINAMICA EMPREENDIMENTOS E SOLUCOES LTDA;NFSE;817;16/11/2022;77;SECRETARIA DA PROTEÇÃO SOCIAL, JUSTIÇA, CIDADANIA, MULHERES E DIREITOS HUMANOS;CR;Não;Não;Não;Não;R$ 0,00;R$ 0,00;R$ 0,00;R$ 68.104,61;R$ 68.104,61;R$ 68.104,61;REFERENTE AO PAGAMENTO DA 1ª MEDIÇÃO PARCIAL DA CONSTRUÇÃO DE 01 (UM) CENTRO DE EDUCAÇÃO INFANTIL - CEI - PADRÃO IV, NO MUNICÍPIO DE CANINDÉ/CE. RELATIVO AO PERÍODO DE 22/08/2022 a 20/09/2022. CONFORME CONTRATO Nº 060/2022.
756;1;DINAMICA EMPREENDIMENTOS E SOLUCOES LTDA;NFSE;818;17/11/2022;77;SECRETARIA DA PROTEÇÃO SOCIAL, JUSTIÇA, CIDADANIA, MULHERES E DIREITOS HUMANOS;CR;Não;Não;Não;Não;R$ 0,00;R$ 0,00;R$ 0,00;R$ 117.902,89;R$ 117.902,89;R$ 117.902,89;REFERENTE AO PAGAMENTO DA 2ª MEDIÇÃO PARCIAL DA CONSTRUÇÃO DE 01 (UM) CENTRO DE EDUCAÇÃO INFANTIL - CEI - PADRÃO IV, NO MUNICÍPIO DE CANINDÉ/CE. RELATIVO AO PERÍODO DE 21/09/2022 a 20/10/2022. CONFORME CONTRATO Nº 060/2022.
757;1;DINAMICA EMPREENDIMENTOS E SOLUCOES LTDA;NFSE;819;17/11/2022;70;PREFEITURA MUNICIPAL DE TABULEIRO DO NORTE;CR;Não;Não;Não;Não;R$ 0,00;R$ 0,00;R$ 0,00;R$ 63.105,30;R$ 63.105,30;R$ 63.105,30;6ª MEDIÇÃO - OBJETO: CONTRATAÇÃO DE OBRAS E SERVIÇOS DE ENGENHARIA PARA CONSTRUÇÃO DE QUADRAS POLIESPORTIVAS NO MUNICÍPIO DE TABULEIRO DO NORTE/CE. CONTRATO N° 20200342
759;1;DINAMICA EMPREENDIMENTOS E SOLUCOES LTDA;NFSE;820;21/11/2022;73;MUNICÍPIO DE GRANJEIRO;CR;Não;Não;Não;Não;R$ 0,00;R$ 0,00;R$ 0,00;R$ 50.707,94;R$ 50.707,94;R$ 50.707,94;2ª MEDIÇÃO ADITIVO - OBJETO: CONTRATAÇÃO DE SERVIÇOS DE ENGENHARIA PARA EXECUÇÃO DAS OBRAS DE URBANIZAÇÃO DO AÇUDE JUNCO NO MUNICÍPIO DE GRANJEIRO, CONFORME CONVENIO Nº 014/CIDADES/2021 FIRMADO COM O GOVERNO DO ESTADO DO CEARÁ E O MUNICÍPIO DE GRANJEIRO/CE. CONTRATO N° 2021.10.18.1
760;1;DINAMICA EMPREENDIMENTOS E SOLUCOES LTDA;NFSE;821;22/11/2022;90;MUNICIPIO DE SOBRAL;CR;Não;Não;Não;Não;R$ 0,00;R$ 0,00;R$ 0,00;R$ 466.224,65;R$ 466.224,65;R$ 466.224,65;REFERENTE A 3° MEDIÇÃO DO OBJETO: CONTRATAÇÃO DE EMPRESA ESPECIALIZADA PARA CONSTRUÇÃO DE ESCOLA VERTICAL, 12 SALAS, NO BAIRRO ALTO DA BRASILIA, NO MUNICÍPIO DE DE SOBRAL / CE. PERÍODO DE: 03/10/2022 - 31/10/2022. CONTRATO Nº 0094 / 2022 - SME. CONCORRÊNCIA PÚBLICA Nº CP22003 - SME.
761;1;DINAMICA EMPREENDIMENTOS E SOLUCOES LTDA;NFSE;823;23/11/2022;48;INSTITUTO FEDERAL DE EDUCAÇÃO, CIÊNCIA E TECNOLOGIA DO CEARÁ CAMPUS BATURITÉ;CR;Não;Não;Não;Não;R$ 0,00;R$ 0,00;R$ 0,00;R$ 32.578,61;R$ 32.578,61;R$ 32.578,61;"4ª MEDIÇÃO - OBJETO: CONTRATAÇÃO DE SERVIÇO COMUM DE ENGENHARIA PARA MANUTENÇÃO PREVENTIVA, CORRETIVA E AJUSTES DAS SUBESTAÇÕES, QUADROS GERAIS E DEMAIS EQUIPAMENTOS ELÉTRICOS - CAMPUS BATURITÉ. ""SERVIÇO EXECUÇÃO EMERGENCIAL"" CONTRATO Nº 05/2019."
762;1;DINAMICA EMPREENDIMENTOS E SOLUCOES LTDA;NFSE;824;30/11/2022;87;FUNDO MUNICIPAL DE EDUCACAO - INFRAESTRUTURA - FME-I;CR;Não;Não;Não;Não;R$ 0,00;R$ 0,00;R$ 0,00;R$ 302.746,50;R$ 302.746,50;R$ 302.746,50;REFERENTE A 9ª MEDIÇÃO - REALIZADA NO PERÍODO DE 01/10/2022 À 31/10/2022 - OBJETO: CONTRATAÇÃO DE EMPRESA PARA EXECUÇÃO DAS OBRAS DE REFORMA DA ESCOLA MUNICIPAL FREI TITO DE ALENCAR LIMA, BAIRRO PRAIA DO FUTURO II, NO MUNICÍPIO DE FORTALEZA. MAPPFOR: 10 - REFORMA E AMPLIAÇÃO DO PARQUE ESCOLAR.CONTRATO Nº 01/2022  FME-I - RDC PRESENCIAL Nº 004/2021.
763;1;DINAMICA EMPREENDIMENTOS E SOLUCOES LTDA;NFSE;825;30/11/2022;86;MUNICIPIO DE ASSARÉ;CR;Não;Não;Não;Não;R$ 0,00;R$ 0,00;R$ 0,00;R$ 120.109,52;R$ 120.109,52;R$ 120.109,52;6ª MEDIÇÃO - OBJETO: CONTRATAÇÃO DE SERVIÇOS DE ENGENHARIA PARA EXECUÇÃO DAS OBRAS DE CONSTRUÇÃO DE PASSAGENS MOLHADAS, EM DIVERSAS LOCALIDADES DO MUNICÍPIO DE ASSARÉ/CE.
764;1;DINAMICA EMPREENDIMENTOS E SOLUCOES LTDA;NFSE;826;30/11/2022;86;MUNICIPIO DE ASSARÉ;CR;Não;Não;Não;Não;R$ 0,00;R$ 0,00;R$ 0,00;R$ 190.460,16;R$ 190.460,16;R$ 190.460,16;6ª MEDIÇÃO - OBJETO: CONTRATAÇÃO DE SERVIÇOS DE ENGENHARIA PARA A EXECUÇÃO DAS OBRAS DE REFORMA E AMPLIAÇÃO DO HOSPITAL GERAL NOSSA SENHORA DAS DORES DO MUNICÍPIO DE ASSARÉ/CE
765;1;DINAMICA EMPREENDIMENTOS E SOLUCOES LTDA;NFSE;827;30/11/2022;86;MUNICIPIO DE ASSARÉ;CR;Não;Não;Não;Não;R$ 0,00;R$ 0,00;R$ 0,00;R$ 73.640,94;R$ 73.640,94;R$ 73.640,94;6ª MEDIÇÃO - OBJETO: CONTRATAÇÃO DE SERVIÇOS DE ENGENHARIA PARA A EXECUÇÃO DAS OBRAS DE CONCLUSÃO DA CONSTRUÇÃO DE CRECHE PROINFÂNCIA TIPO I LOCALIZADA DA SEDE DO MUNICÍPIO DE ASSARÉ/CE. TERMO DO CONVÊNIO PAC2 Nº 5723/2013.
766;1;DINAMICA EMPREENDIMENTOS E SOLUCOES LTDA;NFSE;828;30/11/2022;55;MUNICÍPIO DE MARACANAÚ;CR;Não;Não;Não;Não;R$ 0,00;R$ 0,00;R$ 0,00;R$ 7.667,24;R$ 7.667,24;R$ 7.667,24;13ª MEDIÇÃO - OBJETO: CONTRATAÇÃO DE EMPRESA ESPECIALIZADA PARA PRESTAÇÃO DE SERVIÇOS DE MANUTENÇÃO PREVENTIVA E CORRETIVA NA SUBESTAÇÃO DE ENERGIA 13,8KV E COM POTÊNCIA DE 1.525KVA, LOCALIZADA NO HOSPITAL MUNICIPAL DR. JOÃO ELÍSIO DE HOLANDA EM MARACANAÚ, CEARÁ CONTRATO N° 1492.21.07.08.01. CONCORRÊNCIA PÚBLICA Nº 14.001/2021 - CP.
767;1;DINAMICA EMPREENDIMENTOS E SOLUCOES LTDA;NFSE;829;06/12/2022;77;SECRETARIA DA PROTEÇÃO SOCIAL, JUSTIÇA, CIDADANIA, MULHERES E DIREITOS HUMANOS;CR;Não;Não;Não;Não;R$ 0,00;R$ 0,00;R$ 0,00;R$ 198.703,84;R$ 198.703,84;R$ 198.703,84;REFERENTE AO PAGAMENTO DA 9ª MEDIÇÃO PARCIAL DA CONSTRUÇÃO DE 01 (UM) CENTRO DE EDUCAÇÃO INFANTIL - CEI. PADRÃO IV, NO MUNICÍPIO DE CASCAVEL - CE. RELATIVO AO PERÍODO DE 21/08/2022 - 20/09/2022. CONFORME CONTRATO 114/2021.
768;1;DINAMICA EMPREENDIMENTOS E SOLUCOES LTDA;NFSE;830;06/12/2022;77;SECRETARIA DA PROTEÇÃO SOCIAL, JUSTIÇA, CIDADANIA, MULHERES E DIREITOS HUMANOS;CR;Não;Não;Não;Não;R$ 0,00;R$ 0,00;R$ 0,00;R$ 186.338,28;R$ 186.338,28;R$ 186.338,28;REFERENTE AO PAGAMENTO DA 13ª MEDIÇÃO PARCIAL DA CONSTRUÇÃO DE 01 (UM) CENTRO DE EDUCAÇÃO INFANTIL- CEI. PADRÃO IV, NO MUNICÍPIO DE ICAPUÍ-CE. RELATIVO AO PERÍODO DE 21/10/2022 - 19/11/2022. CONFORME CONTRATO 067/2021.
769;1;DINAMICA EMPREENDIMENTOS E SOLUCOES LTDA;NFSE;831;13/12/2022;77;SECRETARIA DA PROTEÇÃO SOCIAL, JUSTIÇA, CIDADANIA, MULHERES E DIREITOS HUMANOS;CR;Não;Não;Não;Não;R$ 0,00;R$ 0,00;R$ 0,00;R$ 287.525,53;R$ 287.525,53;R$ 287.525,53;REFERENTE AO PAGAMENTO DA 13ª MEDIÇÃO PARCIAL DA CONSTRUÇÃO DE 01 (UM) CENTRO DE EDUCAÇÃO INFANTIL-CEI. PADRÃO IV, NO MUNICÍPIO DE MARACANAÚ-CE. RELATIVO AO PERÍODO DE 21/07/2022 A 20/08/2022. CONFORME CONTRATO 0552021.
770;1;DINAMICA EMPREENDIMENTOS E SOLUCOES LTDA;NFSE;847;13/12/2022;84;FERMOJU - TJCE;CR;Não;Não;Não;Não;R$ 0,00;R$ 0,00;R$ 0,00;R$ 122.637,66;R$ 122.637,66;R$ 122.637,66;5ª MEDIÇÃO - OBJETO: CONTRATAÇÃO DE EMPRESA ESPECIALIZADA EM ENGENHARIA PARA EXECUÇÃO DA REFORMA E AMPLIAÇÃO DA ESMEC. CONTRATO N° 31/2022. CONCORRÊNCIA PÚBLICA Nº 03 / 2022. EMPENHO 2022NE03460
771;1;DINAMICA EMPREENDIMENTOS E SOLUCOES LTDA;NFSE;834;14/12/2022;91;MUNICIPIO DE JUCAS - SECRETARIA MUNICIPAL DE EDUCACAO;CR;Não;Não;Não;Não;R$ 0,00;R$ 0,00;R$ 0,00;R$ 77.160,81;R$ 77.160,81;R$ 77.160,81;1ª MEDIÇÃO - OBJETO: CONTRATAÇÃO DE EMPRESA PARA EXECUÇÃO DE SERVIÇOS DE CONSTRUÇÃO DE UMA ESCOLA COM 12 SALAS DE AULA  PADRÃO FNDE, DE ACORDO COM AS ESPECIFICAÇÕES CONTIDAS NO PROJETO BÁSICO EM ANEXO, DE RESPONSABILIDADE DA SECRETARIA MUNICIPAL DE EDUCAÇÃO CONTRATO N° 001/2022.
772;1;DINAMICA EMPREENDIMENTOS E SOLUCOES LTDA;NFSE;835;14/12/2022;77;SECRETARIA DA PROTEÇÃO SOCIAL, JUSTIÇA, CIDADANIA, MULHERES E DIREITOS HUMANOS;CR;Não;Não;Não;Não;R$ 0,00;R$ 0,00;R$ 0,00;R$ 134.764,68;R$ 134.764,68;R$ 134.764,68;REFERENTE AO PAGAMENTO DA 3ª MEDIÇÃO PARCIAL DA CONSTRUÇÃO DE 01 (UM) CENTRO DE EDUCAÇÃO INFANTIL - CEI - PADRÃO IV, NO MUNICÍPIO DE CANINDÉ/CE. RELATIVO AO PERÍODO DE 21/10/2022 a 20/11/2022. CONFORME CONTRATO Nº 060/2022.
773;1;DINAMICA EMPREENDIMENTOS E SOLUCOES LTDA;NFSE;836;16/12/2022;77;SECRETARIA DA PROTEÇÃO SOCIAL, JUSTIÇA, CIDADANIA, MULHERES E DIREITOS HUMANOS;CR;Não;Não;Não;Não;R$ 0,00;R$ 0,00;R$ 0,00;R$ 198.976,08;R$ 198.976,08;R$ 198.976,08;REFERENTE AO PAGAMENTO DA 10ª MEDIÇÃO PARCIAL DA CONSTRUÇÃO DE 01 (UM) CENTRO DE EDUCAÇÃO INFANTIL - CEI. PADRÃO IV, NO MUNICÍPIO DE CASCAVEL - CE. RELATIVO AO PERÍODO DE 21/09/2022 - 20/10/2022. CONFORME CONTRATO 114/2021.
774;1;DINAMICA EMPREENDIMENTOS E SOLUCOES LTDA;NFSE;837;16/12/2022;77;SECRETARIA DA PROTEÇÃO SOCIAL, JUSTIÇA, CIDADANIA, MULHERES E DIREITOS HUMANOS;CR;Não;Não;Não;Não;R$ 0,00;R$ 0,00;R$ 0,00;R$ 88.479,28;R$ 88.479,28;R$ 88.479,28;REFERENTE AO PAGAMENTO DA 4ª MEDIÇÃO PARCIAL DA CONSTRUÇÃO DE 01 (UM) CENTRO DE EDUCAÇÃO INFANTIL - CEI - PADRÃO IV, NO MUNICÍPIO DE CANINDÉ/CE. RELATIVO AO PERÍODO DE 21/11/2022 a 20/12/2022. CONFORME CONTRATO Nº 060/2022.
775;1;DINAMICA EMPREENDIMENTOS E SOLUCOES LTDA;NFSE;838;16/12/2022;90;MUNICIPIO DE SOBRAL;CR;Não;Não;Não;Não;R$ 0,00;R$ 0,00;R$ 0,00;R$ 388.384,20;R$ 388.384,20;R$ 388.384,20;REFERENTE A 4° MEDIÇÃO DO OBJETO: CONTRATAÇÃO DE EMPRESA ESPECIALIZADA PARA CONSTRUÇÃO DE ESCOLA VERTICAL, 12 SALAS, NO BAIRRO ALTO DA BRASILIA, NO MUNICÍPIO DE DE SOBRAL / CE. PERÍODO DE: 01/11/2022 - 30/11/2022.CONTRATO Nº 0094 / 2022 - SME
776;1;DINAMICA EMPREENDIMENTOS E SOLUCOES LTDA;NFSE;839;20/12/2022;73;MUNICÍPIO DE GRANJEIRO;CR;Não;Não;Não;Não;R$ 0,00;R$ 0,00;R$ 0,00;R$ 76.434,63;R$ 76.434,63;R$ 76.434,63;1ª MEDIÇÃO DO ADITIVO - OBJETO: CONTRATAÇÃO DE SERVIÇOS PARA EXECUÇÃO DAS OBRAS DE URBANIZAÇÃO DA ENTRADA DA SEDE DO MUNICÍPIO DE GRANJEIRO/CE. NOS MOLDES DO TERMO DE AJUSTES 009/CIDADES/2021. CONTRATO N° 2022.02.08.1
777;1;DINAMICA EMPREENDIMENTOS E SOLUCOES LTDA;NFSE;840;21/12/2022;90;MUNICIPIO DE SOBRAL;CR;Não;Não;Não;Não;R$ 0,00;R$ 0,00;R$ 0,00;R$ 190.293,78;R$ 190.293,78;R$ 190.293,78;REFERENTE A 5° MEDIÇÃO DO OBJETO: CONTRATAÇÃO DE EMPRESA ESPECIALIZADA PARA CONSTRUÇÃO DE ESCOLA VERTICAL, 12 SALAS, NO BAIRRO ALTO DA BRASILIA, NO MUNICÍPIO DE DE SOBRAL / CE. PERÍODO DE: 01/12/2022 - 13/12/2022. CONTRATO Nº 0094 / 2022 - SME. CONCORRÊNCIA PÚBLICA Nº CP22003 - SME.
778;1;DINAMICA EMPREENDIMENTOS E SOLUCOES LTDA;NFSE;841;26/12/2022;55;MUNICÍPIO DE MARACANAÚ;CR;Não;Não;Não;Não;R$ 0,00;R$ 0,00;R$ 0,00;R$ 7.667,24;R$ 7.667,24;R$ 7.667,24;14ª MEDIÇÃO - OBJETO: CONTRATAÇÃO DE EMPRESA ESPECIALIZADA PARA PRESTAÇÃO DE SERVIÇOS DE MANUTENÇÃO PREVENTIVA E CORRETIVA NA SUBESTAÇÃO DE ENERGIA 13,8KV E COM POTÊNCIA DE 1.525KVA, LOCALIZADA NO HOSPITAL MUNICIPAL DR. JOÃO ELÍSIO DE HOLANDA EM MARACANAÚ, CEARÁ CONTRATO N° 1492.21.07.08.01. CONCORRÊNCIA PÚBLICA Nº 14.001/2021 - CP.
779;1;DINAMICA EMPREENDIMENTOS E SOLUCOES LTDA;NFSE;842;27/12/2022;73;MUNICÍPIO DE GRANJEIRO;CR;Não;Não;Não;Não;R$ 0,00;R$ 0,00;R$ 0,00;R$ 68.910,41;R$ 68.910,41;R$ 68.910,41;3ª MEDIÇÃO ADITIVO - OBJETO: CONTRATAÇÃO DE SERVIÇOS DE ENGENHARIA PARA EXECUÇÃO DAS OBRAS DE URBANIZAÇÃO DO AÇUDE JUNCO NO MUNICÍPIO DE GRANJEIRO, CONFORME CONVENIO Nº 014/CIDADES/2021 FIRMADO COM O GOVERNO DO ESTADO DO CEARÁ E O MUNICÍPIO DE GRANJEIRO/CE. CONTRATO N° 2021.10.18.1
780;1;DINAMICA EMPREENDIMENTOS E SOLUCOES LTDA;NFSE;843;28/12/2022;86;MUNICIPIO DE ASSARÉ;CR;Não;Não;Não;Não;R$ 0,00;R$ 0,00;R$ 0,00;R$ 476.197,24;R$ 476.197,24;R$ 476.197,24;7ª MEDIÇÃO - OBJETO: CONTRATAÇÃO DE SERVIÇOS DE ENGENHARIA PARA A EXECUÇÃO DAS OBRAS DE REFORMA E AMPLIAÇÃO DO HOSPITAL GERAL NOSSA SENHORA DAS DORES DO MUNICÍPIO DE ASSARÉ/CE
781;1;DINAMICA EMPREENDIMENTOS E SOLUCOES LTDA;NFSE;844;28/12/2022;86;MUNICIPIO DE ASSARÉ;CR;Não;Não;Não;Não;R$ 0,00;R$ 0,00;R$ 0,00;R$ 342.629,93;R$ 342.629,93;R$ 342.629,93;7ª MEDIÇÃO - OBJETO: CONTRATAÇÃO DE SERVIÇOS DE ENGENHARIA PARA A EXECUÇÃO DAS OBRAS DE CONCLUSÃO DA CONSTRUÇÃO DE CRECHE PROINFÂNCIA TIPO I LOCALIZADA DA SEDE DO MUNICÍPIO DE ASSARÉ/CE. TERMO DO CONVÊNIO PAC2 Nº 5723/2013.
782;1;DINAMICA EMPREENDIMENTOS E SOLUCOES LTDA;NFSE;845;28/12/2022;86;MUNICIPIO DE ASSARÉ;CR;Não;Não;Não;Não;R$ 0,00;R$ 0,00;R$ 0,00;R$ 156.357,93;R$ 156.357,93;R$ 156.357,93;7ª MEDIÇÃO - OBJETO: CONTRATAÇÃO DE SERVIÇOS DE ENGENHARIA PARA EXECUÇÃO DAS OBRAS DE CONSTRUÇÃO DE PASSAGENS MOLHADAS, EM DIVERSAS LOCALIDADES DO MUNICÍPIO DE ASSARÉ/CE.
783;1;DINAMICA EMPREENDIMENTOS E SOLUCOES LTDA;NFSE;846;28/12/2022;92;MUNICIPIO DE CRATO - SECRETARIA MUNICIPAL DE EDUCAÇÃO;CR;Não;Não;Não;Não;R$ 0,00;R$ 0,00;R$ 0,00;R$ 178.765,53;R$ 178.765,53;R$ 178.765,53;REFERENTE A 1° MEDIÇÃO DO OBJETO: CONTRATAÇÃO DOS SERVIÇOS DE ENGENHARIA PARA CONSTRUÇÃO DE UMA ESCOLA DE EMPRESA ESPECIALIZADA PARA CONSTRUÇÃO DE ESCNO DISTRITO DE MONTE ALVERNE, NO MUNICÍPIO DE CRATO/CE. PERÍODO DE: 15/11/2022 À 15/12/2022.CONTRATO Nº 2022.10.06.1.
942;1;DINAMICA EMPREENDIMENTOS E SOLUCOES LTDA;REC;261528;02/01/2023;79;CAIXA ECONOMICA FEDERAL;CR;Não;Não;Não;Não;R$ 0,00;R$ 0,00;R$ 0,00;R$ 150,00;R$ 150,00;R$ 150,00;ESTORNO DO SEGURO GARANTIA
944;1;DINAMICA EMPREENDIMENTOS E SOLUCOES LTDA;REC;01;02/01/2023;94;RAFAEL DE SA CRUZ;CR;Não;Não;Não;Não;R$ 0,00;R$ 0,00;R$ 0,00;R$ 19.864,21;R$ 19.864,21;R$ 19.864,21;REPASSE
785;1;DINAMICA EMPREENDIMENTOS E SOLUCOES LTDA;NFSE;848;11/01/2023;84;FERMOJU - TJCE;CR;Não;Não;Não;Não;R$ 0,00;R$ 0,00;R$ 0,00;R$ 385.476,79;R$ 385.476,79;R$ 385.476,79;6ª MEDIÇÃO - OBJETO: CONTRATAÇÃO DE EMPRESA ESPECIALIZADA EM ENGENHARIA PARA EXECUÇÃO DA REFORMA E AMPLIAÇÃO DA ESMEC. CONTRATO N° 31/2022. CONCORRÊNCIA PÚBLICA Nº 03 / 2022. EMPENHO 2022NE03460
786;1;DINAMICA EMPREENDIMENTOS E SOLUCOES LTDA;NFSE;849;11/01/2023;84;FERMOJU - TJCE;CR;Não;Não;Não;Não;R$ 0,00;R$ 0,00;R$ 0,00;R$ 107.020,32;R$ 107.020,32;R$ 107.020,32;1ª MEDIÇÃO DO ADITIVO 01 - OBJETO: CONTRATAÇÃO DE EMPRESA ESPECIALIZADA EM ENGENHARIA PARA EXECUÇÃO DA REFORMA E AMPLIAÇÃO DA ESMEC. CONTRATO N° 31/2022. CONCORRÊNCIA PÚBLICA Nº 03 / 2022
784;1;DINAMICA EMPREENDIMENTOS E SOLUCOES LTDA;NFSE;850;16/01/2023;86;MUNICIPIO DE ASSARÉ;CR;Não;Não;Não;Não;R$ 0,00;R$ 0,00;R$ 0,00;R$ 117.534,70;R$ 117.534,70;R$ 117.534,70;8ª MEDIÇÃO - OBJETO: CONTRATAÇÃO DE SERVIÇOS DE ENGENHARIA PARA EXECUÇÃO DAS OBRAS DE CONSTRUÇÃO DE PASSAGENS MOLHADAS, EM DIVERSAS LOCALIDADES DO MUNICÍPIO DE ASSARÉ/CE.
787;1;DINAMICA EMPREENDIMENTOS E SOLUCOES LTDA;NFSE;851;23/01/2023;55;MUNICÍPIO DE MARACANAÚ;CR;Não;Não;Não;Não;R$ 0,00;R$ 0,00;R$ 0,00;R$ 7.667,24;R$ 7.667,24;R$ 7.667,24;15ª MEDIÇÃO - OBJETO: CONTRATAÇÃO DE EMPRESA ESPECIALIZADA PARA PRESTAÇÃO DE SERVIÇOS DE MANUTENÇÃO PREVENTIVA E CORRETIVA NA SUBESTAÇÃO DE ENERGIA 13,8KV E COM POTÊNCIA DE 1.525KVA, LOCALIZADA NO HOSPITAL MUNICIPAL DR. JOÃO ELÍSIO DE HOLANDA EM MARACANAÚ, CEARÁ CONTRATO N° 1492.21.07.08.01. CONCORRÊNCIA PÚBLICA Nº 14.001/2021 - CP.
788;1;DINAMICA EMPREENDIMENTOS E SOLUCOES LTDA;NFSE;853;26/01/2023;86;MUNICIPIO DE ASSARÉ;CR;Não;Não;Não;Não;R$ 0,00;R$ 0,00;R$ 0,00;R$ 116.821,88;R$ 116.821,88;R$ 116.821,88;8ª MEDIÇÃO - OBJETO: CONTRATAÇÃO DE SERVIÇOS DE ENGENHARIA PARA A EXECUÇÃO DAS OBRAS DE CONCLUSÃO DA CONSTRUÇÃO DE CRECHE PROINFÂNCIA TIPO I LOCALIZADA DA SEDE DO MUNICÍPIO DE ASSARÉ/CE. TERMO DO CONVÊNIO PAC2 Nº 5723/2013.
789;1;DINAMICA EMPREENDIMENTOS E SOLUCOES LTDA;NFSE;854;26/01/2023;86;MUNICIPIO DE ASSARÉ;CR;Não;Não;Não;Não;R$ 0,00;R$ 0,00;R$ 0,00;R$ 214.428,45;R$ 214.428,45;R$ 214.428,45;8ª MEDIÇÃO - OBJETO: CONTRATAÇÃO DE SERVIÇOS DE ENGENHARIA PARA A EXECUÇÃO DAS OBRAS DE REFORMA E AMPLIAÇÃO DO HOSPITAL GERAL NOSSA SENHORA DAS DORES DO MUNICÍPIO DE ASSARÉ/CE
943;1;DINAMICA EMPREENDIMENTOS E SOLUCOES LTDA;NFSE;01;26/01/2023;24;MUNICIPIO DE MORRINHOS;CR;Não;Não;Não;Não;R$ 0,00;R$ 0,00;R$ 0,00;R$ 52.351,60;R$ 52.351,60;R$ 52.351,60;MORRINHOS
790;1;DINAMICA EMPREENDIMENTOS E SOLUCOES LTDA;NFSE;855;31/01/2023;87;FUNDO MUNICIPAL DE EDUCACAO - INFRAESTRUTURA - FME-I;CR;Não;Não;Não;Não;R$ 0,00;R$ 0,00;R$ 0,00;R$ 30.691,84;R$ 30.691,84;R$ 30.691,84;REFERENTE A 1ª MEDIÇÃO - REALIZADA NO PERÍODO DE 14/10/2022 À 31/10/2022 - OBJETO: REFORMA E AMPLIAÇÃO DA ESCOLA MUNICIPAL DIOGO VITAL DE SIQUEIRA, NO BAIRRO PREFEITO JOSÉ WALTER, MUNICÍPIO DE FORTALEZA. (Lote 01). MAPPFOR: 16 - REFORMA E AMPLIAÇÃO DE ESCOLAS MUNICIPAIS DE TEMPO INTEGRAL. CONTRATO Nº 20/2022  FME-I - RDC PRESENCIAL Nº 039/2022.
791;1;DINAMICA EMPREENDIMENTOS E SOLUCOES LTDA;NFSE;856;31/01/2023;87;FUNDO MUNICIPAL DE EDUCACAO - INFRAESTRUTURA - FME-I;CR;Não;Não;Não;Não;R$ 0,00;R$ 0,00;R$ 0,00;R$ 11.896,76;R$ 11.896,76;R$ 11.896,76;REFERENTE A 1ª MEDIÇÃO - REALIZADA NO PERÍODO DE 09/08/2022 À 31/08/2022 - OBJETO: CONTRATAÇÃO DE EMPRESA PARA EXECUÇÃO DAS OBRAS DE REFORMA DAS ESCOLAS MUNICIPAIS  E.M. JOSEFA BARROS DE ALENCAR E E.M. JOSÉ ALCIDES PINTO, NOS BAIRROS MESSEJANA E BONSUCESSO, RESPECTIVAMENTE, NO MUNICÍPIO DE FORTALEZA.. (Lote 01). MAPPFOR: 10 - REFORMA E AMPLIAÇÃO DO PARQUE ESCOLAR. CONTRATO Nº 15/2022  FME-I - RDC PRESENCIAL Nº 027/2022.
792;1;DINAMICA EMPREENDIMENTOS E SOLUCOES LTDA;REC;02/02;02/02/2023;79;CAIXA ECONOMICA FEDERAL;CR;Não;Não;Não;Não;R$ 0,00;R$ 0,00;R$ 0,00;R$ 1.400,00;R$ 1.400,00;R$ 1.400,00;LICITAÇÃO PARACURU
793;1;DINAMICA EMPREENDIMENTOS E SOLUCOES LTDA;NFSE;858;07/02/2023;87;FUNDO MUNICIPAL DE EDUCACAO - INFRAESTRUTURA - FME-I;CR;Não;Não;Não;Não;R$ 0,00;R$ 0,00;R$ 0,00;R$ 24.614,44;R$ 24.614,44;R$ 24.614,44;REFERENTE A 10ª MEDIÇÃO - REALIZADA NO PERÍODO DE 01/11/2022 À 30/11/2022 - OBJETO: CONTRATAÇÃO DE EMPRESA PARA EXECUÇÃO DAS OBRAS DE REFORMA DA ESCOLA MUNICIPAL FREI TITO DE ALENCAR LIMA, BAIRRO PRAIA DO FUTURO II, NO MUNICÍPIO DE FORTALEZA. MAPPFOR: 10 - REFORMA E AMPLIAÇÃO DO PARQUE ESCOLAR. CONTRATO Nº 01/2022  FME-I - RDC PRESENCIAL Nº 004/2021.
794;1;DINAMICA EMPREENDIMENTOS E SOLUCOES LTDA;NFSE;859;07/02/2023;84;FERMOJU - TJCE;CR;Não;Não;Não;Não;R$ 0,00;R$ 0,00;R$ 0,00;R$ 217.667,83;R$ 217.667,83;R$ 217.667,83;7ª MEDIÇÃO - OBJETO: CONTRATAÇÃO DE EMPRESA ESPECIALIZADA EM ENGENHARIA PARA EXECUÇÃO DA REFORMA E AMPLIAÇÃO DA ESMEC. CONTRATO N° 31/2022. CONCORRÊNCIA PÚBLICA Nº 03 / 2022. EMPENHO 2022NE03460
795;1;DINAMICA EMPREENDIMENTOS E SOLUCOES LTDA;NFSE;860;10/02/2023;80;PREFEITURA MUNICIPAL DE CAMPOS SALES - CE;CR;Não;Não;Não;Não;R$ 0,00;R$ 0,00;R$ 0,00;R$ 94.309,58;R$ 94.309,58;R$ 94.309,58;1ª MEDIÇÃO ADITIVO - OBJETO: CONTRATAÇÃO DE EMPRESA ESPECIALIZADA PARA CONSTRUÇÃO DE UM ESPAÇO EDUCATIVO RURAL E URBANO - 6 SALAS DE AULA, PRÉ-OBRA 3187890, NA RUA LO-03, S/N LOTEAMENTO PORTAL DA CIDADE NO MUNICÍPIO DE CAMPOS SALES/CE.
796;1;DINAMICA EMPREENDIMENTOS E SOLUCOES LTDA;NFSE;864;15/02/2023;90;MUNICIPIO DE SOBRAL;CR;Não;Não;Não;Não;R$ 0,00;R$ 0,00;R$ 0,00;R$ 499.848,37;R$ 499.848,37;R$ 499.848,37;REFERENTE A 6° MEDIÇÃO DO OBJETO: CONTRATAÇÃO DE EMPRESA ESPECIALIZADA PARA CONSTRUÇÃO DE ESCOLA VERTICAL, 12 SALAS, NO BAIRRO ALTO DA BRASILIA, NO MUNICÍPIO DE DE SOBRAL / CE. PERÍODO DE: 04/01/2023 - 31/01/2023.CONTRATO Nº 0094 / 2022 - SME.
797;1;DINAMICA EMPREENDIMENTOS E SOLUCOES LTDA;NFSE;865;15/02/2023;87;FUNDO MUNICIPAL DE EDUCACAO - INFRAESTRUTURA - FME-I;CR;Não;Não;Não;Não;R$ 0,00;R$ 0,00;R$ 0,00;R$ 613.393,81;R$ 613.393,81;R$ 613.393,81;REFERENTE A 12ª MEDIÇÃO - REALIZADA NO PERÍODO DE 01/01/2023 À 31/01/2023 - OBJETO: CONTRATAÇÃO DE EMPRESA PARA EXECUÇÃO DAS OBRAS DE REFORMA DA ESCOLA MUNICIPAL FREI TITO DE ALENCAR LIMA, BAIRRO PRAIA DO FUTURO II, NO MUNICÍPIO DE FORTALEZA.
799;1;DINAMICA EMPREENDIMENTOS E SOLUCOES LTDA;NFSE;867;23/02/2023;81;MUNICIPIO DE SENADOR POMPEU - SECRETARIA DE EDUCAÇÃO, CULTURA E DESPORTO;CR;Não;Não;Não;Não;R$ 0,00;R$ 0,00;R$ 0,00;R$ 80.094,98;R$ 80.094,98;R$ 80.094,98;1ª MEDIÇÃO DO ADITIVO - OBJETO: CONSTRUÇÃO DE ESPAÇO EDUCATIVO URBANO 12 SALAS DE AULA, NA SEDE DO MUNICÍPIO, ATRAVÉS DA SECRETARIA DE EDUCAÇÃO, CULTURA E DESPORTO, DE MUNICÍPIO DE SENADOR POMPEU. CONTRATO N° SE-CP001/2021-01-SECD. CONCORRÊNCIA PÚBLICA Nº SE-CP001/2021
801;1;DINAMICA EMPREENDIMENTOS E SOLUCOES LTDA;NFSE;868;01/03/2023;92;MUNICIPIO DE CRATO - SECRETARIA MUNICIPAL DE EDUCAÇÃO;CR;Não;Não;Não;Não;R$ 0,00;R$ 0,00;R$ 0,00;R$ 276.177,26;R$ 276.177,26;R$ 276.177,26;REFERENTE A 2° MEDIÇÃO DO OBJETO: CONTRATAÇÃO DOS SERVIÇOS DE ENGENHARIA PARA CONSTRUÇÃO DE UMA ESCOLA NO DISTRITO DE MONTE ALVERNE, NO MUNICÍPIO DE CRATO/CE. CONTRATO Nº 2022.10.06.1. CONCORRÊNCIA Nº 2022.05.27.1
800;1;DINAMICA EMPREENDIMENTOS E SOLUCOES LTDA;NFSE;870;02/03/2023;86;MUNICIPIO DE ASSARÉ;CR;Não;Não;Não;Não;R$ 0,00;R$ 0,00;R$ 0,00;R$ 72.240,46;R$ 72.240,46;R$ 72.240,46;9ª MEDIÇÃO - OBJETO: CONTRATAÇÃO DE SERVIÇOS DE ENGENHARIA PARA A EXECUÇÃO DAS OBRAS DE CONCLUSÃO DA CONSTRUÇÃO DE CRECHE PROINFÂNCIA TIPO I LOCALIZADA DA SEDE DO MUNICÍPIO DE ASSARÉ/CE. TERMO DO CONVÊNIO PAC2 Nº 5723/2013.
802;1;DINAMICA EMPREENDIMENTOS E SOLUCOES LTDA;NFSE;869;02/03/2023;86;MUNICIPIO DE ASSARÉ;CR;Não;Não;Não;Não;R$ 0,00;R$ 0,00;R$ 0,00;R$ 165.928,93;R$ 165.928,93;R$ 165.928,93;9ª MEDIÇÃO - OBJETO: CONTRATAÇÃO DE SERVIÇOS DE ENGENHARIA PARA EXECUÇÃO DAS OBRAS DE CONSTRUÇÃO DE PASSAGENS MOLHADAS, EM DIVERSAS LOCALIDADES DO MUNICÍPIO DE ASSARÉ/CE.
803;1;DINAMICA EMPREENDIMENTOS E SOLUCOES LTDA;NFSE;871;02/03/2023;86;MUNICIPIO DE ASSARÉ;CR;Não;Não;Não;Não;R$ 0,00;R$ 0,00;R$ 0,00;R$ 198.276,66;R$ 198.276,66;R$ 198.276,66;9ª MEDIÇÃO - OBJETO: CONTRATAÇÃO DE SERVIÇOS DE ENGENHARIA PARA A EXECUÇÃO DAS OBRAS DE REFORMA E AMPLIAÇÃO DO HOSPITAL GERAL NOSSA SENHORA DAS DORES DO MUNICÍPIO DE ASSARÉ/CE.
804;1;DINAMICA EMPREENDIMENTOS E SOLUCOES LTDA;NFSE;872;06/03/2023;77;SECRETARIA DA PROTEÇÃO SOCIAL, JUSTIÇA, CIDADANIA, MULHERES E DIREITOS HUMANOS;CR;Não;Não;Não;Não;R$ 0,00;R$ 0,00;R$ 0,00;R$ 104.827,96;R$ 104.827,96;R$ 104.827,96;REFERENTE AO PAGAMENTO DA 5ª MEDIÇÃO PARCIAL DA CONSTRUÇÃO DE 01 (UM) CENTRO DE EDUCAÇÃO INFANTIL - CEI - PADRÃO IV, NO MUNICÍPIO DE CANINDÉ/CE. RELATIVO AO PERÍODO DE 01/01/2023 a 20/01/2023. CONFORME CONTRATO Nº 060/2022.
805;1;DINAMICA EMPREENDIMENTOS E SOLUCOES LTDA;NFSE;873;10/03/2023;84;FERMOJU - TJCE;CR;Não;Não;Não;Não;R$ 0,00;R$ 0,00;R$ 0,00;R$ 65.267,09;R$ 65.267,09;R$ 65.267,09;8ª MEDIÇÃO - OBJETO: CONTRATAÇÃO DE EMPRESA ESPECIALIZADA EM ENGENHARIA PARA EXECUÇÃO DA REFORMA E AMPLIAÇÃO DA ESMEC. CONTRATO N° 31/2022. CONCORRÊNCIA PÚBLICA Nº 03 / 2022. EMPENHO 2022NE03460
806;1;DINAMICA EMPREENDIMENTOS E SOLUCOES LTDA;NFSE;874;14/03/2023;87;FUNDO MUNICIPAL DE EDUCACAO - INFRAESTRUTURA - FME-I;CR;Não;Não;Não;Não;R$ 0,00;R$ 0,00;R$ 0,00;R$ 459.246,41;R$ 459.246,41;R$ 459.246,41;REFERENTE A 6ª MEDIÇÃO - REALIZADA NO PERÍODO DE 01/01/2023 À 31/01/2023 - OBJETO: CONTRATAÇÃO DE EMPRESA PARA EXECUÇÃO DAS OBRAS DE REFORMA DAS ESCOLAS MUNICIPAIS  E.M. JOSEFA BARROS DE ALENCAR E E.M. JOSÉ ALCIDES PINTO, NOS BAIRROS MESSEJANA E BONSUCESSO, RESPECTIVAMENTE, NO MUNICÍPIO DE FORTALEZA.. (Lote 01).
808;1;DINAMICA EMPREENDIMENTOS E SOLUCOES LTDA;NFSE;875;15/03/2023;90;MUNICIPIO DE SOBRAL;CR;Não;Não;Não;Não;R$ 0,00;R$ 0,00;R$ 0,00;R$ 375.008,74;R$ 375.008,74;R$ 375.008,74;REFERENTE A 7° MEDIÇÃO DO OBJETO: CONTRATAÇÃO DE EMPRESA ESPECIALIZADA PARA CONSTRUÇÃO DE ESCOLA VERTICAL, 12 SALAS, NO BAIRRO ALTO DA BRASILIA, NO MUNICÍPIO DE DE SOBRAL / CE. PERÍODO DE: 01/02/2023 - 28/02/2023. CONTRATO Nº 0094 / 2022 - SME
807;1;DINAMICA EMPREENDIMENTOS E SOLUCOES LTDA;NFSE;876;16/03/2023;55;MUNICÍPIO DE MARACANAÚ;CR;Não;Não;Não;Não;R$ 0,00;R$ 0,00;R$ 0,00;R$ 394.016,15;R$ 394.016,15;R$ 394.016,15;"MEDIÇÃO REFERENTE AO 7º ADITIVO - ""REEQUILIBRIO ECONOMICO FINANCEIRO"" DO REFERIDO CONTRATO Nº 1492.20.05.14, QUE FOI FUNDAMENTO ATRAVÉS DA JUSTIFICATIVA TÉCNICA INSERIDA NAS Cl N' 53/2023/HMJEH, E Cl N' 118/2023/HMJEH, COM FULCRO LEGAL NO ART. 65, INCISO II, ALÍNEA ""D"" DA LEI FEDERAL Nº 8666/93 QUE FUNDAMENTOU O PARACER JURIDICO N' 23.01.17.06/PGM."
809;1;DINAMICA EMPREENDIMENTOS E SOLUCOES LTDA;NFSE;877;17/03/2023;87;FUNDO MUNICIPAL DE EDUCACAO - INFRAESTRUTURA - FME-I;CR;Não;Não;Não;Não;R$ 0,00;R$ 0,00;R$ 0,00;R$ 180.159,40;R$ 180.159,40;R$ 180.159,40;REFERENTE A 4ª MEDIÇÃO - REALIZADA NO PERÍODO DE 01/01/2023 À 31/01/2023 - OBJETO: REFORMA E AMPLIAÇÃO DA ESCOLA MUNICIPAL DIOGO VITAL DE SIQUEIRA, NO BAIRRO PREFEITO JOSÉ WALTER, MUNICÍPIO DE FORTALEZA. (Lote 01). MAPPFOR: 16 - REFORMA E AMPLIAÇÃO DE ESCOLAS MUNICIPAIS DE TEMPO INTEGRAL.
810;1;DINAMICA EMPREENDIMENTOS E SOLUCOES LTDA;NFSE;878;17/03/2023;77;SECRETARIA DA PROTEÇÃO SOCIAL, JUSTIÇA, CIDADANIA, MULHERES E DIREITOS HUMANOS;CR;Não;Não;Não;Não;R$ 0,00;R$ 0,00;R$ 0,00;R$ 72.247,86;R$ 72.247,86;R$ 72.247,86;REFERENTE AO PAGAMENTO DA 6ª MEDIÇÃO PARCIAL DA CONSTRUÇÃO DE 01 (UM) CENTRO DE EDUCAÇÃO INFANTIL - CEI - PADRÃO IV, NO MUNICÍPIO DE CANINDÉ/CE. RELATIVO AO PERÍODO DE 21/01/2023 a 20/02/2023. CONFORME CONTRATO Nº 060/2022
811;1;DINAMICA EMPREENDIMENTOS E SOLUCOES LTDA;NFSE;879;21/03/2023;55;MUNICÍPIO DE MARACANAÚ;CR;Não;Não;Não;Não;R$ 0,00;R$ 0,00;R$ 0,00;R$ 7.667,24;R$ 7.667,24;R$ 7.667,24;16ª MEDIÇÃO - OBJETO: CONTRATAÇÃO DE EMPRESA ESPECIALIZADA PARA PRESTAÇÃO DE SERVIÇOS DE MANUTENÇÃO PREVENTIVA E CORRETIVA NA SUBESTAÇÃO DE ENERGIA 13,8KV E COM POTÊNCIA DE 1.525KVA, LOCALIZADA NO HOSPITAL MUNICIPAL DR. JOÃO ELÍSIO DE HOLANDA EM MARACANAÚ, CEARÁ CONTRATO N° 1492.21.07.08.01. CONCORRÊNCIA PÚBLICA Nº 14.001/2021 - CP.
812;1;DINAMICA EMPREENDIMENTOS E SOLUCOES LTDA;NFSE;880;22/03/2023;70;PREFEITURA MUNICIPAL DE TABULEIRO DO NORTE;CR;Não;Não;Não;Não;R$ 0,00;R$ 0,00;R$ 0,00;R$ 74.736,62;R$ 74.736,62;R$ 74.736,62;3ª MEDIÇÃO - OBJETO: CONTRATAÇÃO DE OBRAS E SERVIÇOS DE ENGENHARIA PARA OS SERVIÇOS REMANESCENTES DA OBRA DA CRECHE TIPO 01-PROINFÂNCIA - PADRÃO FNDE, DO MUNICÍPIO DE TABULEIRO DO NORTE/CE. CONTRATO N° 20200296
813;1;DINAMICA EMPREENDIMENTOS E SOLUCOES LTDA;NFSE;881;22/03/2023;73;MUNICÍPIO DE GRANJEIRO;CR;Não;Não;Não;Não;R$ 0,00;R$ 0,00;R$ 0,00;R$ 13.987,98;R$ 13.987,98;R$ 13.987,98;4ª MEDIÇÃO - OBJETO: CONTRATAÇÃO DE SERVIÇOS PARA EXECUÇÃO DAS OBRAS DE URBANIZAÇÃO DA ENTRADA DA SEDE DO MUNICÍPIO DE GRANJEIRO/CE. NOS MOLDES DO TERMO DE AJUSTES 009/CIDADES/2021. CONTRATO N° 2022.02.08.1
814;1;DINAMICA EMPREENDIMENTOS E SOLUCOES LTDA;NFSE;882;23/03/2023;92;MUNICIPIO DE CRATO - SECRETARIA MUNICIPAL DE EDUCAÇÃO;CR;Não;Não;Não;Não;R$ 0,00;R$ 0,00;R$ 0,00;R$ 264.377,96;R$ 264.377,96;R$ 264.377,96;REFERENTE A 3° MEDIÇÃO DO OBJETO: CONTRATAÇÃO DOS SERVIÇOS DE ENGENHARIA PARA CONSTRUÇÃO DE UMA ESCOLA NO DISTRITO DE MONTE ALVERNE, NO MUNICÍPIO DE CRATO/CE. CONTRATO Nº 2022.10.06.1. CONCORRÊNCIA Nº 2022.05.27.1
815;1;DINAMICA EMPREENDIMENTOS E SOLUCOES LTDA;NFSE;883;23/03/2023;87;FUNDO MUNICIPAL DE EDUCACAO - INFRAESTRUTURA - FME-I;CR;Não;Não;Não;Não;R$ 0,00;R$ 0,00;R$ 0,00;R$ 188.782,77;R$ 188.782,77;R$ 188.782,77;REFERENTE A 13ª MEDIÇÃO - REALIZADA NO PERÍODO DE 01/02/2023 À 28/02/2023 - OBJETO: CONTRATAÇÃO DE EMPRESA PARA EXECUÇÃO DAS OBRAS DE REFORMA DA ESCOLA MUNICIPAL FREI TITO DE ALENCAR LIMA, BAIRRO PRAIA DO FUTURO II, NO MUNICÍPIO DE FORTALEZA.
822;1;DINAMICA EMPREENDIMENTOS E SOLUCOES LTDA;NFSE;884;28/03/2023;81;MUNICIPIO DE SENADOR POMPEU - SECRETARIA DE EDUCAÇÃO, CULTURA E DESPORTO;CR;Não;Não;Não;Não;R$ 0,00;R$ 0,00;R$ 0,00;R$ 84.243,19;R$ 84.243,19;R$ 84.243,19;2ª MEDIÇÃO DE SENADOR POMPEU - GALPÃO
816;1;DINAMICA EMPREENDIMENTOS E SOLUCOES LTDA;NFSE;885;30/03/2023;86;MUNICIPIO DE ASSARÉ;CR;Não;Não;Não;Não;R$ 0,00;R$ 0,00;R$ 0,00;R$ 90.322,22;R$ 90.322,22;R$ 90.322,22;10ª MEDIÇÃO - OBJETO: CONTRATAÇÃO DE SERVIÇOS DE ENGENHARIA PARA EXECUÇÃO DAS OBRAS DE CONSTRUÇÃO DE PASSAGENS MOLHADAS, EM DIVERSAS LOCALIDADES DO MUNICÍPIO DE ASSARÉ/CE.
818;1;DINAMICA EMPREENDIMENTOS E SOLUCOES LTDA;NFSE;888;30/03/2023;86;MUNICIPIO DE ASSARÉ;CR;Não;Não;Não;Não;R$ 0,00;R$ 0,00;R$ 0,00;R$ 141.402,20;R$ 141.402,20;R$ 141.402,20;10ª MEDIÇÃO - OBJETO: CONTRATAÇÃO DE SERVIÇOS DE ENGENHARIA PARA A EXECUÇÃO DAS OBRAS DE REFORMA E AMPLIAÇÃO DO HOSPITAL GERAL NOSSA SENHORA DAS DORES DO MUNICÍPIO DE ASSARÉ/CE.
823;1;DINAMICA EMPREENDIMENTOS E SOLUCOES LTDA;NFSE;890;12/04/2023;87;FUNDO MUNICIPAL DE EDUCACAO - INFRAESTRUTURA - FME-I;CR;Não;Não;Não;Não;R$ 0,00;R$ 0,00;R$ 0,00;R$ 154.262,67;R$ 154.262,67;R$ 154.262,67;REFERENTE A 5ª MEDIÇÃO - REALIZADA NO PERÍODO DE 01/01/2023 À 31/01/2023 - OBJETO: REFORMA E AMPLIAÇÃO DA ESCOLA MUNICIPAL DIOGO VITAL DE SIQUEIRA, NO BAIRRO PREFEITO JOSÉ WALTER, MUNICÍPIO DE FORTALEZA. (Lote 01). MAPPFOR: 16 - REFORMA E AMPLIAÇÃO DE ESCOLAS MUNICIPAIS DE TEMPO INTEGRAL.
824;1;DINAMICA EMPREENDIMENTOS E SOLUCOES LTDA;NFSE;891;12/04/2023;82;PREFEITURA MUNICIPAL DE PARAIPABA;CR;Não;Não;Não;Não;R$ 0,00;R$ 0,00;R$ 0,00;R$ 633.440,37;R$ 633.440,37;R$ 633.440,37;REFERENTE A 1° MEDIÇÃO DO OBJETO: CONTRATAÇÃO DE EMPRESA PARA EXECUÇÃO DOS SERVIÇOS DE REFORMA E AMPLIAÇÃO DAS EMEIF FRANCISCO CIPRIANO MOREIRA E LUIZA BARROSO BRAGA NO MUNICÍPIO DE PARAIPABA-CE. CONTRATO Nº 2023.02.28.01.CONCORRÊNCIA Nº 005.2022.
825;1;DINAMICA EMPREENDIMENTOS E SOLUCOES LTDA;NFSE;892;17/04/2023;55;MUNICÍPIO DE MARACANAÚ;CR;Não;Não;Não;Não;R$ 0,00;R$ 0,00;R$ 0,00;R$ 285.754,50;R$ 285.754,50;R$ 285.754,50;1ª MEDIÇÃO - DO 8ª ADITIVO DO OBJETO: SERVIÇOS DE REFORMA DE UNIDADE DE ATENÇÃO ESPECIALIZADA EM SAÚDE DO HOSPITAL MUNICIPAL DR. JOÃO ELÍSIO DE HOLANDA, MUNICÍPIO DE MARACANAÚ.
826;1;DINAMICA EMPREENDIMENTOS E SOLUCOES LTDA;NFSE;893;18/04/2023;84;FERMOJU - TJCE;CR;Não;Não;Não;Não;R$ 0,00;R$ 0,00;R$ 0,00;R$ 142.007,34;R$ 142.007,34;R$ 142.007,34;1ª MEDIÇÃO DO ADITIVO 03 - OBJETO: CONTRATAÇÃO DE EMPRESA ESPECIALIZADA EM ENGENHARIA PARA EXECUÇÃO DA REFORMA E AMPLIAÇÃO DA ESMEC.
827;1;DINAMICA EMPREENDIMENTOS E SOLUCOES LTDA;NFSE;894;19/04/2023;90;MUNICIPIO DE SOBRAL;CR;Não;Não;Não;Não;R$ 0,00;R$ 0,00;R$ 0,00;R$ 440.117,53;R$ 440.117,53;R$ 440.117,53;REFERENTE A 8° MEDIÇÃO DO OBJETO: CONTRATAÇÃO DE EMPRESA ESPECIALIZADA PARA CONSTRUÇÃO DE ESCOLA VERTICAL, 12 SALAS, NO BAIRRO ALTO DA BRASILIA, NO MUNICÍPIO DE DE SOBRAL / CE. PERÍODO DE: 01/03/2023 - 31/03/2023. CONTRATO Nº 0094 / 2022 - SME. CONCORRÊNCIA PÚBLICA Nº CP22003 - SME.
828;1;DINAMICA EMPREENDIMENTOS E SOLUCOES LTDA;NFSE;896;02/05/2023;44;INSTITUTO FEDERAL DE EDUCAÇAO, CIENCIA E TCNOLOGIA DO CEARA - CAMPUS ACARAU;CR;Não;Não;Não;Não;R$ 0,00;R$ 0,00;R$ 0,00;R$ 13.878,33;R$ 13.878,33;R$ 13.878,33;MEDIÇÃO REFERENTE AO REAJUSTE CONTRATUAL - OBJETO: SERVIÇOS COMUNS DE ENGENHARIA INERENTES À MANUTENÇÃO PREDIAL CORRETIVA OU PREVENTIVA - CAMPUS ACARAÚ. CONTRATO Nº 08/2019.
829;1;DINAMICA EMPREENDIMENTOS E SOLUCOES LTDA;NFSE;897;03/05/2023;10;INSTITUTO FEDERAL DE EDUCAÇÃO, CIÊNCIA E TECNOLOGIA DO CEARÁ;CR;Não;Não;Não;Não;R$ 0,00;R$ 0,00;R$ 0,00;R$ 14.986,18;R$ 14.986,18;R$ 14.986,18;MEDIÇÃO REFERENTE AO REAJUSTE CONTRATUAL - OBJETO: SERVIÇOS COMUNS DE ENGENHARIA INERENTES À MANUTENÇÃO PREDIAL CORRETIVA OU PREVENTIVA - CAMPUS LIMOEIRO DO NORTE. CONTRATO Nº 05/2019.
817;1;DINAMICA EMPREENDIMENTOS E SOLUCOES LTDA;NFSE;900;04/05/2023;86;MUNICIPIO DE ASSARÉ;CR;Não;Não;Não;Não;R$ 0,00;R$ 0,00;R$ 0,00;R$ 108.970,45;R$ 108.970,45;R$ 108.970,45;10ª MEDIÇÃO - OBJETO: CONTRATAÇÃO DE SERVIÇOS DE ENGENHARIA PARA A EXECUÇÃO DAS OBRAS DE CONCLUSÃO DA CONSTRUÇÃO DE CRECHE PROINFÂNCIA TIPO I LOCALIZADA DA SEDE DO MUNICÍPIO DE ASSARÉ/CE. TERMO DO CONVÊNIO PAC2 Nº 5723/2013.
830;1;DINAMICA EMPREENDIMENTOS E SOLUCOES LTDA;NFSE;898;04/05/2023;92;MUNICIPIO DE CRATO - SECRETARIA MUNICIPAL DE EDUCAÇÃO;CR;Não;Não;Não;Não;R$ 0,00;R$ 0,00;R$ 0,00;R$ 296.025,87;R$ 296.025,87;R$ 296.025,87;REFERENTE A 4° MEDIÇÃO DO OBJETO: CONTRATAÇÃO DOS SERVIÇOS DE ENGENHARIA PARA CONSTRUÇÃO DE UMA ESCOLA NO DISTRITO DE MONTE ALVERNE, NO MUNICÍPIO DE CRATO/CE. CONTRATO Nº 2022.10.06.1. CONCORRÊNCIA Nº 2022.05.27.1
831;1;DINAMICA EMPREENDIMENTOS E SOLUCOES LTDA;NFSE;901;04/05/2023;86;MUNICIPIO DE ASSARÉ;CR;Não;Não;Não;Não;R$ 0,00;R$ 0,00;R$ 0,00;R$ 100.201,18;R$ 100.201,18;R$ 100.201,18;11ª MEDIÇÃO - OBJETO: CONTRATAÇÃO DE SERVIÇOS DE ENGENHARIA PARA A EXECUÇÃO DAS OBRAS DE REFORMA E AMPLIAÇÃO DO HOSPITAL GERAL NOSSA SENHORA DAS DORES DO MUNICÍPIO DE ASSARÉ/CE.
832;1;DINAMICA EMPREENDIMENTOS E SOLUCOES LTDA;NFSE;902;04/05/2023;86;MUNICIPIO DE ASSARÉ;CR;Não;Não;Não;Não;R$ 0,00;R$ 0,00;R$ 0,00;R$ 123.400,99;R$ 123.400,99;R$ 123.400,99;11ª MEDIÇÃO - OBJETO: CONTRATAÇÃO DE SERVIÇOS DE ENGENHARIA PARA EXECUÇÃO DAS OBRAS DE CONSTRUÇÃO DE PASSAGENS MOLHADAS, EM DIVERSAS LOCALIDADES DO MUNICÍPIO DE ASSARÉ/CE.
833;1;DINAMICA EMPREENDIMENTOS E SOLUCOES LTDA;NFSE;903;04/05/2023;77;SECRETARIA DA PROTEÇÃO SOCIAL, JUSTIÇA, CIDADANIA, MULHERES E DIREITOS HUMANOS;CR;Não;Não;Não;Não;R$ 0,00;R$ 0,00;R$ 0,00;R$ 174.373,48;R$ 174.373,48;R$ 174.373,48;REFERENTE AO PAGAMENTO DA 14ª MEDIÇÃO PARCIAL DA CONSTRUÇÃO DE 01 (UM) CENTRO DE EDUCAÇÃO INFANTIL - CEI. PADRÃO IV, NO MUNICÍPIO DE CASCAVEL - CE. RELATIVO AO PERÍODO DE 21/01/2023 - 20/02/2023. CONFORME CONTRATO 114/2021.
834;1;DINAMICA EMPREENDIMENTOS E SOLUCOES LTDA;NFSE;904;04/05/2023;77;SECRETARIA DA PROTEÇÃO SOCIAL, JUSTIÇA, CIDADANIA, MULHERES E DIREITOS HUMANOS;CR;Não;Não;Não;Não;R$ 0,00;R$ 0,00;R$ 0,00;R$ 182.392,63;R$ 182.392,63;R$ 182.392,63;REFERENTE AO PAGAMENTO DA 16ª MEDIÇÃO PARCIAL DA CONSTRUÇÃO DE 01 (UM) CENTRO DE EDUCAÇÃO INFANTIL- CEI. PADRÃO IV, NO MUNICÍPIO DE ICAPUÍ-CE. RELATIVO AO PERÍODO DE 21/01/2023 - 20/02/2023. CONFORME CONTRATO 067/2021.
835;1;DINAMICA EMPREENDIMENTOS E SOLUCOES LTDA;NFSE;907;11/05/2023;87;FUNDO MUNICIPAL DE EDUCACAO - INFRAESTRUTURA - FME-I;CR;Não;Não;Não;Não;R$ 0,00;R$ 0,00;R$ 0,00;R$ 60.529,03;R$ 60.529,03;R$ 60.529,03;REFERENTE A 6ª MEDIÇÃO - REALIZADA NO PERÍODO DE 01/03/2023 À 31/03/2023 - OBJETO: REFORMA E AMPLIAÇÃO DA ESCOLA MUNICIPAL DIOGO VITAL DE SIQUEIRA, NO BAIRRO PREFEITO JOSÉ WALTER, MUNICÍPIO DE FORTALEZA. (Lote 01). MAPPFOR: 16 - REFORMA E AMPLIAÇÃO DE ESCOLAS MUNICIPAIS DE TEMPO INTEGRAL.
836;1;DINAMICA EMPREENDIMENTOS E SOLUCOES LTDA;NFSE;908;12/05/2023;86;MUNICIPIO DE ASSARÉ;CR;Não;Não;Não;Não;R$ 0,00;R$ 0,00;R$ 0,00;R$ 152.997,37;R$ 152.997,37;R$ 152.997,37;11ª MEDIÇÃO - OBJETO: CONTRATAÇÃO DE SERVIÇOS DE ENGENHARIA PARA A EXECUÇÃO DAS OBRAS DE CONCLUSÃO DA CONSTRUÇÃO DE CRECHE PROINFÂNCIA TIPO I LOCALIZADA DA SEDE DO MUNICÍPIO DE ASSARÉ/CE. TERMO DO CONVÊNIO PAC2 Nº 5723/2013.
837;1;DINAMICA EMPREENDIMENTOS E SOLUCOES LTDA;NFSE;909;15/05/2023;93;UNIVERSIDADE DA INTEGRACAO INTERNACIONAL DA LUSOFONIA AFRO-BRASILEIRA - UNILAB;CR;Não;Não;Não;Não;R$ 0,00;R$ 0,00;R$ 0,00;R$ 72.072,74;R$ 72.072,74;R$ 72.072,74;REFERENTE A 1° MEDIÇÃO DO OBJETO: CONTRATAÇÃO DE EMPRESA ESPECIALIZADA EM SERVIÇOS DE ENGENHARIA, INCLUINDO MATERIAL E MÃO DE OBRA, PARA EXECUÇÃO DO REMANESCENTE DA OBRA DE URBANIZAÇÃO DO CAMPUS DOS PALMARES DA UNILAB.CONTRATO Nº 30/2022
839;1;DINAMICA EMPREENDIMENTOS E SOLUCOES LTDA;NFSE;912;16/05/2023;91;MUNICIPIO DE JUCAS - SECRETARIA MUNICIPAL DE EDUCACAO;CR;Não;Não;Não;Não;R$ 0,00;R$ 0,00;R$ 0,00;R$ 84.954,79;R$ 84.954,79;R$ 84.954,79;2ª MEDIÇÃO - OBJETO: CONTRATAÇÃO DE EMPRESA PARA EXECUÇÃO DE SERVIÇOS DE CONSTRUÇÃO DE UMA ESCOLA COM 12 SALAS DE AULA ? PADRÃO FNDE, DE ACORDO COM AS ESPECIFICAÇÕES CONTIDAS NO PROJETO BÁSICO EM ANEXO, DE RESPONSABILIDADE DA SECRETARIA MUNICIPAL DE EDUCAÇÃO CONTRATO N° 001/2022.
840;1;DINAMICA EMPREENDIMENTOS E SOLUCOES LTDA;NFSE;911;16/05/2023;70;PREFEITURA MUNICIPAL DE TABULEIRO DO NORTE;CR;Não;Não;Não;Não;R$ 0,00;R$ 0,00;R$ 0,00;R$ 50.967,73;R$ 50.967,73;R$ 50.967,73;7ª MEDIÇÃO - OBJETO: CONTRATAÇÃO DE OBRAS E SERVIÇOS DE ENGENHARIA PARA CONSTRUÇÃO DE QUADRAS POLIESPORTIVAS NO MUNICÍPIO DE TABULEIRO DO NORTE/CE.
841;1;DINAMICA EMPREENDIMENTOS E SOLUCOES LTDA;NFSE;913;16/05/2023;90;MUNICIPIO DE SOBRAL;CR;Não;Não;Não;Não;R$ 0,00;R$ 0,00;R$ 0,00;R$ 302.586,80;R$ 302.586,80;R$ 302.586,80;REFERENTE A 9° MEDIÇÃO DO OBJETO: CONTRATAÇÃO DE EMPRESA ESPECIALIZADA PARA CONSTRUÇÃO DE ESCOLA VERTICAL, 12 SALAS, NO BAIRRO ALTO DA BRASILIA, NO MUNICÍPIO DE DE SOBRAL / CE. PERÍODO DE: 01/04/2023 - 30/04/2023. CONTRATO Nº 0094 / 2022 - SME. CONCORRÊNCIA PÚBLICA Nº CP22003 - SME.
842;1;DINAMICA EMPREENDIMENTOS E SOLUCOES LTDA;NFSE;914;17/05/2023;77;SECRETARIA DA PROTEÇÃO SOCIAL, JUSTIÇA, CIDADANIA, MULHERES E DIREITOS HUMANOS;CR;Não;Não;Não;Não;R$ 0,00;R$ 0,00;R$ 0,00;R$ 67.411,96;R$ 67.411,96;R$ 67.411,96;REFERENTE AO PAGAMENTO DA 7ª MEDIÇÃO PARCIAL DA CONSTRUÇÃO DE 01 (UM) CENTRO DE EDUCAÇÃO INFANTIL - CEI - PADRÃO IV, NO MUNICÍPIO DE CANINDÉ/CE. RELATIVO AO PERÍODO DE 21/02/2023 a 20/03/2023. CONFORME CONTRATO Nº 060/2022.
843;1;DINAMICA EMPREENDIMENTOS E SOLUCOES LTDA;NFSE;915;18/05/2023;55;MUNICÍPIO DE MARACANAÚ;CR;Não;Não;Não;Não;R$ 0,00;R$ 0,00;R$ 0,00;R$ 7.667,24;R$ 7.667,24;R$ 7.667,24;17ª MEDIÇÃO - OBJETO: CONTRATAÇÃO DE EMPRESA ESPECIALIZADA PARA PRESTAÇÃO DE SERVIÇOS DE MANUTENÇÃO PREVENTIVA E CORRETIVA NA SUBESTAÇÃO DE ENERGIA 13,8KV E COM POTÊNCIA DE 1.525KVA, LOCALIZADA NO HOSPITAL MUNICIPAL DR. JOÃO ELÍSIO DE HOLANDA EM MARACANAÚ, CEARÁ CONTRATO N° 1492.21.07.08.01. CONCORRÊNCIA PÚBLICA Nº 14.001/2021 - CP.
844;1;DINAMICA EMPREENDIMENTOS E SOLUCOES LTDA;NFSE;916;19/05/2023;70;PREFEITURA MUNICIPAL DE TABULEIRO DO NORTE;CR;Não;Não;Não;Não;R$ 0,00;R$ 0,00;R$ 0,00;R$ 48.579,99;R$ 48.579,99;R$ 48.579,99;4ª MEDIÇÃO - OBJETO: CONTRATAÇÃO DE OBRAS E SERVIÇOS DE ENGENHARIA PARA OS SERVIÇOS REMANESCENTES DA OBRA DA CRECHE TIPO 01-PROINFÂNCIA - PADRÃO FNDE, DO MUNICÍPIO DE TABULEIRO DO NORTE/CE. CONTRATO N° 20200296.
838;1;DINAMICA EMPREENDIMENTOS E SOLUCOES LTDA;NFSE;917;22/05/2023;93;UNIVERSIDADE DA INTEGRACAO INTERNACIONAL DA LUSOFONIA AFRO-BRASILEIRA - UNILAB;CR;Não;Não;Não;Não;R$ 0,00;R$ 0,00;R$ 0,00;R$ 186.319,11;R$ 186.319,11;R$ 186.319,11;REFERENTE A 2° MEDIÇÃO DO OBJETO: CONTRATAÇÃO DE EMPRESA ESPECIALIZADA EM SERVIÇOS DE ENGENHARIA, INCLUINDO MATERIAL E MÃO DE OBRA, PARA EXECUÇÃO DO REMANESCENTE DA OBRA DE URBANIZAÇÃO DO CAMPUS DOS PALMARES DA UNILAB.CONTRATO Nº 30/2022
845;1;DINAMICA EMPREENDIMENTOS E SOLUCOES LTDA;NFSE;918;22/05/2023;82;PREFEITURA MUNICIPAL DE PARAIPABA;CR;Não;Não;Não;Não;R$ 0,00;R$ 0,00;R$ 0,00;R$ 322.446,30;R$ 322.446,30;R$ 322.446,30;REFERENTE A 1° MEDIÇÃO DO OBJETO: CONTRATAÇÃO DE EMPRESA PARA EXECUÇÃO DOS SERVIÇOS DE REFORMA E AMPLIAÇÃO DA EMEIF FRANCISCO CIPRIANO MOREIRA NO MUNICÍPIO DE PARAIPABA-CE.
846;1;DINAMICA EMPREENDIMENTOS E SOLUCOES LTDA;NFSE;919;22/05/2023;82;PREFEITURA MUNICIPAL DE PARAIPABA;CR;Não;Não;Não;Não;R$ 0,00;R$ 0,00;R$ 0,00;R$ 209.664,94;R$ 209.664,94;R$ 209.664,94;REFERENTE A 2° MEDIÇÃO DO OBJETO: CONTRATAÇÃO DE EMPRESA PARA EXECUÇÃO DOS SERVIÇOS DE REFORMA E AMPLIAÇÃO DA EMEIF LUIZA BARROSO BRAGA NO MUNICÍPIO DE PARAIPABA-CE.
847;1;DINAMICA EMPREENDIMENTOS E SOLUCOES LTDA;NFSE;920;23/05/2023;87;FUNDO MUNICIPAL DE EDUCACAO - INFRAESTRUTURA - FME-I;CR;Não;Não;Não;Não;R$ 0,00;R$ 0,00;R$ 0,00;R$ 85.265,07;R$ 85.265,07;R$ 85.265,07;REFERENTE A 7ª MEDIÇÃO - REALIZADA NO PERÍODO DE 01/04/2023 À 30/04/2023 - OBJETO: REFORMA E AMPLIAÇÃO DA ESCOLA MUNICIPAL DIOGO VITAL DE SIQUEIRA, NO BAIRRO PREFEITO JOSÉ WALTER, MUNICÍPIO DE FORTALEZA. (Lote 01). MAPPFOR: 16 - REFORMA E AMPLIAÇÃO DE ESCOLAS MUNICIPAIS DE TEMPO INTEGRAL.
848;1;DINAMICA EMPREENDIMENTOS E SOLUCOES LTDA;NFSE;922;24/05/2023;77;SECRETARIA DA PROTEÇÃO SOCIAL, JUSTIÇA, CIDADANIA, MULHERES E DIREITOS HUMANOS;CR;Não;Não;Não;Não;R$ 0,00;R$ 0,00;R$ 0,00;R$ 107.138,73;R$ 107.138,73;R$ 107.138,73;REFERENTE AO PAGAMENTO DA 8ª MEDIÇÃO PARCIAL DA CONSTRUÇÃO DE 01 (UM) CENTRO DE EDUCAÇÃO INFANTIL - CEI - PADRÃO IV, NO MUNICÍPIO DE CANINDÉ/CE. RELATIVO AO PERÍODO DE 21/03/2023 a 20/04/2023. CONFORME CONTRATO Nº 060/2022.
849;1;DINAMICA EMPREENDIMENTOS E SOLUCOES LTDA;NFSE;923;26/05/2023;55;MUNICÍPIO DE MARACANAÚ;CR;Não;Não;Não;Não;R$ 0,00;R$ 0,00;R$ 0,00;R$ 70.450,44;R$ 70.450,44;R$ 70.450,44;VALOR REFERENTE AO REPASSE DA 16ª MEDIÇÃO DOS SERVIÇOS DE REFORMA DE UNIDADE DE ATENÇÃO ESPECIALIZADA EM SAÚDE DO HOSPITAL MUNICIPAL DR. JOÃO ELÍSIO DE HOLANDA, MUNICÍPIO DE MARACANAÚ, CORRESPONDENTE AO PT 0375348-16 DA CAIXA ECONÔMICA FEDERAL, CONVÊNIO N.º 768783, DO MINISTÉRIO DA SAÚDE.
850;1;DINAMICA EMPREENDIMENTOS E SOLUCOES LTDA;NFSE;924;26/05/2023;55;MUNICÍPIO DE MARACANAÚ;CR;Não;Não;Não;Não;R$ 0,00;R$ 0,00;R$ 0,00;R$ 60.498,33;R$ 60.498,33;R$ 60.498,33;VALOR REFERENTE AO CONTRAPARTIDA DA 16ª MEDIÇÃO DOS SERVIÇOS DE REFORMA DE UNIDADE DE ATENÇÃO ESPECIALIZADA EM SAÚDE DO HOSPITAL MUNICIPAL DR. JOÃO ELÍSIO DE HOLANDA, MUNICÍPIO DE MARACANAÚ, CORRESPONDENTE AO PT 0375348-16 DA CAIXA ECONÔMICA FEDERAL, CONVÊNIO N.º 768783, DO MINISTÉRIO DA SAÚDE.
851;1;DINAMICA EMPREENDIMENTOS E SOLUCOES LTDA;NFSE;926;01/06/2023;87;FUNDO MUNICIPAL DE EDUCACAO - INFRAESTRUTURA - FME-I;CR;Não;Não;Não;Não;R$ 0,00;R$ 0,00;R$ 0,00;R$ 10.371,47;R$ 10.371,47;R$ 10.371,47;REFERENTE A 14ª MEDIÇÃO - REALIZADA NO PERÍODO DE 01/03/2023 À 31/03/2023 - OBJETO: CONTRATAÇÃO DE EMPRESA PARA EXECUÇÃO DAS OBRAS DE REFORMA DA ESCOLA MUNICIPAL FREI TITO DE ALENCAR LIMA, BAIRRO PRAIA DO FUTURO II, NO MUNICÍPIO DE FORTALEZA
852;1;DINAMICA EMPREENDIMENTOS E SOLUCOES LTDA;NFSE;927;01/06/2023;87;FUNDO MUNICIPAL DE EDUCACAO - INFRAESTRUTURA - FME-I;CR;Não;Não;Não;Não;R$ 0,00;R$ 0,00;R$ 0,00;R$ 244.093,87;R$ 244.093,87;R$ 244.093,87;REFERENTE A 15ª MEDIÇÃO - REALIZADA NO PERÍODO DE 01/04/2023 À 30/04/2023 - OBJETO: CONTRATAÇÃO DE EMPRESA PARA EXECUÇÃO DAS OBRAS DE REFORMA DA ESCOLA MUNICIPAL FREI TITO DE ALENCAR LIMA, BAIRRO PRAIA DO FUTURO II, NO MUNICÍPIO DE FORTALEZA.
853;1;DINAMICA EMPREENDIMENTOS E SOLUCOES LTDA;NFSE;928;02/06/2023;55;MUNICÍPIO DE MARACANAÚ;CR;Não;Não;Não;Não;R$ 0,00;R$ 0,00;R$ 0,00;R$ 132.787,56;R$ 132.787,56;R$ 132.787,56;2ª MEDIÇÃO - DO 8ª ADITIVO DO OBJETO: SERVIÇOS DE REFORMA DE UNIDADE DE ATENÇÃO ESPECIALIZADA EM SAÚDE DO HOSPITAL MUNICIPAL DR. JOÃO ELÍSIO DE HOLANDA, MUNICÍPIO DE MARACANAÚ.
854;1;DINAMICA EMPREENDIMENTOS E SOLUCOES LTDA;NFSE;929;06/06/2023;77;SECRETARIA DA PROTEÇÃO SOCIAL, JUSTIÇA, CIDADANIA, MULHERES E DIREITOS HUMANOS;CR;Não;Não;Não;Não;R$ 0,00;R$ 0,00;R$ 0,00;R$ 53.775,28;R$ 53.775,28;R$ 53.775,28;REFERENTE AO PAGAMENTO DA 17ª MEDIÇÃO PARCIAL DA CONSTRUÇÃO DE 01 (UM) CENTRO DE EDUCAÇÃO INFANTIL- CEI. PADRÃO IV, NO MUNICÍPIO DE ICAPUÍ-CE. RELATIVO AO PERÍODO DE 21/02/2023 - 20/03/2023. CONFORME CONTRATO 067/2021.
855;1;DINAMICA EMPREENDIMENTOS E SOLUCOES LTDA;NFSE;930;06/06/2023;84;FERMOJU - TJCE;CR;Não;Não;Não;Não;R$ 0,00;R$ 0,00;R$ 0,00;R$ 212.706,40;R$ 212.706,40;R$ 212.706,40;9ª MEDIÇÃO - OBJETO: CONTRATAÇÃO DE EMPRESA ESPECIALIZADA EM ENGENHARIA PARA EXECUÇÃO DA REFORMA E AMPLIAÇÃO DA ESMEC. CONTRATO N° 31/2022.
856;1;DINAMICA EMPREENDIMENTOS E SOLUCOES LTDA;NFSE;931;06/06/2023;84;FERMOJU - TJCE;CR;Não;Não;Não;Não;R$ 0,00;R$ 0,00;R$ 0,00;R$ 20.509,28;R$ 20.509,28;R$ 20.509,28;2ª MEDIÇÃO DO ADITIVO 01 - OBJETO: CONTRATAÇÃO DE EMPRESA ESPECIALIZADA EM ENGENHARIA PARA EXECUÇÃO DA REFORMA E AMPLIAÇÃO DA ESMEC
857;1;DINAMICA EMPREENDIMENTOS E SOLUCOES LTDA;NFSE;932;06/06/2023;84;FERMOJU - TJCE;CR;Não;Não;Não;Não;R$ 0,00;R$ 0,00;R$ 0,00;R$ 4.669,33;R$ 4.669,33;R$ 4.669,33;2ª MEDIÇÃO DO ADITIVO 03 - OBJETO: CONTRATAÇÃO DE EMPRESA ESPECIALIZADA EM ENGENHARIA PARA EXECUÇÃO DA REFORMA E AMPLIAÇÃO DA ESMEC
858;1;DINAMICA EMPREENDIMENTOS E SOLUCOES LTDA;NFSE;933;07/06/2023;92;MUNICIPIO DE CRATO - SECRETARIA MUNICIPAL DE EDUCAÇÃO;CR;Não;Não;Não;Não;R$ 0,00;R$ 0,00;R$ 0,00;R$ 186.213,45;R$ 186.213,45;R$ 186.213,45;REFERENTE A 5° MEDIÇÃO DO OBJETO: CONTRATAÇÃO DOS SERVIÇOS DE ENGENHARIA PARA CONSTRUÇÃO DE UMA ESCOLA NO DISTRITO DE MONTE ALVERNE, NO MUNICÍPIO DE CRATO/CE. CONTRATO Nº 2022.10.06.1. CONCORRÊNCIA Nº 2022.05.27.1
868;1;DINAMICA EMPREENDIMENTOS E SOLUCOES LTDA;NFSE;945;09/06/2023;86;MUNICIPIO DE ASSARÉ;CR;Não;Não;Não;Não;R$ 0,00;R$ 0,00;R$ 0,00;R$ 100.830,14;R$ 100.830,14;R$ 100.830,14;12ª MEDIÇÃO - OBJETO: CONTRATAÇÃO DE SERVIÇOS DE ENGENHARIA PARA A EXECUÇÃO DAS OBRAS DE REFORMA E AMPLIAÇÃO DO HOSPITAL GERAL NOSSA SENHORA DAS DORES DO MUNICÍPIO DE ASSARÉ/CE.
859;1;DINAMICA EMPREENDIMENTOS E SOLUCOES LTDA;NFSE;935;13/06/2023;90;MUNICIPIO DE SOBRAL;CR;Não;Não;Não;Não;R$ 0,00;R$ 0,00;R$ 0,00;R$ 508.533,68;R$ 508.533,68;R$ 508.533,68;REFERENTE A 10° MEDIÇÃO DO OBJETO: CONTRATAÇÃO DE EMPRESA ESPECIALIZADA PARA CONSTRUÇÃO DE ESCOLA VERTICAL, 12 SALAS, NO BAIRRO ALTO DA BRASILIA, NO MUNICÍPIO DE DE SOBRAL / CE. PERÍODO DE: 01/05/2023 - 31/05/2023. CONTRATO Nº 0094 / 2022 - SME. CONCORRÊNCIA PÚBLICA Nº CP22003 - SME.
881;1;DINAMICA EMPREENDIMENTOS E SOLUCOES LTDA;NFSE;936;14/06/2023;93;UNIVERSIDADE DA INTEGRACAO INTERNACIONAL DA LUSOFONIA AFRO-BRASILEIRA - UNILAB;CR;Não;Não;Não;Não;R$ 0,00;R$ 0,00;R$ 0,00;R$ 160.266,67;R$ 160.266,67;R$ 160.266,67;REFERENTE A 3° MEDIÇÃO DO OBJETO: CONTRATAÇÃO DE EMPRESA ESPECIALIZADA EM SERVIÇOS DE ENGENHARIA, INCLUINDO MATERIAL E MÃO DE OBRA, PARA EXECUÇÃO DO REMANESCENTE DA OBRA DE URBANIZAÇÃO DO CAMPUS DOS PALMARES DA UNILAB.CONTRATO Nº 30/2022
861;1;DINAMICA EMPREENDIMENTOS E SOLUCOES LTDA;NFSE;937;15/06/2023;82;PREFEITURA MUNICIPAL DE PARAIPABA;CR;Não;Não;Não;Não;R$ 0,00;R$ 0,00;R$ 0,00;R$ 362.992,51;R$ 362.992,51;R$ 362.992,51;REFERENTE A 2° MEDIÇÃO DO OBJETO: CONTRATAÇÃO DE EMPRESA PARA EXECUÇÃO DOS SERVIÇOS DE REFORMA E AMPLIAÇÃO DA EMEIF FRANCISCO CIPRIANO MOREIRA NO MUNICÍPIO DE PARAIPABA-CE.
862;1;DINAMICA EMPREENDIMENTOS E SOLUCOES LTDA;NFSE;938;15/06/2023;82;PREFEITURA MUNICIPAL DE PARAIPABA;CR;Não;Não;Não;Não;R$ 0,00;R$ 0,00;R$ 0,00;R$ 44.665,62;R$ 44.665,62;R$ 44.665,62;REFERENTE A 3° MEDIÇÃO DO OBJETO: CONTRATAÇÃO DE EMPRESA PARA EXECUÇÃO DOS SERVIÇOS DE REFORMA E AMPLIAÇÃO DA EMEIF LUIZA BARROSO BRAGA NO MUNICÍPIO DE PARAIPABA-CE.
863;1;DINAMICA EMPREENDIMENTOS E SOLUCOES LTDA;NFSE;939;15/06/2023;81;MUNICIPIO DE SENADOR POMPEU - SECRETARIA DE EDUCAÇÃO, CULTURA E DESPORTO;CR;Não;Não;Não;Não;R$ 0,00;R$ 0,00;R$ 0,00;R$ 58.677,32;R$ 58.677,32;R$ 58.677,32;11ª MEDIÇÃO - OBJETO: CONSTRUÇÃO DE ESPAÇO EDUCATIVO URBANO 12 SALAS DE AULA, NA SEDE DO MUNICÍPIO, ATRAVÉS DA SECRETARIA DE EDUCAÇÃO, CULTURA E DESPORTO, DE MUNICÍPIO DE SENADOR POMPEU. CONTRATO N° SE-CP001/2021-01-SECD. CONCORRÊNCIA PÚBLICA Nº SE-CP001/2021.
864;1;DINAMICA EMPREENDIMENTOS E SOLUCOES LTDA;NFSE;940;15/06/2023;81;MUNICIPIO DE SENADOR POMPEU - SECRETARIA DE EDUCAÇÃO, CULTURA E DESPORTO;CR;Não;Não;Não;Não;R$ 0,00;R$ 0,00;R$ 0,00;R$ 71.836,20;R$ 71.836,20;R$ 71.836,20;2ª MEDIÇÃO DO ADITIVO - OBJETO: CONSTRUÇÃO DE ESPAÇO EDUCATIVO URBANO 12 SALAS DE AULA, NA SEDE DO MUNICÍPIO, ATRAVÉS DA SECRETARIA DE EDUCAÇÃO, CULTURA E DESPORTO, DE MUNICÍPIO DE SENADOR POMPEU. CONTRATO N° SE-CP001/2021-01-SECD. CONCORRÊNCIA PÚBLICA Nº SE-CP001/2021.
865;1;DINAMICA EMPREENDIMENTOS E SOLUCOES LTDA;NFSE;941;15/06/2023;81;MUNICIPIO DE SENADOR POMPEU - SECRETARIA DE EDUCAÇÃO, CULTURA E DESPORTO;CR;Não;Não;Não;Não;R$ 0,00;R$ 0,00;R$ 0,00;R$ 77.087,45;R$ 77.087,45;R$ 77.087,45;1ª MEDIÇÃO - OBJETO: CONTRATAÇÃO DE EMPRESA ESPECIALIZADA PARA CONSTRUÇÃO DO ESPAÇO EDUCATIVO RURAL COM 06 SALAS DE AULA, LOCALIZADA NO DISTRITO DE SÃO JOAQUIM NO MUNICÍPIO DE SENADOR POMPEU-CE, ATRAVES DA SECRETARIA DE EDUCAÇÃO, CULTURA E DESPORTO, ATRAVÉS DA SECRETARIA DE EDUCAÇÃO, CULTURA E DESPORTO, DESTE MUNICÍPIO. CONTRATO N° SE-TP002/2022-01 SECD. TOMADA DE PREÇOS Nº SE-TP002/2022.
866;1;DINAMICA EMPREENDIMENTOS E SOLUCOES LTDA;NFSE;942;15/06/2023;70;PREFEITURA MUNICIPAL DE TABULEIRO DO NORTE;CR;Não;Não;Não;Não;R$ 0,00;R$ 0,00;R$ 0,00;R$ 20.720,07;R$ 20.720,07;R$ 20.720,07;8ª MEDIÇÃO - OBJETO: CONTRATAÇÃO DE OBRAS E SERVIÇOS DE ENGENHARIA PARA CONSTRUÇÃO DE QUADRAS POLIESPORTIVAS NO MUNICÍPIO DE TABULEIRO DO NORTE/CE.
867;1;DINAMICA EMPREENDIMENTOS E SOLUCOES LTDA;NFSE;944;16/06/2023;86;MUNICIPIO DE ASSARÉ;CR;Não;Não;Não;Não;R$ 0,00;R$ 0,00;R$ 0,00;R$ 27.845,05;R$ 27.845,05;R$ 27.845,05;12ª MEDIÇÃO - OBJETO: CONTRATAÇÃO DE SERVIÇOS DE ENGENHARIA PARA A EXECUÇÃO DAS OBRAS DE CONCLUSÃO DA CONSTRUÇÃO DE CRECHE PROINFÂNCIA TIPO I LOCALIZADA DA SEDE DO MUNICÍPIO DE ASSARÉ/CE. TERMO DO CONVÊNIO PAC2 Nº 5723/2013.
869;1;DINAMICA EMPREENDIMENTOS E SOLUCOES LTDA;NFSE;948;16/06/2023;91;MUNICIPIO DE JUCAS - SECRETARIA MUNICIPAL DE EDUCACAO;CR;Não;Não;Não;Não;R$ 0,00;R$ 0,00;R$ 0,00;R$ 85.503,12;R$ 85.503,12;R$ 85.503,12;3ª MEDIÇÃO - OBJETO: CONTRATAÇÃO DE EMPRESA PARA EXECUÇÃO DE SERVIÇOS DE CONSTRUÇÃO DE UMA ESCOLA COM 12 SALAS DE AULA ? PADRÃO FNDE, DE ACORDO COM AS ESPECIFICAÇÕES CONTIDAS NO PROJETO BÁSICO EM ANEXO, DE RESPONSABILIDADE DA SECRETARIA MUNICIPAL DE EDUCAÇÃO CONTRATO N° 001/2022.
870;1;DINAMICA EMPREENDIMENTOS E SOLUCOES LTDA;NFSE;949;19/06/2023;70;PREFEITURA MUNICIPAL DE TABULEIRO DO NORTE;CR;Não;Não;Não;Não;R$ 0,00;R$ 0,00;R$ 0,00;R$ 157.717,26;R$ 157.717,26;R$ 157.717,26;2ª MEDIÇÃO - OBJETO: CONTRATAÇÃO DE OBRAS E SERVIÇOS DE ENGENHARIA PARA CONSTRUÇÃO DE 01 (UM) GALPÃO INDUSTRIAL DE 2000 M², NO MUNICÍPIO DE TABULEIRO DO NORTE/CE, CONFORME CONVÊNIO Nº 07/2022, CELEBRADO ENTRE A PREFEITURA MUNICIPAL DE TABULEIRO DO NORTE E AGÊNCIA DE DESENVOLVIMENTO DO ESTADO DO CEARÁ, DE RESPONSABILIDADE DA SECRETARIA DE DESENVOLVIMENTO ECONÔMICO E EMPREENDEDORISMO. CONTRATO N° 2022.07.12-0001. TOMADA DE PREÇOS Nº 11.04.01/2022.
871;1;DINAMICA EMPREENDIMENTOS E SOLUCOES LTDA;NFSE;951;20/06/2023;86;MUNICIPIO DE ASSARÉ;CR;Não;Não;Não;Não;R$ 0,00;R$ 0,00;R$ 0,00;R$ 28.930,92;R$ 28.930,92;R$ 28.930,92;12ª MEDIÇÃO - OBJETO: CONTRATAÇÃO DE SERVIÇOS DE ENGENHARIA PARA EXECUÇÃO DAS OBRAS DE CONSTRUÇÃO DE PASSAGENS MOLHADAS, EM DIVERSAS LOCALIDADES DO MUNICÍPIO DE ASSARÉ/CE.
873;1;DINAMICA EMPREENDIMENTOS E SOLUCOES LTDA;NFSE;952;23/06/2023;93;UNIVERSIDADE DA INTEGRACAO INTERNACIONAL DA LUSOFONIA AFRO-BRASILEIRA - UNILAB;CR;Não;Não;Não;Não;R$ 0,00;R$ 0,00;R$ 0,00;R$ 45.591,08;R$ 45.591,08;R$ 45.591,08;REFERENTE A MEDIÇÃO DO REAJUSTE (1ª / 2ª / 3ª MEDIÇÃO) CONFORME 1º TERMO DE APOSTILAMENTO DO OBJETO: CONTRATAÇÃO DE EMPRESA ESPECIALIZADA EM SERVIÇOS DE ENGENHARIA, INCLUINDO MATERIAL E MÃO DE OBRA, PARA EXECUÇÃO DO REMANESCENTE DA OBRA DE URBANIZAÇÃO DO CAMPUS DOS PALMARES DA UNILAB. CONTRATO Nº 30/2022. PROCESSO Nº 23282.019401/2022-33.
874;1;DINAMICA EMPREENDIMENTOS E SOLUCOES LTDA;NFSE;953;27/06/2023;87;FUNDO MUNICIPAL DE EDUCACAO - INFRAESTRUTURA - FME-I;CR;Não;Não;Não;Não;R$ 0,00;R$ 0,00;R$ 0,00;R$ 117.859,91;R$ 117.859,91;R$ 117.859,91;REFERENTE A 8ª MEDIÇÃO - REALIZADA NO PERÍODO DE 01/05/2023 À 31/05/2023 - OBJETO: REFORMA E AMPLIAÇÃO DA ESCOLA MUNICIPAL DIOGO VITAL DE SIQUEIRA, NO BAIRRO PREFEITO JOSÉ WALTER, MUNICÍPIO DE FORTALEZA. (Lote 01). MAPPFOR: 16 - REFORMA E AMPLIAÇÃO DE ESCOLAS MUNICIPAIS DE TEMPO INTEGRAL.
875;1;DINAMICA EMPREENDIMENTOS E SOLUCOES LTDA;NFSE;954;29/06/2023;81;MUNICIPIO DE SENADOR POMPEU - SECRETARIA DE EDUCAÇÃO, CULTURA E DESPORTO;CR;Não;Não;Não;Não;R$ 0,00;R$ 0,00;R$ 0,00;R$ 211.953,05;R$ 211.953,05;R$ 211.953,05;3ª MEDIÇÃO DE SENADOR POMPEU - GALPÃO
893;1;DINAMICA EMPREENDIMENTOS E SOLUCOES LTDA;BOL;15;01/07/2023;85;CLUB COSMETICOS;CR;Não;Não;Não;Não;R$ 0,00;R$ 0,00;R$ 0,00;R$ 60.276,08;R$ 60.276,08;R$ 60.276,08;REFORMA E ADEQUAÇÃO DO SHOWROOM DA LOJA CLUB COMÉSTICOS PIX: 25.025.604/0001-13 DINAMICA EMPREEDIMENTOS
877;1;DINAMICA EMPREENDIMENTOS E SOLUCOES LTDA;NFSE;955;03/07/2023;55;MUNICÍPIO DE MARACANAÚ;CR;Não;Não;Não;Não;R$ 0,00;R$ 0,00;R$ 0,00;R$ 7.667,24;R$ 7.667,24;R$ 7.667,24;18ª MEDIÇÃO - OBJETO: CONTRATAÇÃO DE EMPRESA ESPECIALIZADA PARA PRESTAÇÃO DE SERVIÇOS DE MANUTENÇÃO PREVENTIVA E CORRETIVA NA SUBESTAÇÃO DE ENERGIA 13,8KV E COM POTÊNCIA DE 1.525KVA, LOCALIZADA NO HOSPITAL MUNICIPAL DR. JOÃO ELÍSIO DE HOLANDA EM MARACANAÚ, CEARÁ CONTRATO N° 1492.21.07.08.01. CONCORRÊNCIA PÚBLICA Nº 14.001/2021 - CP.
878;1;DINAMICA EMPREENDIMENTOS E SOLUCOES LTDA;NFSE;956;04/07/2023;87;FUNDO MUNICIPAL DE EDUCACAO - INFRAESTRUTURA - FME-I;CR;Não;Não;Não;Não;R$ 0,00;R$ 0,00;R$ 0,00;R$ 145.919,22;R$ 145.919,22;R$ 145.919,22;REFERENTE A 2ª MEDIÇÃO - REALIZADA NO PERÍODO DE 01/03/2023 À 31/03/2023 - OBJETO: CONTRATAÇÃO DE EMPRESA PARA CONSTRUÇÃO DE 01 (UM) CENTRO DE EDUCAÇÃO INFANTIL - CEI NO BAIRRO MONDUBIM, MUNICÍPIO DE FORTALEZA. MAPPFOR: 8 - CONSTRUÇÃO DE CENTRO EDUCAÇÃO INFANTIL.. CONTRATO Nº 031/2022  FME-I - RDC PRESENCIAL Nº 066/2022
879;1;DINAMICA EMPREENDIMENTOS E SOLUCOES LTDA;NFSE;957;06/07/2023;77;SECRETARIA DA PROTEÇÃO SOCIAL, JUSTIÇA, CIDADANIA, MULHERES E DIREITOS HUMANOS;CR;Não;Não;Não;Não;R$ 0,00;R$ 0,00;R$ 0,00;R$ 55.329,30;R$ 55.329,30;R$ 55.329,30;REFERENTE AO PAGAMENTO DA 18ª MEDIÇÃO PARCIAL DA CONSTRUÇÃO DE 01 (UM) CENTRO DE EDUCAÇÃO INFANTIL- CEI. PADRÃO IV, NO MUNICÍPIO DE ICAPUÍ-CE. RELATIVO AO PERÍODO DE 21/03/2023 - 20/04/2023. CONFORME CONTRATO 067/2021.
876;1;DINAMICA EMPREENDIMENTOS E SOLUCOES LTDA;NFSE;958;07/07/2023;91;MUNICIPIO DE JUCAS - SECRETARIA MUNICIPAL DE EDUCACAO;CR;Não;Não;Não;Não;R$ 0,00;R$ 0,00;R$ 0,00;R$ 44.299,70;R$ 44.299,70;R$ 44.299,70;4ª MEDIÇÃO - OBJETO: CONTRATAÇÃO DE EMPRESA PARA EXECUÇÃO DE SERVIÇOS DE CONSTRUÇÃO DE UMA ESCOLA COM 12 SALAS DE AULA ? PADRÃO FNDE, DE ACORDO COM AS ESPECIFICAÇÕES CONTIDAS NO PROJETO BÁSICO EM ANEXO, DE RESPONSABILIDADE DA SECRETARIA MUNICIPAL DE EDUCAÇÃO CONTRATO N° 001/2022.
880;1;DINAMICA EMPREENDIMENTOS E SOLUCOES LTDA;NFSE;959;12/07/2023;93;UNIVERSIDADE DA INTEGRACAO INTERNACIONAL DA LUSOFONIA AFRO-BRASILEIRA - UNILAB;CR;Não;Não;Não;Não;R$ 0,00;R$ 0,00;R$ 0,00;R$ 96.622,31;R$ 96.622,31;R$ 96.622,31;REFERENTE A 4° MEDIÇÃO DO OBJETO: CONTRATAÇÃO DE EMPRESA ESPECIALIZADA EM SERVIÇOS DE ENGENHARIA, INCLUINDO MATERIAL E MÃO DE OBRA, PARA EXECUÇÃO DO REMANESCENTE DA OBRA DE URBANIZAÇÃO DO CAMPUS DOS PALMARES DA UNILAB.CONTRATO Nº 30/2022
883;1;DINAMICA EMPREENDIMENTOS E SOLUCOES LTDA;NFSE;960;12/07/2023;92;MUNICIPIO DE CRATO - SECRETARIA MUNICIPAL DE EDUCAÇÃO;CR;Não;Não;Não;Não;R$ 0,00;R$ 0,00;R$ 0,00;R$ 194.048,85;R$ 194.048,85;R$ 194.048,85;REFERENTE A 6° MEDIÇÃO DO OBJETO: CONTRATAÇÃO DOS SERVIÇOS DE ENGENHARIA PARA CONSTRUÇÃO DE UMA ESCOLA NO DISTRITO DE MONTE ALVERNE, NO MUNICÍPIO DE CRATO/CE. CONTRATO Nº 2022.10.06.1. CONCORRÊNCIA Nº 2022.05.27.1
882;1;DINAMICA EMPREENDIMENTOS E SOLUCOES LTDA;NFSE;961;13/07/2023;77;SECRETARIA DA PROTEÇÃO SOCIAL, JUSTIÇA, CIDADANIA, MULHERES E DIREITOS HUMANOS;CR;Não;Não;Não;Não;R$ 0,00;R$ 0,00;R$ 0,00;R$ 106.743,40;R$ 106.743,40;R$ 106.743,40;REFERENTE AO PAGAMENTO DA 9ª MEDIÇÃO PARCIAL DA CONSTRUÇÃO DE 01 (UM) CENTRO DE EDUCAÇÃO INFANTIL - CEI - PADRÃO IV, NO MUNICÍPIO DE CANINDÉ/CE. RELATIVO AO PERÍODO DE 21/04/2023 a 19/05/2023. CONFORME CONTRATO Nº 060/2022.
884;1;DINAMICA EMPREENDIMENTOS E SOLUCOES LTDA;NFSE;962;14/07/2023;86;MUNICIPIO DE ASSARÉ;CR;Não;Não;Não;Não;R$ 0,00;R$ 0,00;R$ 0,00;R$ 150.209,43;R$ 150.209,43;R$ 150.209,43;13ª MEDIÇÃO - OBJETO: CONTRATAÇÃO DE SERVIÇOS DE ENGENHARIA PARA A EXECUÇÃO DAS OBRAS DE REFORMA E AMPLIAÇÃO DO HOSPITAL GERAL NOSSA SENHORA DAS DORES DO MUNICÍPIO DE ASSARÉ/CE.
885;1;DINAMICA EMPREENDIMENTOS E SOLUCOES LTDA;NFSE;963;14/07/2023;86;MUNICIPIO DE ASSARÉ;CR;Não;Não;Não;Não;R$ 0,00;R$ 0,00;R$ 0,00;R$ 121.096,40;R$ 121.096,40;R$ 121.096,40;13ª MEDIÇÃO - OBJETO: CONTRATAÇÃO DE SERVIÇOS DE ENGENHARIA PARA EXECUÇÃO DAS OBRAS DE CONSTRUÇÃO DE PASSAGENS MOLHADAS, EM DIVERSAS LOCALIDADES DO MUNICÍPIO DE ASSARÉ/CE.
886;1;DINAMICA EMPREENDIMENTOS E SOLUCOES LTDA;NFSE;964;19/07/2023;55;MUNICÍPIO DE MARACANAÚ;CR;Não;Não;Não;Não;R$ 0,00;R$ 0,00;R$ 0,00;R$ 7.667,24;R$ 7.667,24;R$ 7.667,24;19ª MEDIÇÃO - OBJETO: CONTRATAÇÃO DE EMPRESA ESPECIALIZADA PARA PRESTAÇÃO DE SERVIÇOS DE MANUTENÇÃO PREVENTIVA E CORRETIVA NA SUBESTAÇÃO DE ENERGIA 13,8KV E COM POTÊNCIA DE 1.525KVA, LOCALIZADA NO HOSPITAL MUNICIPAL DR. JOÃO ELÍSIO DE HOLANDA EM MARACANAÚ, CEARÁ CONTRATO N° 1492.21.07.08.01. CONCORRÊNCIA PÚBLICA Nº 14.001/2021 - CP.
887;1;DINAMICA EMPREENDIMENTOS E SOLUCOES LTDA;NFSE;965;20/07/2023;90;MUNICIPIO DE SOBRAL;CR;Não;Não;Não;Não;R$ 0,00;R$ 0,00;R$ 0,00;R$ 170.790,82;R$ 170.790,82;R$ 170.790,82;REFERENTE A 11° MEDIÇÃO DO OBJETO: CONTRATAÇÃO DE EMPRESA ESPECIALIZADA PARA CONSTRUÇÃO DE ESCOLA VERTICAL, 12 SALAS, NO BAIRRO ALTO DA BRASILIA, NO MUNICÍPIO DE DE SOBRAL / CE. PERÍODO DE: 01/06/2023 - 30/06/2023. CONTRATO Nº 0094 / 2022 - SME
888;1;DINAMICA EMPREENDIMENTOS E SOLUCOES LTDA;NFSE;966;21/07/2023;77;SECRETARIA DA PROTEÇÃO SOCIAL, JUSTIÇA, CIDADANIA, MULHERES E DIREITOS HUMANOS;CR;Não;Não;Não;Não;R$ 0,00;R$ 0,00;R$ 0,00;R$ 120.188,20;R$ 120.188,20;R$ 120.188,20;REFERENTE AO PAGAMENTO DA 10ª MEDIÇÃO PARCIAL DA CONSTRUÇÃO DE 01 (UM) CENTRO DE EDUCAÇÃO INFANTIL - CEI - PADRÃO IV, NO MUNICÍPIO DE CANINDÉ/CE. RELATIVO AO PERÍODO DE 21/05/2023 a 20/06/2023. CONFORME CONTRATO Nº 060/2022.
889;1;DINAMICA EMPREENDIMENTOS E SOLUCOES LTDA;NFSE;967;24/07/2023;82;PREFEITURA MUNICIPAL DE PARAIPABA;CR;Não;Não;Não;Não;R$ 0,00;R$ 0,00;R$ 0,00;R$ 178.311,12;R$ 178.311,12;R$ 178.311,12;REFERENTE A 3° MEDIÇÃO DO OBJETO: CONTRATAÇÃO DE EMPRESA PARA EXECUÇÃO DOS SERVIÇOS DE REFORMA E AMPLIAÇÃO DA EMEIF FRANCISCO CIPRIANO MOREIRA NO MUNICÍPIO DE PARAIPABA-CE.
890;1;DINAMICA EMPREENDIMENTOS E SOLUCOES LTDA;NFSE;968;24/07/2023;82;PREFEITURA MUNICIPAL DE PARAIPABA;CR;Não;Não;Não;Não;R$ 0,00;R$ 0,00;R$ 0,00;R$ 378.344,59;R$ 378.344,59;R$ 378.344,59;REFERENTE A 4° MEDIÇÃO DO OBJETO: CONTRATAÇÃO DE EMPRESA PARA EXECUÇÃO DOS SERVIÇOS DE REFORMA E AMPLIAÇÃO DA EMEIF LUIZA BARROSO BRAGA NO MUNICÍPIO DE PARAIPABA-CE.
891;1;DINAMICA EMPREENDIMENTOS E SOLUCOES LTDA;NFSE;969;25/07/2023;81;MUNICIPIO DE SENADOR POMPEU - SECRETARIA DE EDUCAÇÃO, CULTURA E DESPORTO;CR;Não;Não;Não;Não;R$ 0,00;R$ 0,00;R$ 0,00;R$ 71.402,00;R$ 71.402,00;R$ 71.402,00;2ª MEDIÇÃO - OBJETO: CONTRATAÇÃO DE EMPRESA ESPECIALIZADA PARA CONSTRUÇÃO DO ESPAÇO EDUCATIVO RURAL COM 06 SALAS DE AULA, LOCALIZADA NO DISTRITO DE SÃO JOAQUIM NO MUNICÍPIO DE SENADOR POMPEU-CE, ATRAVES DA SECRETARIA DE EDUCAÇÃO, CULTURA E DESPORTO, ATRAVÉS DA SECRETARIA DE EDUCAÇÃO, CULTURA E DESPORTO, DESTE MUNICÍPIO. CONTRATO N° SE-TP002/2022-01 SECD. TOMADA DE PREÇOS Nº SE-TP002/2022.
892;1;DINAMICA EMPREENDIMENTOS E SOLUCOES LTDA;REC;270802;27/07/2023;79;CAIXA ECONOMICA FEDERAL;CR;Não;Não;Não;Não;R$ 0,00;R$ 0,00;R$ 0,00;R$ 60.000,00;R$ 60.000,00;R$ 60.000,00;EMPRESTIMO
894;1;DINAMICA EMPREENDIMENTOS E SOLUCOES LTDA;NFSE;970;28/07/2023;77;SECRETARIA DA PROTEÇÃO SOCIAL, JUSTIÇA, CIDADANIA, MULHERES E DIREITOS HUMANOS;CR;Não;Não;Não;Não;R$ 0,00;R$ 0,00;R$ 0,00;R$ 13.476,89;R$ 13.476,89;R$ 13.476,89;REFERENTE AO PAGAMENTO DA 17ª MEDIÇÃO PARCIAL DA CONSTRUÇÃO DE 01 (UM) CENTRO DE EDUCAÇÃO INFANTIL - CEI. PADRÃO IV, NO MUNICÍPIO DE CASCAVEL - CE. RELATIVO AO PERÍODO DE 21/05/2023 - 20/06/2023. CONFORME CONTRATO 114/2021.
895;1;DINAMICA EMPREENDIMENTOS E SOLUCOES LTDA;NFSE;971;31/07/2023;81;MUNICIPIO DE SENADOR POMPEU - SECRETARIA DE EDUCAÇÃO, CULTURA E DESPORTO;CR;Não;Não;Não;Não;R$ 0,00;R$ 0,00;R$ 0,00;R$ 452.915,42;R$ 452.915,42;R$ 452.915,42;4ª MEDIÇÃO - OBJETO: CONTRATAÇÃO DE EMPRESA ESPECIALIZADA PARA A CONSTRUÇÃO DE UM GALPÃO INDUSTRIAL NO MUNICÍPIO DE SENADOR POMPEU-CE, ATRAVÉS DA SECRETARIA DE INFRAESTRUTURA, DESTE MUNICÍPIO.
896;1;DINAMICA EMPREENDIMENTOS E SOLUCOES LTDA;NFSE;976;01/08/2023;92;MUNICIPIO DE CRATO - SECRETARIA MUNICIPAL DE EDUCAÇÃO;CR;Não;Não;Não;Não;R$ 0,00;R$ 0,00;R$ 0,00;R$ 23.878,28;R$ 23.878,28;R$ 23.878,28;REFERENTE A 7° MEDIÇÃO DO OBJETO: CONTRATAÇÃO DOS SERVIÇOS DE ENGENHARIA PARA CONSTRUÇÃO DE UMA ESCOLA NO DISTRITO DE MONTE ALVERNE, NO MUNICÍPIO DE CRATO/CE.
897;1;DINAMICA EMPREENDIMENTOS E SOLUCOES LTDA;NFSE;978;02/08/2023;93;UNIVERSIDADE DA INTEGRACAO INTERNACIONAL DA LUSOFONIA AFRO-BRASILEIRA - UNILAB;CR;Não;Não;Não;Não;R$ 0,00;R$ 0,00;R$ 0,00;R$ 193.296,30;R$ 193.296,30;R$ 193.296,30;REFERENTE A 5° MEDIÇÃO DO OBJETO: CONTRATAÇÃO DE EMPRESA ESPECIALIZADA EM SERVIÇOS DE ENGENHARIA, INCLUINDO MATERIAL E MÃO DE OBRA, PARA EXECUÇÃO DO REMANESCENTE DA OBRA DE URBANIZAÇÃO DO CAMPUS DOS PALMARES DA UNILAB.CONTRATO Nº 30/2022
898;1;DINAMICA EMPREENDIMENTOS E SOLUCOES LTDA;NFSE;979;02/08/2023;87;FUNDO MUNICIPAL DE EDUCACAO - INFRAESTRUTURA - FME-I;CR;Não;Não;Não;Não;R$ 0,00;R$ 0,00;R$ 0,00;R$ 56.927,08;R$ 56.927,08;R$ 56.927,08;REFERENTE AO REAJUSTE DA 12ª MEDIÇÃO - REALIZADA NO PERÍODO DE 01/01/2023 À 31/01/2023 - OBJETO: CONTRATAÇÃO DE EMPRESA PARA EXECUÇÃO DAS OBRAS DE REFORMA DA ESCOLA MUNICIPAL FREI TITO DE ALENCAR LIMA, BAIRRO PRAIA DO FUTURO II, NO MUNICÍPIO DE FORTALEZA. MAPPFOR: 10 - REFORMA E AMPLIAÇÃO DO PARQUE ESCOLAR.
899;1;DINAMICA EMPREENDIMENTOS E SOLUCOES LTDA;NFSE;980;02/08/2023;87;FUNDO MUNICIPAL DE EDUCACAO - INFRAESTRUTURA - FME-I;CR;Não;Não;Não;Não;R$ 0,00;R$ 0,00;R$ 0,00;R$ 17.520,16;R$ 17.520,16;R$ 17.520,16;REFERENTE AO REAJUSTE DA 13ª MEDIÇÃO - REALIZADA NO PERÍODO DE 01/01/2023 À 31/01/2023 - OBJETO: CONTRATAÇÃO DE EMPRESA PARA EXECUÇÃO DAS OBRAS DE REFORMA DA ESCOLA MUNICIPAL FREI TITO DE ALENCAR LIMA, BAIRRO PRAIA DO FUTURO II, NO MUNICÍPIO DE FORTALEZA. MAPPFOR: 10 - REFORMA E AMPLIAÇÃO DO PARQUE ESCOLAR.
900;1;DINAMICA EMPREENDIMENTOS E SOLUCOES LTDA;NFSE;981;02/08/2023;87;FUNDO MUNICIPAL DE EDUCACAO - INFRAESTRUTURA - FME-I;CR;Não;Não;Não;Não;R$ 0,00;R$ 0,00;R$ 0,00;R$ 962,41;R$ 962,41;R$ 962,41;REFERENTE AO REAJUSTE DA 14ª MEDIÇÃO - REALIZADA NO PERÍODO DE 01/01/2023 À 31/01/2023 - OBJETO: CONTRATAÇÃO DE EMPRESA PARA EXECUÇÃO DAS OBRAS DE REFORMA DA ESCOLA MUNICIPAL FREI TITO DE ALENCAR LIMA, BAIRRO PRAIA DO FUTURO II, NO MUNICÍPIO DE FORTALEZA. MAPPFOR: 10 - REFORMA E AMPLIAÇÃO DO PARQUE ESCOLAR.
901;1;DINAMICA EMPREENDIMENTOS E SOLUCOES LTDA;NFSE;982;02/08/2023;87;FUNDO MUNICIPAL DE EDUCACAO - INFRAESTRUTURA - FME-I;CR;Não;Não;Não;Não;R$ 0,00;R$ 0,00;R$ 0,00;R$ 22.653,18;R$ 22.653,18;R$ 22.653,18;REFERENTE AO REAJUSTE DA 15ª MEDIÇÃO - REALIZADA NO PERÍODO DE 01/01/2023 À 31/01/2023 - OBJETO: CONTRATAÇÃO DE EMPRESA PARA EXECUÇÃO DAS OBRAS DE REFORMA DA ESCOLA MUNICIPAL FREI TITO DE ALENCAR LIMA, BAIRRO PRAIA DO FUTURO II, NO MUNICÍPIO DE FORTALEZA. MAPPFOR: 10 - REFORMA E AMPLIAÇÃO DO PARQUE ESCOLAR.
902;1;DINAMICA EMPREENDIMENTOS E SOLUCOES LTDA;NFSE;984;04/08/2023;87;FUNDO MUNICIPAL DE EDUCACAO - INFRAESTRUTURA - FME-I;CR;Não;Não;Não;Não;R$ 0,00;R$ 0,00;R$ 0,00;R$ 532.604,62;R$ 532.604,62;R$ 532.604,62;REFERENTE A 4ª MEDIÇÃO - REALIZADA NO PERÍODO DE 01/05/2023 À 31/05/2023 - OBJETO: CONTRATAÇÃO DE EMPRESA PARA CONSTRUÇÃO DE 01 (UM) CENTRO DE EDUCAÇÃO INFANTIL - CEI NO BAIRRO MONDUBIM, MUNICÍPIO DE FORTALEZA. MAPPFOR: 8 - CONSTRUÇÃO DE CENTRO EDUCAÇÃO INFANTIL. CONTRATO Nº 031/2022 ? FME-I - RDC PRESENCIAL Nº 066/2022.
903;1;DINAMICA EMPREENDIMENTOS E SOLUCOES LTDA;NFSE;985;04/08/2023;86;MUNICIPIO DE ASSARÉ;CR;Não;Não;Não;Não;R$ 0,00;R$ 0,00;R$ 0,00;R$ 270.233,78;R$ 270.233,78;R$ 270.233,78;13ª MEDIÇÃO - OBJETO: CONTRATAÇÃO DE SERVIÇOS DE ENGENHARIA PARA A EXECUÇÃO DAS OBRAS DE CONCLUSÃO DA CONSTRUÇÃO DE CRECHE PROINFÂNCIA TIPO I LOCALIZADA DA SEDE DO MUNICÍPIO DE ASSARÉ/CE. TERMO DO CONVÊNIO PAC2 Nº 5723/2013.
904;1;DINAMICA EMPREENDIMENTOS E SOLUCOES LTDA;NFSE;986;08/08/2023;86;MUNICIPIO DE ASSARÉ;CR;Não;Não;Não;Não;R$ 0,00;R$ 0,00;R$ 0,00;R$ 64.288,62;R$ 64.288,62;R$ 64.288,62;14ª MEDIÇÃO - OBJETO: CONTRATAÇÃO DE SERVIÇOS DE ENGENHARIA PARA EXECUÇÃO DAS OBRAS DE CONSTRUÇÃO DE PASSAGENS MOLHADAS, EM DIVERSAS LOCALIDADES DO MUNICÍPIO DE ASSARÉ/CE.
905;1;DINAMICA EMPREENDIMENTOS E SOLUCOES LTDA;NFSE;987;08/08/2023;86;MUNICIPIO DE ASSARÉ;CR;Não;Não;Não;Não;R$ 0,00;R$ 0,00;R$ 0,00;R$ 118.334,22;R$ 118.334,22;R$ 118.334,22;14ª MEDIÇÃO - OBJETO: CONTRATAÇÃO DE SERVIÇOS DE ENGENHARIA PARA A EXECUÇÃO DAS OBRAS DE REFORMA E AMPLIAÇÃO DO HOSPITAL GERAL NOSSA SENHORA DAS DORES DO MUNICÍPIO DE ASSARÉ/CE.
906;1;DINAMICA EMPREENDIMENTOS E SOLUCOES LTDA;NFSE;999;16/08/2023;86;MUNICIPIO DE ASSARÉ;CR;Não;Não;Não;Não;R$ 0,00;R$ 0,00;R$ 0,00;R$ 129.885,22;R$ 129.885,22;R$ 129.885,22;REFERENTE A MEDIÇÃO DO REAJUSTE - OBJETO: CONTRATAÇÃO DE SERVIÇOS DE ENGENHARIA PARA A EXECUÇÃO DAS OBRAS DE CONCLUSÃO DA CONSTRUÇÃO DE CRECHE PROINFÂNCIA TIPO I LOCALIZADA DA SEDE DO MUNICÍPIO DE ASSARÉ/CE. TERMO DO CONVÊNIO PAC2 Nº 5723/2013
907;1;DINAMICA EMPREENDIMENTOS E SOLUCOES LTDA;NFSE;989;17/08/2023;87;FUNDO MUNICIPAL DE EDUCACAO - INFRAESTRUTURA - FME-I;CR;Não;Não;Não;Não;R$ 0,00;R$ 0,00;R$ 0,00;R$ 115.658,78;R$ 115.658,78;R$ 115.658,78;REFERENTE A 9ª MEDIÇÃO - REALIZADA NO PERÍODO DE 01/06/2023 À 30/06/2023 - OBJETO: REFORMA E AMPLIAÇÃO DA ESCOLA MUNICIPAL DIOGO VITAL DE SIQUEIRA, NO BAIRRO PREFEITO JOSÉ WALTER, MUNICÍPIO DE FORTALEZA. (Lote 01). MAPPFOR: 16 - REFORMA E AMPLIAÇÃO DE ESCOLAS MUNICIPAIS DE TEMPO INTEGRAL.
908;1;DINAMICA EMPREENDIMENTOS E SOLUCOES LTDA;NFSE;990;24/08/2023;87;FUNDO MUNICIPAL DE EDUCACAO - INFRAESTRUTURA - FME-I;CR;Não;Não;Não;Não;R$ 0,00;R$ 0,00;R$ 0,00;R$ 141.401,13;R$ 141.401,13;R$ 141.401,13;REFERENTE A 16ª MEDIÇÃO - REALIZADA NO PERÍODO DE 01/05/2023 À 31/05/2023 - OBJETO: CONTRATAÇÃO DE EMPRESA PARA EXECUÇÃO DAS OBRAS DE REFORMA DA ESCOLA MUNICIPAL FREI TITO DE ALENCAR LIMA, BAIRRO PRAIA DO FUTURO II, NO MUNICÍPIO DE FORTALEZA
909;1;DINAMICA EMPREENDIMENTOS E SOLUCOES LTDA;NFSE;992;24/08/2023;87;FUNDO MUNICIPAL DE EDUCACAO - INFRAESTRUTURA - FME-I;CR;Não;Não;Não;Não;R$ 0,00;R$ 0,00;R$ 0,00;R$ 13.122,77;R$ 13.122,77;R$ 13.122,77;REFERENTE AO REAJUSTE DA 16ª MEDIÇÃO - REALIZADA NO PERÍODO DE 01/05/2023 À 31/05/2023 - OBJETO: CONTRATAÇÃO DE EMPRESA PARA EXECUÇÃO DAS OBRAS DE REFORMA DA ESCOLA MUNICIPAL FREI TITO DE ALENCAR LIMA, BAIRRO PRAIA DO FUTURO II, NO MUNICÍPIO DE FORTALEZA.
910;1;DINAMICA EMPREENDIMENTOS E SOLUCOES LTDA;NFSE;993;29/08/2023;86;MUNICIPIO DE ASSARÉ;CR;Não;Não;Não;Não;R$ 0,00;R$ 0,00;R$ 0,00;R$ 124.621,58;R$ 124.621,58;R$ 124.621,58;15ª MEDIÇÃO - OBJETO: CONTRATAÇÃO DE SERVIÇOS DE ENGENHARIA PARA EXECUÇÃO DAS OBRAS DE CONSTRUÇÃO DE PASSAGENS MOLHADAS, EM DIVERSAS LOCALIDADES DO MUNICÍPIO DE ASSARÉ/CE.
911;1;DINAMICA EMPREENDIMENTOS E SOLUCOES LTDA;NFSE;994;29/08/2023;86;MUNICIPIO DE ASSARÉ;CR;Não;Não;Não;Não;R$ 0,00;R$ 0,00;R$ 0,00;R$ 177.650,34;R$ 177.650,34;R$ 177.650,34;15ª MEDIÇÃO - OBJETO: CONTRATAÇÃO DE SERVIÇOS DE ENGENHARIA PARA A EXECUÇÃO DAS OBRAS DE REFORMA E AMPLIAÇÃO DO HOSPITAL GERAL NOSSA SENHORA DAS DORES DO MUNICÍPIO DE ASSARÉ/CE.
912;1;DINAMICA EMPREENDIMENTOS E SOLUCOES LTDA;NFSE;995;30/08/2023;82;PREFEITURA MUNICIPAL DE PARAIPABA;CR;Não;Não;Não;Não;R$ 0,00;R$ 0,00;R$ 0,00;R$ 163.233,44;R$ 163.233,44;R$ 163.233,44;REFERENTE A 5° MEDIÇÃO DO OBJETO: CONTRATAÇÃO DE EMPRESA PARA EXECUÇÃO DOS SERVIÇOS DE REFORMA E AMPLIAÇÃO DA EMEIF LUIZA BARROSO BRAGA NO MUNICÍPIO DE PARAIPABA-CE.
913;1;DINAMICA EMPREENDIMENTOS E SOLUCOES LTDA;NFSE;996;30/08/2023;82;PREFEITURA MUNICIPAL DE PARAIPABA;CR;Não;Não;Não;Não;R$ 0,00;R$ 0,00;R$ 0,00;R$ 72.847,84;R$ 72.847,84;R$ 72.847,84;REFERENTE A 4° MEDIÇÃO DO OBJETO: CONTRATAÇÃO DE EMPRESA PARA EXECUÇÃO DOS SERVIÇOS DE REFORMA E AMPLIAÇÃO DA EMEIF FRANCISCO CIPRIANO MOREIRA NO MUNICÍPIO DE PARAIPABA-CE.
914;1;DINAMICA EMPREENDIMENTOS E SOLUCOES LTDA;NFSE;997;30/08/2023;70;PREFEITURA MUNICIPAL DE TABULEIRO DO NORTE;CR;Não;Não;Não;Não;R$ 0,00;R$ 0,00;R$ 0,00;R$ 270.189,18;R$ 270.189,18;R$ 270.189,18;3ª MEDIÇÃO - OBJETO: CONTRATAÇÃO DE OBRAS E SERVIÇOS DE ENGENHARIA PARA CONSTRUÇÃO DE 01 (UM) GALPÃO INDUSTRIAL DE 2000 M², NO MUNICÍPIO DE TABULEIRO DO NORTE/CE, CONFORME CONVÊNIO Nº 07/2022, CELEBRADO ENTRE A PREFEITURA MUNICIPAL DE TABULEIRO DO NORTE E AGÊNCIA DE DESENVOLVIMENTO DO ESTADO DO CEARÁ, DE RESPONSABILIDADE DA SECRETARIA DE DESENVOLVIMENTO ECONÔMICO E EMPREENDEDORISMO. CONTRATO N° 2022.07.12-0001. TOMADA DE PREÇOS Nº 11.04.01/2022.
915;1;DINAMICA EMPREENDIMENTOS E SOLUCOES LTDA;NFSE;998;30/08/2023;80;PREFEITURA MUNICIPAL DE CAMPOS SALES - CE;CR;Não;Não;Não;Não;R$ 0,00;R$ 0,00;R$ 0,00;R$ 67.581,48;R$ 67.581,48;R$ 67.581,48;3ª MEDIÇÃO - OBJETO: CONTRATAÇÃO DE EMPRESA ESPECIALIZADA PARA CONSTRUÇÃO DE UMA QUADRA ESCOLAR POLIESPORTIVA COM COBERTURA E VESTIÁRIOS MODELO 02 - PRÉ-OBRA ID-3074371 NA E.E.I.F. PRESIDENTE CASTELO BRANCO, NO MUNICÍPIO DE CAMPOS SALES/CE. TOMADA DE PREÇOS - Nº 2021.07.06.39.TP.FME. CONTRATO N° 001-2021.06.39.TP.FME
916;1;DINAMICA EMPREENDIMENTOS E SOLUCOES LTDA;NFSE;1000;30/08/2023;1;INSTITUTO FEDERAL DE EDUCAÇÃO, CIÊNCIA E TECNOLOGIA DO CEARÁ;CR;Não;Não;Não;Não;R$ 0,00;R$ 0,00;R$ 0,00;R$ 12.635,54;R$ 12.635,54;R$ 12.635,54;MEDIÇÃO REFERENTE AO REAJUSTE CONTRATUAL - OBJETO: SERVIÇOS COMUNS DE ENGENHARIA INERENTES À MANUTENÇÃO PREDIAL CORRETIVA OU PREVENTIVA - CAMPUS MORADA NOVA. CONTRATO Nº 04/2019.
917;1;DINAMICA EMPREENDIMENTOS E SOLUCOES LTDA;NFSE;1001;05/09/2023;90;MUNICIPIO DE SOBRAL;CR;Não;Não;Não;Não;R$ 0,00;R$ 0,00;R$ 0,00;R$ 380.236,72;R$ 380.236,72;R$ 380.236,72;REFERENTE A 12° MEDIÇÃO DO OBJETO: CONTRATAÇÃO DE EMPRESA ESPECIALIZADA PARA CONSTRUÇÃO DE ESCOLA VERTICAL, 12 SALAS, NO BAIRRO ALTO DA BRASILIA, NO MUNICÍPIO DE DE SOBRAL / CE. PERÍODO DE: 01/07/2023 - 31/07/2023.
918;1;DINAMICA EMPREENDIMENTOS E SOLUCOES LTDA;NFSE;1002;08/09/2023;87;FUNDO MUNICIPAL DE EDUCACAO - INFRAESTRUTURA - FME-I;CR;Não;Não;Não;Não;R$ 0,00;R$ 0,00;R$ 0,00;R$ 197.290,84;R$ 197.290,84;R$ 197.290,84;REFERENTE A 17ª MEDIÇÃO - REALIZADA NO PERÍODO DE 01/06/2023 À 30/06/2023 - OBJETO: CONTRATAÇÃO DE EMPRESA PARA EXECUÇÃO DAS OBRAS DE REFORMA DA ESCOLA MUNICIPAL FREI TITO DE ALENCAR LIMA, BAIRRO PRAIA DO FUTURO II, NO MUNICÍPIO DE FORTALEZA
919;1;DINAMICA EMPREENDIMENTOS E SOLUCOES LTDA;NFSE;1003;08/09/2023;87;FUNDO MUNICIPAL DE EDUCACAO - INFRAESTRUTURA - FME-I;CR;Não;Não;Não;Não;R$ 0,00;R$ 0,00;R$ 0,00;R$ 18.309,62;R$ 18.309,62;R$ 18.309,62;REFERENTE AO REAJUSTE DA 17ª MEDIÇÃO - REALIZADA NO PERÍODO DE 01/06/2023 À 30/06/2023 - OBJETO: CONTRATAÇÃO DE EMPRESA PARA EXECUÇÃO DAS OBRAS DE REFORMA DA ESCOLA MUNICIPAL FREI TITO DE ALENCAR LIMA, BAIRRO PRAIA DO FUTURO II, NO MUNICÍPIO DE FORTALEZA
920;1;DINAMICA EMPREENDIMENTOS E SOLUCOES LTDA;NFSE;1004;11/09/2023;92;MUNICIPIO DE CRATO - SECRETARIA MUNICIPAL DE EDUCAÇÃO;CR;Não;Não;Não;Não;R$ 0,00;R$ 0,00;R$ 0,00;R$ 200.593,63;R$ 200.593,63;R$ 200.593,63;REFERENTE A 8° MEDIÇÃO DO OBJETO: CONTRATAÇÃO DOS SERVIÇOS DE ENGENHARIA PARA CONSTRUÇÃO DE UMA ESCOLA NO DISTRITO DE MONTE ALVERNE, NO MUNICÍPIO DE CRATO/CE.
921;1;DINAMICA EMPREENDIMENTOS E SOLUCOES LTDA;NFSE;1005;11/09/2023;77;SECRETARIA DA PROTEÇÃO SOCIAL, JUSTIÇA, CIDADANIA, MULHERES E DIREITOS HUMANOS;CR;Não;Não;Não;Não;R$ 0,00;R$ 0,00;R$ 0,00;R$ 49.309,88;R$ 49.309,88;R$ 49.309,88;REFERENTE AO PAGAMENTO DA 11ª MEDIÇÃO PARCIAL DA CONSTRUÇÃO DE 01 (UM) CENTRO DE EDUCAÇÃO INFANTIL - CEI - PADRÃO IV, NO MUNICÍPIO DE CANINDÉ/CE. RELATIVO AO PERÍODO DE 21/06/2023 a 20/07/2023. CONFORME CONTRATO Nº 060/2022.
922;1;DINAMICA EMPREENDIMENTOS E SOLUCOES LTDA;NFSE;1007;13/09/2023;93;UNIVERSIDADE DA INTEGRACAO INTERNACIONAL DA LUSOFONIA AFRO-BRASILEIRA - UNILAB;CR;Não;Não;Não;Não;R$ 0,00;R$ 0,00;R$ 0,00;R$ 137.809,80;R$ 137.809,80;R$ 137.809,80;REFERENTE A 6° MEDIÇÃO DO OBJETO: CONTRATAÇÃO DE EMPRESA ESPECIALIZADA EM SERVIÇOS DE ENGENHARIA, INCLUINDO MATERIAL E MÃO DE OBRA, PARA EXECUÇÃO DO REMANESCENTE DA OBRA DE URBANIZAÇÃO DO CAMPUS DOS PALMARES DA UNILAB. TOTAL DOS VALORES SÃO REFERENTES A: R$ 124.276,35 MEDIÇÃO DE AGOSTO DE 2023 E R$ 13.533,45 REAJUSTE.
923;1;DINAMICA EMPREENDIMENTOS E SOLUCOES LTDA;NFSE;1008;13/09/2023;81;MUNICIPIO DE SENADOR POMPEU - SECRETARIA DE EDUCAÇÃO, CULTURA E DESPORTO;CR;Não;Não;Não;Não;R$ 0,00;R$ 0,00;R$ 0,00;R$ 54.827,28;R$ 54.827,28;R$ 54.827,28;3ª MEDIÇÃO - OBJETO: CONTRATAÇÃO DE EMPRESA ESPECIALIZADA PARA CONSTRUÇÃO DO ESPAÇO EDUCATIVO RURAL COM 06 SALAS DE AULA, LOCALIZADA NO DISTRITO DE SÃO JOAQUIM NO MUNICÍPIO DE SENADOR POMPEU-CE, ATRAVES DA SECRETARIA DE EDUCAÇÃO, CULTURA E DESPORTO, ATRAVÉS DA SECRETARIA DE EDUCAÇÃO, CULTURA E DESPORTO, DESTE MUNICÍPIO. CONTRATO N° SE-TP002/2022-01 SECD. TOMADA DE PREÇOS Nº SE-TP002/2022.
924;1;DINAMICA EMPREENDIMENTOS E SOLUCOES LTDA;NFSE;1009;18/09/2023;86;MUNICIPIO DE ASSARÉ;CR;Não;Não;Não;Não;R$ 0,00;R$ 0,00;R$ 0,00;R$ 49.968,22;R$ 49.968,22;R$ 49.968,22;16ª MEDIÇÃO (1ª MEDIÇÃO DO ADITIVO) - OBJETO: CONTRATAÇÃO DE SERVIÇOS DE ENGENHARIA PARA EXECUÇÃO DAS OBRAS DE CONSTRUÇÃO DE PASSAGENS MOLHADAS, EM DIVERSAS LOCALIDADES DO MUNICÍPIO DE ASSARÉ/CE.
925;1;DINAMICA EMPREENDIMENTOS E SOLUCOES LTDA;NFSE;1010;18/09/2023;55;MUNICÍPIO DE MARACANAÚ;CR;Não;Não;Não;Não;R$ 0,00;R$ 0,00;R$ 0,00;R$ 49.305,40;R$ 49.305,40;R$ 49.305,40;VALOR REFERENTE AO REPASSE DA 17ª MEDIÇÃO DOS SERVIÇOS DE REFORMA DE UNIDADE DE ATENÇÃO ESPECIALIZADA EM SAÚDE DO HOSPITAL MUNICIPAL DR. JOÃO ELÍSIO DE HOLANDA, MUNICÍPIO DE MARACANAÚ, CORRESPONDENTE AO PT 0375348-16 DA CAIXA ECONÔMICA FEDERAL, CONVÊNIO N.º 768783, DO MINISTÉRIO DA SAÚDE.
926;1;DINAMICA EMPREENDIMENTOS E SOLUCOES LTDA;NFSE;1011;18/09/2023;55;MUNICÍPIO DE MARACANAÚ;CR;Não;Não;Não;Não;R$ 0,00;R$ 0,00;R$ 0,00;R$ 42.340,31;R$ 42.340,31;R$ 42.340,31;VALOR REFERENTE AO CONTRAPARTIDA DA 17ª MEDIÇÃO DOS SERVIÇOS DE REFORMA DE UNIDADE DE ATENÇÃO ESPECIALIZADA EM SAÚDE DO HOSPITAL MUNICIPAL DR. JOÃO ELÍSIO DE HOLANDA, MUNICÍPIO DE MARACANAÚ, CORRESPONDENTE AO PT 0375348-16 DA CAIXA ECONÔMICA FEDERAL, CONVÊNIO N.º 768783, DO MINISTÉRIO DA SAÚDE.
927;1;DINAMICA EMPREENDIMENTOS E SOLUCOES LTDA;NFSE;1012;21/09/2023;6;INSTITUTO FEDERAL DE EDUCAÇÃO, CIÊNCIA E TECNOLOGIA DO CEARÁ;CR;Não;Não;Não;Não;R$ 0,00;R$ 0,00;R$ 0,00;R$ 296.073,66;R$ 296.073,66;R$ 296.073,66;REFERENTE A 1° MEDIÇÃO DO OBJETO: CONTRATAÇÃO DA OBRA DE ENGENHARIA PARA CONSTRUÇÃO DE BLOCO DE 04 (QUATRO) SALAS NA REITORIA. CONTRATO DE OBRA DE ENGENHARIA Nº 15/2023.
928;1;DINAMICA EMPREENDIMENTOS E SOLUCOES LTDA;NFSE;1013;25/09/2023;81;MUNICIPIO DE SENADOR POMPEU - SECRETARIA DE EDUCAÇÃO, CULTURA E DESPORTO;CR;Não;Não;Não;Não;R$ 0,00;R$ 0,00;R$ 0,00;R$ 216.709,91;R$ 216.709,91;R$ 216.709,91;5ª MEDIÇÃO - OBJETO: CONTRATAÇÃO DE EMPRESA ESPECIALIZADA PARA A CONSTRUÇÃO DE UM GALPÃO INDUSTRIAL NO MUNICÍPIO DE SENADOR POMPEU-CE, ATRAVÉS DA SECRETARIA DE INFRAESTRUTURA, DESTE MUNICÍPIO.
929;1;DINAMICA EMPREENDIMENTOS E SOLUCOES LTDA;NFSE;1014;25/09/2023;87;FUNDO MUNICIPAL DE EDUCACAO - INFRAESTRUTURA - FME-I;CR;Não;Não;Não;Não;R$ 0,00;R$ 0,00;R$ 0,00;R$ 98.030,74;R$ 98.030,74;R$ 98.030,74;REFERENTE A 5ª MEDIÇÃO - REALIZADA NO PERÍODO DE 01/06/2023 À 30/06/2023 - OBJETO: CONTRATAÇÃO DE EMPRESA PARA CONSTRUÇÃO DE 01 (UM) CENTRO DE EDUCAÇÃO INFANTIL - CEI NO BAIRRO MONDUBIM, MUNICÍPIO DE FORTALEZA. MAPPFOR: 8 - CONSTRUÇÃO DE CENTRO EDUCAÇÃO INFANTIL.
930;1;DINAMICA EMPREENDIMENTOS E SOLUCOES LTDA;NFSE;1015;25/09/2023;87;FUNDO MUNICIPAL DE EDUCACAO - INFRAESTRUTURA - FME-I;CR;Não;Não;Não;Não;R$ 0,00;R$ 0,00;R$ 0,00;R$ 114.348,21;R$ 114.348,21;R$ 114.348,21;REFERENTE A 18ª MEDIÇÃO - REALIZADA NO PERÍODO DE 01/07/2023 À 31/07/2023 - OBJETO: CONTRATAÇÃO DE EMPRESA PARA EXECUÇÃO DAS OBRAS DE REFORMA DA ESCOLA MUNICIPAL FREI TITO DE ALENCAR LIMA, BAIRRO PRAIA DO FUTURO II, NO MUNICÍPIO DE FORTALEZA
931;1;DINAMICA EMPREENDIMENTOS E SOLUCOES LTDA;NFSE;1016;25/09/2023;87;FUNDO MUNICIPAL DE EDUCACAO - INFRAESTRUTURA - FME-I;CR;Não;Não;Não;Não;R$ 0,00;R$ 0,00;R$ 0,00;R$ 10.612,00;R$ 10.612,00;R$ 10.612,00;REFERENTE AO REAJUSTE DA 18ª MEDIÇÃO - REALIZADA NO PERÍODO DE 01/07/2023 À 31/07/2023 - OBJETO: CONTRATAÇÃO DE EMPRESA PARA EXECUÇÃO DAS OBRAS DE REFORMA DA ESCOLA MUNICIPAL FREI TITO DE ALENCAR LIMA, BAIRRO PRAIA DO FUTURO II, NO MUNICÍPIO DE FORTALEZA
932;1;DINAMICA EMPREENDIMENTOS E SOLUCOES LTDA;NFSE;1017;25/09/2023;87;FUNDO MUNICIPAL DE EDUCACAO - INFRAESTRUTURA - FME-I;CR;Não;Não;Não;Não;R$ 0,00;R$ 0,00;R$ 0,00;R$ 111.697,54;R$ 111.697,54;R$ 111.697,54;REFERENTE A 19ª MEDIÇÃO - REALIZADA NO PERÍODO DE 01/08/2023 À 31/08/2023 - OBJETO: CONTRATAÇÃO DE EMPRESA PARA EXECUÇÃO DAS OBRAS DE REFORMA DA ESCOLA MUNICIPAL FREI TITO DE ALENCAR LIMA, BAIRRO PRAIA DO FUTURO II, NO MUNICÍPIO DE FORTALEZA
933;1;DINAMICA EMPREENDIMENTOS E SOLUCOES LTDA;NFSE;1018;25/09/2023;87;FUNDO MUNICIPAL DE EDUCACAO - INFRAESTRUTURA - FME-I;CR;Não;Não;Não;Não;R$ 0,00;R$ 0,00;R$ 0,00;R$ 10.366,19;R$ 10.366,19;R$ 10.366,19;REFERENTE AO REAJUSTE DA 19ª MEDIÇÃO - REALIZADA NO PERÍODO DE 01/08/2023 À 31/08/2023 - OBJETO: CONTRATAÇÃO DE EMPRESA PARA EXECUÇÃO DAS OBRAS DE REFORMA DA ESCOLA MUNICIPAL FREI TITO DE ALENCAR LIMA, BAIRRO PRAIA DO FUTURO II, NO MUNICÍPIO DE FORTALEZA
934;1;DINAMICA EMPREENDIMENTOS E SOLUCOES LTDA;NFSE;1019;26/09/2023;77;SECRETARIA DA PROTEÇÃO SOCIAL, JUSTIÇA, CIDADANIA, MULHERES E DIREITOS HUMANOS;CR;Não;Não;Não;Não;R$ 0,00;R$ 0,00;R$ 0,00;R$ 75.749,89;R$ 75.749,89;R$ 75.749,89;REFERENTE AO PAGAMENTO DA 12ª MEDIÇÃO PARCIAL DA CONSTRUÇÃO DE 01 (UM) CENTRO DE EDUCAÇÃO INFANTIL - CEI - PADRÃO IV, NO MUNICÍPIO DE CANINDÉ/CE. RELATIVO AO PERÍODO DE 21/07/2023 a 20/08/2023. CONFORME CONTRATO Nº 060/2022.
935;1;DINAMICA EMPREENDIMENTOS E SOLUCOES LTDA;NFSE;1020;26/09/2023;77;SECRETARIA DA PROTEÇÃO SOCIAL, JUSTIÇA, CIDADANIA, MULHERES E DIREITOS HUMANOS;CR;Não;Não;Não;Não;R$ 0,00;R$ 0,00;R$ 0,00;R$ 119.866,19;R$ 119.866,19;R$ 119.866,19;REFERENTE AO PAGAMENTO DA 22ª MEDIÇÃO PARCIAL DA CONSTRUÇÃO DE 01 (UM) CENTRO DE EDUCAÇÃO INFANTIL- CEI. PADRÃO IV, NO MUNICÍPIO DE ICAPUÍ-CE. RELATIVO AO PERÍODO DE 21/07/2023 - 20/08/2023. CONFORME CONTRATO 067/2021
936;1;DINAMICA EMPREENDIMENTOS E SOLUCOES LTDA;NFSE;1021;29/09/2023;86;MUNICIPIO DE ASSARÉ;CR;Não;Não;Não;Não;R$ 0,00;R$ 0,00;R$ 0,00;R$ 21.079,78;R$ 21.079,78;R$ 21.079,78;16ª MEDIÇÃO - OBJETO: CONTRATAÇÃO DE SERVIÇOS DE ENGENHARIA PARA A EXECUÇÃO DAS OBRAS DE REFORMA E AMPLIAÇÃO DO HOSPITAL GERAL NOSSA SENHORA DAS DORES DO MUNICÍPIO DE ASSARÉ/CE.
937;1;DINAMICA EMPREENDIMENTOS E SOLUCOES LTDA;NFSE;1022;29/09/2023;86;MUNICIPIO DE ASSARÉ;CR;Não;Não;Não;Não;R$ 0,00;R$ 0,00;R$ 0,00;R$ 35.674,47;R$ 35.674,47;R$ 35.674,47;17ª MEDIÇÃO - OBJETO: CONTRATAÇÃO DE SERVIÇOS DE ENGENHARIA PARA A EXECUÇÃO DAS OBRAS DE REFORMA E AMPLIAÇÃO DO HOSPITAL GERAL NOSSA SENHORA DAS DORES DO MUNICÍPIO DE ASSARÉ/CE.
938;1;DINAMICA EMPREENDIMENTOS E SOLUCOES LTDA;NFSE;1023;29/09/2023;86;MUNICIPIO DE ASSARÉ;CR;Não;Não;Não;Não;R$ 0,00;R$ 0,00;R$ 0,00;R$ 201.954,40;R$ 201.954,40;R$ 201.954,40;18ª MEDIÇÃO - OBJETO: CONTRATAÇÃO DE SERVIÇOS DE ENGENHARIA PARA A EXECUÇÃO DAS OBRAS DE REFORMA E AMPLIAÇÃO DO HOSPITAL GERAL NOSSA SENHORA DAS DORES DO MUNICÍPIO DE ASSARÉ/CE.
940;1;DINAMICA EMPREENDIMENTOS E SOLUCOES LTDA;NFSE;1024;02/10/2023;87;FUNDO MUNICIPAL DE EDUCACAO - INFRAESTRUTURA - FME-I;CR;Não;Não;Não;Não;R$ 0,00;R$ 0,00;R$ 0,00;R$ 264.628,30;R$ 264.628,30;R$ 264.628,30;REFERENTE A 10ª MEDIÇÃO - REALIZADA NO PERÍODO DE 01/05/2023 À 31/05/2023 - OBJETO: CONTRATAÇÃO DE EMPRESA PARA EXECUÇÃO DAS OBRAS DE REFORMA DAS ESCOLAS MUNICIPAIS  E.M. JOSEFA BARROS DE ALENCAR E E.M. JOSÉ ALCIDES PINTO, NOS BAIRROS MESSEJANA E BONSUCESSO, ESPECTIVAMENTE, NO MUNICÍPIO DE FORTALEZA.. (Lote 01).
941;1;DINAMICA EMPREENDIMENTOS E SOLUCOES LTDA;NFSE;1025;02/10/2023;70;PREFEITURA MUNICIPAL DE TABULEIRO DO NORTE;CR;Não;Não;Não;Não;R$ 0,00;R$ 0,00;R$ 0,00;R$ 77.232,59;R$ 77.232,59;R$ 77.232,59;10ª MEDIÇÃO - OBJETO: CONTRATAÇÃO DE OBRAS E SERVIÇOS DE ENGENHARIA PARA CONSTRUÇÃO DE QUADRAS POLIESPORTIVAS NO MUNICÍPIO DE TABULEIRO DO NORTE/CE.
939;1;DINAMICA EMPREENDIMENTOS E SOLUCOES LTDA;NFSE;1026;03/10/2023;70;PREFEITURA MUNICIPAL DE TABULEIRO DO NORTE;CR;Não;Não;Não;Não;R$ 0,00;R$ 0,00;R$ 0,00;R$ 114.009,63;R$ 114.009,63;R$ 114.009,63;4ª MEDIÇÃO - OBJETO: CONTRATAÇÃO DE OBRAS E SERVIÇOS DE ENGENHARIA PARA CONSTRUÇÃO DE 01 (UM) GALPÃO INDUSTRIAL DE 2000 M², NO MUNICÍPIO DE TABULEIRO DO NORTE/CE, CONFORME CONVÊNIO Nº 07/2022, CELEBRADO ENTRE A PREFEITURA MUNICIPAL DE TABULEIRO DO NORTE E AGÊNCIA DE DESENVOLVIMENTO DO ESTADO DO CEARÁ, DE RESPONSABILIDADE DA SECRETARIA DE DESENVOLVIMENTO ECONÔMICO E EMPREENDEDORISMO. CONTRATO N° 2022.07.12-0001. TOMADA DE PREÇOS Nº 11.04.01/2022.
945;1;DINAMICA EMPREENDIMENTOS E SOLUCOES LTDA;NFSE;1027;06/10/2023;90;MUNICIPIO DE SOBRAL;CR;Não;Não;Não;Não;R$ 0,00;R$ 0,00;R$ 0,00;R$ 495.436,91;R$ 495.436,91;R$ 495.436,91;REFERENTE A 13° MEDIÇÃO DO OBJETO: CONTRATAÇÃO DE EMPRESA ESPECIALIZADA PARA CONSTRUÇÃO DE ESCOLA VERTICAL, 12 SALAS, NO BAIRRO ALTO DA BRASILIA, NO MUNICÍPIO DE DE SOBRAL / CE. PERÍODO DE: 01/08/2023 - 31/08/2023.
946;1;DINAMICA EMPREENDIMENTOS E SOLUCOES LTDA;NFSE;1028;06/10/2023;82;PREFEITURA MUNICIPAL DE PARAIPABA;CR;Não;Não;Não;Não;R$ 0,00;R$ 0,00;R$ 0,00;R$ 28.777,33;R$ 28.777,33;R$ 28.777,33;REFERENTE A 5° MEDIÇÃO DO OBJETO: CONTRATAÇÃO DE EMPRESA PARA EXECUÇÃO DOS SERVIÇOS DE REFORMA E AMPLIAÇÃO DA EMEIF FRANCISCO CIPRIANO MOREIRA NO MUNICÍPIO DE PARAIPABA-CE.
947;1;DINAMICA EMPREENDIMENTOS E SOLUCOES LTDA;NFSE;1029;06/10/2023;82;PREFEITURA MUNICIPAL DE PARAIPABA;CR;Não;Não;Não;Não;R$ 0,00;R$ 0,00;R$ 0,00;R$ 56.748,62;R$ 56.748,62;R$ 56.748,62;REFERENTE A 6° MEDIÇÃO DO OBJETO: CONTRATAÇÃO DE EMPRESA PARA EXECUÇÃO DOS SERVIÇOS DE REFORMA E AMPLIAÇÃO DA EMEIF LUIZA BARROSO BRAGA NO MUNICÍPIO DE PARAIPABA-CE.
948;1;DINAMICA EMPREENDIMENTOS E SOLUCOES LTDA;NFSE;1030;17/10/2023;90;MUNICIPIO DE SOBRAL;CR;Não;Não;Não;Não;R$ 0,00;R$ 0,00;R$ 0,00;R$ 311.241,81;R$ 311.241,81;R$ 311.241,81;REFERENTE A 14° MEDIÇÃO DO OBJETO: CONTRATAÇÃO DE EMPRESA ESPECIALIZADA PARA CONSTRUÇÃO DE ESCOLA VERTICAL, 12 SALAS, NO BAIRRO ALTO DA BRASILIA, NO MUNICÍPIO DE DE SOBRAL / CE. PERÍODO DE: 01/09/2023 - 30/09/2023.
968;1;DINAMICA EMPREENDIMENTOS E SOLUCOES LTDA;NFSE;1053;17/10/2023;90;MUNICIPIO DE SOBRAL;CR;Não;Não;Não;Não;R$ 0,00;R$ 0,00;R$ 0,00;R$ 150.000,00;R$ 150.000,00;R$ 150.000,00;REFERENTE A 15° MEDIÇÃO DO OBJETO: CONTRATAÇÃO DE EMPRESA ESPECIALIZADA PARA CONSTRUÇÃO DE ESCOLA VERTICAL, 12 SALAS, NO BAIRRO ALTO DA BRASILIA, NO MUNICÍPIO DE DE SOBRAL / CE. PERÍODO DE: 01/10/2023 - 31/10/2023.
969;1;DINAMICA EMPREENDIMENTOS E SOLUCOES LTDA;NFSE;1054;17/10/2023;90;MUNICIPIO DE SOBRAL;CR;Não;Não;Não;Não;R$ 0,00;R$ 0,00;R$ 0,00;R$ 124.745,73;R$ 124.745,73;R$ 124.745,73;REFERENTE A 15° MEDIÇÃO DO OBJETO: CONTRATAÇÃO DE EMPRESA ESPECIALIZADA PARA CONSTRUÇÃO DE ESCOLA VERTICAL, 12 SALAS, NO BAIRRO ALTO DA BRASILIA, NO MUNICÍPIO DE DE SOBRAL / CE. PERÍODO DE: 01/10/2023 - 31/10/2023.
949;1;DINAMICA EMPREENDIMENTOS E SOLUCOES LTDA;NFSE;1031;19/10/2023;6;INSTITUTO FEDERAL DE EDUCAÇÃO, CIÊNCIA E TECNOLOGIA DO CEARÁ;CR;Não;Não;Não;Não;R$ 0,00;R$ 0,00;R$ 0,00;R$ 232.432,94;R$ 232.432,94;R$ 232.432,94;REFERENTE A 2° MEDIÇÃO DO OBJETO: CONTRATAÇÃO DA OBRA DE ENGENHARIA PARA CONSTRUÇÃO DE BLOCO DE 04 (QUATRO) SALAS NA REITORIA. CONTRATO DE OBRA DE ENGENHARIA Nº 15/2023.
950;1;DINAMICA EMPREENDIMENTOS E SOLUCOES LTDA;NFSE;1033;24/10/2023;87;FUNDO MUNICIPAL DE EDUCACAO - INFRAESTRUTURA - FME-I;CR;Não;Não;Não;Não;R$ 0,00;R$ 0,00;R$ 0,00;R$ 147.996,13;R$ 147.996,13;R$ 147.996,13;REFERENTE A 11ª MEDIÇÃO - REALIZADA NO PERÍODO DE 01/06/2023 À 30/06/2023 - OBJETO: CONTRATAÇÃO DE EMPRESA PARA EXECUÇÃO DAS OBRAS DE REFORMA DAS ESCOLAS MUNICIPAIS  E.M. JOSEFA BARROS DE ALENCAR E E.M. JOSÉ ALCIDES PINTO, NOS BAIRROS MESSEJANA E BONSUCESSO, ESPECTIVAMENTE, NO MUNICÍPIO DE FORTALEZA.. (Lote 01).
952;1;DINAMICA EMPREENDIMENTOS E SOLUCOES LTDA;NFSE;1034;27/10/2023;81;MUNICIPIO DE SENADOR POMPEU - SECRETARIA DE EDUCAÇÃO, CULTURA E DESPORTO;CR;Não;Não;Não;Não;R$ 0,00;R$ 0,00;R$ 0,00;R$ 105.990,29;R$ 105.990,29;R$ 105.990,29;4ª MEDIÇÃO - OBJETO: CONTRATAÇÃO DE EMPRESA ESPECIALIZADA PARA CONSTRUÇÃO DO ESPAÇO EDUCATIVO RURAL COM 06 SALAS DE AULA, LOCALIZADA NO DISTRITO DE SÃO JOAQUIM NO MUNICÍPIO DE SENADOR POMPEU-CE, ATRAVES DA SECRETARIA DE EDUCAÇÃO, CULTURA E DESPORTO, ATRAVÉS DA SECRETARIA DE EDUCAÇÃO, CULTURA E DESPORTO, DESTE MUNICÍPIO. CONTRATO N° SE-TP002/2022-01 SECD. TOMADA DE PREÇOS Nº SE-TP002/2022.
953;1;DINAMICA EMPREENDIMENTOS E SOLUCOES LTDA;NFSE;1035;31/10/2023;6;INSTITUTO FEDERAL DE EDUCAÇÃO, CIÊNCIA E TECNOLOGIA DO CEARÁ;CR;Não;Não;Não;Não;R$ 0,00;R$ 0,00;R$ 0,00;R$ 145.505,95;R$ 145.505,95;R$ 145.505,95;REFERENTE A 3° MEDIÇÃO DO OBJETO: CONTRATAÇÃO DA OBRA DE ENGENHARIA PARA CONSTRUÇÃO DE BLOCO DE 04 (QUATRO) SALAS NA REITORIA. CONTRATO DE OBRA DE ENGENHARIA Nº 15/2023.
954;1;DINAMICA EMPREENDIMENTOS E SOLUCOES LTDA;NFSE;1036;31/10/2023;6;INSTITUTO FEDERAL DE EDUCAÇÃO, CIÊNCIA E TECNOLOGIA DO CEARÁ;CR;Não;Não;Não;Não;R$ 0,00;R$ 0,00;R$ 0,00;R$ 40.555,19;R$ 40.555,19;R$ 40.555,19;REFERENTE A 1ª MEDIÇÃO (ADITIVO) DO OBJETO: CONTRATAÇÃO DA OBRA DE ENGENHARIA PARA CONSTRUÇÃO DE BLOCO DE 04 (QUATRO) SALAS NA REITORIA. CONTRATO DE OBRA DE ENGENHARIA Nº 15/2023
955;1;DINAMICA EMPREENDIMENTOS E SOLUCOES LTDA;NFSE;1055;06/11/2023;93;UNIVERSIDADE DA INTEGRACAO INTERNACIONAL DA LUSOFONIA AFRO-BRASILEIRA - UNILAB;CR;Não;Não;Não;Não;R$ 0,00;R$ 0,00;R$ 0,00;R$ 457.228,86;R$ 457.228,86;R$ 457.228,86;REFERENTE A 7° MEDIÇÃO DO OBJETO: CONTRATAÇÃO DE EMPRESA ESPECIALIZADA EM SERVIÇOS DE ENGENHARIA, INCLUINDO MATERIAL E MÃO DE OBRA, PARA EXECUÇÃO DO REMANESCENTE DA OBRA DE URBANIZAÇÃO DO CAMPUS DOS PALMARES DA UNILAB. TOTAL DOS VALORES SÃO REFERENTES A: R$ 412.327,25 MEDIÇÃO DE 01/09 À 31/10 E R$ 44.901,61 REAJUSTE.
956;1;DINAMICA EMPREENDIMENTOS E SOLUCOES LTDA;NFSE;1039;06/11/2023;86;MUNICIPIO DE ASSARÉ;CR;Não;Não;Não;Não;R$ 0,00;R$ 0,00;R$ 0,00;R$ 358.400,29;R$ 358.400,29;R$ 358.400,29;19ª MEDIÇÃO - OBJETO: CONTRATAÇÃO DE SERVIÇOS DE ENGENHARIA PARA A EXECUÇÃO DAS OBRAS DE REFORMA E AMPLIAÇÃO DO HOSPITAL GERAL NOSSA SENHORA DAS DORES DO MUNICÍPIO DE ASSARÉ/CE.
957;1;DINAMICA EMPREENDIMENTOS E SOLUCOES LTDA;NFSE;1040;08/11/2023;6;INSTITUTO FEDERAL DE EDUCAÇÃO, CIÊNCIA E TECNOLOGIA DO CEARÁ;CR;Não;Não;Não;Não;R$ 0,00;R$ 0,00;R$ 0,00;R$ 8.783,19;R$ 8.783,19;R$ 8.783,19;"1ª MEDIÇÃO - OBJETO: CONTRATAÇÃO DE SERVIÇO COMUM DE ENGENHARIA DE MANUTENÇÃO PREVENTIVA E CORRETIVA DAS SUBESTAÇÕES DO IFCE - GRUPO 02 - CAMPUS ACARAÚ. ""SERVIÇO DE EXECUÇÃO PREVENTIVA"" CONTRATO Nº 30 / 2023."
958;1;DINAMICA EMPREENDIMENTOS E SOLUCOES LTDA;NFSE;1042;14/11/2023;6;INSTITUTO FEDERAL DE EDUCAÇÃO, CIÊNCIA E TECNOLOGIA DO CEARÁ;CR;Não;Não;Não;Não;R$ 0,00;R$ 0,00;R$ 0,00;R$ 4.066,62;R$ 4.066,62;R$ 4.066,62;"2ª MEDIÇÃO - OBJETO: CONTRATAÇÃO DE SERVIÇO COMUM DE ENGENHARIA DE MANUTENÇÃO PREVENTIVA E CORRETIVA DAS SUBESTAÇÕES DO IFCE - GRUPO 02 - CAMPUS CAMOCIM. ""SERVIÇO DE EXECUÇÃO EMERGENCIAL"" CONTRATO Nº 30 / 2023. PROCESSO Nº 23255.001512/2023-00"
959;1;DINAMICA EMPREENDIMENTOS E SOLUCOES LTDA;NFSE;1043;14/11/2023;6;INSTITUTO FEDERAL DE EDUCAÇÃO, CIÊNCIA E TECNOLOGIA DO CEARÁ;CR;Não;Não;Não;Não;R$ 0,00;R$ 0,00;R$ 0,00;R$ 17.430,26;R$ 17.430,26;R$ 17.430,26;"3ª MEDIÇÃO - OBJETO: CONTRATAÇÃO DE SERVIÇO COMUM DE ENGENHARIA DE MANUTENÇÃO PREVENTIVA E CORRETIVA DAS SUBESTAÇÕES DO IFCE - GRUPO 02 - CAMPUS CAMOCIM. ""SERVIÇO DE EXECUÇÃO PREVENTIVA"" CONTRATO Nº 30 / 2023. PROCESSO Nº 23255.001512/2023-00."
960;1;DINAMICA EMPREENDIMENTOS E SOLUCOES LTDA;NFSE;1044;14/11/2023;6;INSTITUTO FEDERAL DE EDUCAÇÃO, CIÊNCIA E TECNOLOGIA DO CEARÁ;CR;Não;Não;Não;Não;R$ 0,00;R$ 0,00;R$ 0,00;R$ 9.773,93;R$ 9.773,93;R$ 9.773,93;"4ª MEDIÇÃO - OBJETO: CONTRATAÇÃO DE SERVIÇO COMUM DE ENGENHARIA DE MANUTENÇÃO PREVENTIVA E CORRETIVA DAS SUBESTAÇÕES DO IFCE - GRUPO 02 - CAMPUS CAMOCIM. ""SERVIÇO DE EXECUÇÃO CORRETIVA"" CONTRATO Nº 30 / 2023. PROCESSO Nº 23255.001512/2023-00."
961;1;DINAMICA EMPREENDIMENTOS E SOLUCOES LTDA;NFSE;1046;14/11/2023;6;INSTITUTO FEDERAL DE EDUCAÇÃO, CIÊNCIA E TECNOLOGIA DO CEARÁ;CR;Não;Não;Não;Não;R$ 0,00;R$ 0,00;R$ 0,00;R$ 44.149,11;R$ 44.149,11;R$ 44.149,11;"1ª MEDIÇÃO - OBJETO: CONTRATAÇÃO DE SERVIÇO COMUM DE ENGENHARIA DE MANUTENÇÃO PREVENTIVA E CORRETIVA DAS SUBESTAÇÕES DO IFCE - GRUPO 01 - CAMPUS PECEM. ""SERVIÇO DE EXECUÇÃO PREVENTIVA"" CONTRATO Nº 29 / 2023. PROCESSO Nº 23255.001512/2023-00."
962;1;DINAMICA EMPREENDIMENTOS E SOLUCOES LTDA;NFSE;1047;14/11/2023;6;INSTITUTO FEDERAL DE EDUCAÇÃO, CIÊNCIA E TECNOLOGIA DO CEARÁ;CR;Não;Não;Não;Não;R$ 0,00;R$ 0,00;R$ 0,00;R$ 18.104,74;R$ 18.104,74;R$ 18.104,74;"2ª MEDIÇÃO - OBJETO: CONTRATAÇÃO DE SERVIÇO COMUM DE ENGENHARIA DE MANUTENÇÃO PREVENTIVA E CORRETIVA DAS SUBESTAÇÕES DO IFCE - GRUPO 01 - CAMPUS PECEM. ""SERVIÇO DE EXECUÇÃO CORRETIVA"" CONTRATO Nº 29 / 2023. PROCESSO Nº 23255.001512/2023-00."
963;1;DINAMICA EMPREENDIMENTOS E SOLUCOES LTDA;NFSE;1048;14/11/2023;6;INSTITUTO FEDERAL DE EDUCAÇÃO, CIÊNCIA E TECNOLOGIA DO CEARÁ;CR;Não;Não;Não;Não;R$ 0,00;R$ 0,00;R$ 0,00;R$ 8.619,34;R$ 8.619,34;R$ 8.619,34;"1ª MEDIÇÃO - OBJETO: CONTRATAÇÃO DE SERVIÇO COMUM DE ENGENHARIA DE MANUTENÇÃO PREVENTIVA E CORRETIVA DAS SUBESTAÇÕES DO IFCE - GRUPO 03 - CAMPUS JAGUARUANA. ""SERVIÇO DE EXECUÇÃO PREVENTIVA"" CONTRATO Nº 31 / 2023. PROCESSO Nº 23255.001512/2023-00."
964;1;DINAMICA EMPREENDIMENTOS E SOLUCOES LTDA;NFSE;1049;14/11/2023;6;INSTITUTO FEDERAL DE EDUCAÇÃO, CIÊNCIA E TECNOLOGIA DO CEARÁ;CR;Não;Não;Não;Não;R$ 0,00;R$ 0,00;R$ 0,00;R$ 17.350,37;R$ 17.350,37;R$ 17.350,37;"1ª MEDIÇÃO - OBJETO: CONTRATAÇÃO DE SERVIÇO COMUM DE ENGENHARIA DE MANUTENÇÃO PREVENTIVA E CORRETIVA DAS SUBESTAÇÕES DO IFCE - GRUPO 01 - CAMPUS PARACURU. ""SERVIÇO DE EXECUÇÃO PREVENTIVA"" CONTRATO Nº 29 / 2023. PROCESSO Nº 23255.001512/2023-00."
965;1;DINAMICA EMPREENDIMENTOS E SOLUCOES LTDA;NFSE;1050;14/11/2023;6;INSTITUTO FEDERAL DE EDUCAÇÃO, CIÊNCIA E TECNOLOGIA DO CEARÁ;CR;Não;Não;Não;Não;R$ 0,00;R$ 0,00;R$ 0,00;R$ 17.429,32;R$ 17.429,32;R$ 17.429,32;"1ª MEDIÇÃO - OBJETO: CONTRATAÇÃO DE SERVIÇO COMUM DE ENGENHARIA DE MANUTENÇÃO PREVENTIVA E CORRETIVA DAS SUBESTAÇÕES DO IFCE - GRUPO 03 - CAMPUS ARACATI. ""SERVIÇO DE EXECUÇÃO PREVENTIVA"" CONTRATO Nº 31 / 2023. PROCESSO Nº 23255.001512/2023-00."
966;1;DINAMICA EMPREENDIMENTOS E SOLUCOES LTDA;NFSE;1051;16/11/2023;6;INSTITUTO FEDERAL DE EDUCAÇÃO, CIÊNCIA E TECNOLOGIA DO CEARÁ;CR;Não;Não;Não;Não;R$ 0,00;R$ 0,00;R$ 0,00;R$ 5.569,26;R$ 5.569,26;R$ 5.569,26;"1ª MEDIÇÃO - OBJETO: CONTRATAÇÃO DE SERVIÇO COMUM DE ENGENHARIA DE MANUTENÇÃO PREVENTIVA E CORRETIVA DAS SUBESTAÇÕES DO IFCE - GRUPO 02 - CAMPUS CAMOCIM. ""SERVIÇO DE EXECUÇÃO CORRETIVA"" CONTRATO Nº 30 / 2023. PROCESSO Nº 23255.001512/2023-00."
967;1;DINAMICA EMPREENDIMENTOS E SOLUCOES LTDA;NFSE;1052;16/11/2023;6;INSTITUTO FEDERAL DE EDUCAÇÃO, CIÊNCIA E TECNOLOGIA DO CEARÁ;CR;Não;Não;Não;Não;R$ 0,00;R$ 0,00;R$ 0,00;R$ 35.487,35;R$ 35.487,35;R$ 35.487,35;"1ª MEDIÇÃO - OBJETO: CONTRATAÇÃO DE SERVIÇO COMUM DE ENGENHARIA DE MANUTENÇÃO PREVENTIVA E CORRETIVA DAS SUBESTAÇÕES DO IFCE - GRUPO 03 - CAMPUS TABULEIRO DO NORTE. ""SERVIÇO DE EXECUÇÃO PREVENTIVA"" CONTRATO Nº 31 / 2023. PROCESSO Nº 23255.001512/2023-00."
970;1;DINAMICA EMPREENDIMENTOS E SOLUCOES LTDA;NFSE;1055;17/11/2023;82;PREFEITURA MUNICIPAL DE PARAIPABA;CR;Não;Não;Não;Não;R$ 0,00;R$ 0,00;R$ 0,00;R$ 21.832,43;R$ 21.832,43;R$ 21.832,43;REFERENTE A 6° MEDIÇÃO DO OBJETO: CONTRATAÇÃO DE EMPRESA PARA EXECUÇÃO DOS SERVIÇOS DE REFORMA E AMPLIAÇÃO DA EMEIF FRANCISCO CIPRIANO MOREIRA NO MUNICÍPIO DE PARAIPABA-CE.
971;1;DINAMICA EMPREENDIMENTOS E SOLUCOES LTDA;NFSE;1057;17/11/2023;82;PREFEITURA MUNICIPAL DE PARAIPABA;CR;Não;Não;Não;Não;R$ 0,00;R$ 0,00;R$ 0,00;R$ 112.273,96;R$ 112.273,96;R$ 112.273,96;REFERENTE A 7° MEDIÇÃO DO OBJETO: CONTRATAÇÃO DE EMPRESA PARA EXECUÇÃO DOS SERVIÇOS DE REFORMA E AMPLIAÇÃO DA EMEIF LUIZA BARROSO BRAGA NO MUNICÍPIO DE PARAIPABA-CE.
972;1;DINAMICA EMPREENDIMENTOS E SOLUCOES LTDA;NFSE;1058;20/11/2023;86;MUNICIPIO DE ASSARÉ;CR;Não;Não;Não;Não;R$ 0,00;R$ 0,00;R$ 0,00;R$ 32.418,80;R$ 32.418,80;R$ 32.418,80;14ª MEDIÇÃO - OBJETO: CONTRATAÇÃO DE SERVIÇOS DE ENGENHARIA PARA A EXECUÇÃO DAS OBRAS DE CONCLUSÃO DA CONSTRUÇÃO DE CRECHE PROINFÂNCIA TIPO I LOCALIZADA DA SEDE DO MUNICÍPIO DE ASSARÉ/CE. TERMO DO CONVÊNIO PAC2 Nº 5723/2013.
973;1;DINAMICA EMPREENDIMENTOS E SOLUCOES LTDA;NFSE;1059;24/11/2023;86;MUNICIPIO DE ASSARÉ;CR;Não;Não;Não;Não;R$ 0,00;R$ 0,00;R$ 0,00;R$ 124.218,32;R$ 124.218,32;R$ 124.218,32;20ª MEDIÇÃO - OBJETO: CONTRATAÇÃO DE SERVIÇOS DE ENGENHARIA PARA A EXECUÇÃO DAS OBRAS DE REFORMA E AMPLIAÇÃO DO HOSPITAL GERAL NOSSA SENHORA DAS DORES DO MUNICÍPIO DE ASSARÉ/CE.
974;1;DINAMICA EMPREENDIMENTOS E SOLUCOES LTDA;NFSE;1060;24/11/2023;77;SECRETARIA DA PROTEÇÃO SOCIAL, JUSTIÇA, CIDADANIA, MULHERES E DIREITOS HUMANOS;CR;Não;Não;Não;Não;R$ 0,00;R$ 0,00;R$ 0,00;R$ 25.445,36;R$ 25.445,36;R$ 25.445,36;REFERENTE AO PAGAMENTO DA 23ª MEDIÇÃO PARCIAL DA CONSTRUÇÃO DE 01 (UM) CENTRO DE EDUCAÇÃO INFANTIL- CEI. PADRÃO IV, NO MUNICÍPIO DE ICAPUÍ-CE. RELATIVO AO PERÍODO DE 21/08/2023 - 20/09/2023. CONFORME CONTRATO 067/2021.
975;1;DINAMICA EMPREENDIMENTOS E SOLUCOES LTDA;NFSE;1061;27/11/2023;87;FUNDO MUNICIPAL DE EDUCACAO - INFRAESTRUTURA - FME-I;CR;Não;Não;Não;Não;R$ 0,00;R$ 0,00;R$ 0,00;R$ 52.605,43;R$ 52.605,43;R$ 52.605,43;REFERENTE A 20ª MEDIÇÃO - REALIZADA NO PERÍODO DE 01/09/2023 À 30/09/2023 - OBJETO: CONTRATAÇÃO DE EMPRESA PARA EXECUÇÃO DAS OBRAS DE REFORMA DA ESCOLA MUNICIPAL FREI TITO DE ALENCAR LIMA, BAIRRO PRAIA DO FUTURO II, NO MUNICÍPIO DE FORTALEZA.
976;1;DINAMICA EMPREENDIMENTOS E SOLUCOES LTDA;NFSE;1062;27/11/2023;87;FUNDO MUNICIPAL DE EDUCACAO - INFRAESTRUTURA - FME-I;CR;Não;Não;Não;Não;R$ 0,00;R$ 0,00;R$ 0,00;R$ 4.882,02;R$ 4.882,02;R$ 4.882,02;REFERENTE AO REAJUSTE DA 20ª MEDIÇÃO - REALIZADA NO PERÍODO DE 01/09/2023 À 30/09/2023 - OBJETO: CONTRATAÇÃO DE EMPRESA PARA EXECUÇÃO DAS OBRAS DE REFORMA DA ESCOLA MUNICIPAL FREI TITO DE ALENCAR LIMA, BAIRRO PRAIA DO FUTURO II, NO MUNICÍPIO DE FORTALEZA.
977;1;DINAMICA EMPREENDIMENTOS E SOLUCOES LTDA;NFSE;1063;27/11/2023;87;FUNDO MUNICIPAL DE EDUCACAO - INFRAESTRUTURA - FME-I;CR;Não;Não;Não;Não;R$ 0,00;R$ 0,00;R$ 0,00;R$ 170.494,04;R$ 170.494,04;R$ 170.494,04;REFERENTE A 10ª MEDIÇÃO - REALIZADA NO PERÍODO DE 01/07/2023 À 31/07/2023 - OBJETO: REFORMA E AMPLIAÇÃO DA ESCOLA MUNICIPAL DIOGO VITAL DE SIQUEIRA, NO BAIRRO PREFEITO JOSÉ WALTER, MUNICÍPIO DE FORTALEZA. (Lote 01). MAPPFOR: 16 - REFORMA E AMPLIAÇÃO DE ESCOLAS MUNICIPAIS DE TEMPO INTEGRAL.
978;1;DINAMICA EMPREENDIMENTOS E SOLUCOES LTDA;NFSE;1064;27/11/2023;87;FUNDO MUNICIPAL DE EDUCACAO - INFRAESTRUTURA - FME-I;CR;Não;Não;Não;Não;R$ 0,00;R$ 0,00;R$ 0,00;R$ 88.372,33;R$ 88.372,33;R$ 88.372,33;REFERENTE A 11ª MEDIÇÃO - REALIZADA NO PERÍODO DE 01/08/2023 À 31/08/2023 - OBJETO: REFORMA E AMPLIAÇÃO DA ESCOLA MUNICIPAL DIOGO VITAL DE SIQUEIRA, NO BAIRRO PREFEITO JOSÉ WALTER, MUNICÍPIO DE FORTALEZA. (Lote 01). MAPPFOR: 16 - REFORMA E AMPLIAÇÃO DE ESCOLAS MUNICIPAIS DE TEMPO INTEGRAL.
979;1;DINAMICA EMPREENDIMENTOS E SOLUCOES LTDA;NFSE;1065;28/11/2023;92;MUNICIPIO DE CRATO - SECRETARIA MUNICIPAL DE EDUCAÇÃO;CR;Não;Não;Não;Não;R$ 0,00;R$ 0,00;R$ 66.708,83;R$ 0,00;R$ 66.708,83;R$ 66.708,83;REFERENTE A 9° MEDIÇÃO DO OBJETO: CONTRATAÇÃO DOS SERVIÇOS DE ENGENHARIA PARA CONSTRUÇÃO DE UMA ESCOLA NO DISTRITO DE MONTE ALVERNE, NO MUNICÍPIO DE CRATO/CE.
980;1;DINAMICA EMPREENDIMENTOS E SOLUCOES LTDA;NFSE;1068;01/12/2023;70;PREFEITURA MUNICIPAL DE TABULEIRO DO NORTE;CR;Não;Não;Não;Não;R$ 0,00;R$ 0,00;R$ 0,00;R$ 157.351,83;R$ 157.351,83;R$ 157.351,83;6ª MEDIÇÃO - OBJETO: CONTRATAÇÃO DE OBRAS E SERVIÇOS DE ENGENHARIA PARA OS SERVIÇOS DE DUPLICAÇÃO DA ENTRADA DA CIDADE, SEDE DO MUNICÍPIO DE TABULEIRO DO NORTE/CE. CONTRATO N° 20200318. MAPP: 4263 CONVÊNIO Nº 065 / CIDADES / 2020
981;1;DINAMICA EMPREENDIMENTOS E SOLUCOES LTDA;NFSE;1069;04/12/2023;6;INSTITUTO FEDERAL DE EDUCAÇÃO, CIÊNCIA E TECNOLOGIA DO CEARÁ;CR;Não;Não;Não;Não;R$ 0,00;R$ 0,00;R$ 0,00;R$ 4.082,48;R$ 4.082,48;R$ 4.082,48;"5ª MEDIÇÃO - OBJETO: CONTRATAÇÃO DE SERVIÇO COMUM DE ENGENHARIA DE MANUTENÇÃO PREVENTIVA E CORRETIVA DAS SUBESTAÇÕES DO IFCE - GRUPO 02 - CAMPUS CAMOCIM. ""SERVIÇO DE EXECUÇÃO EMERGENCIAL"" CONTRATO Nº 30 / 2023. PROCESSO Nº 23255.001512/2023-00"
982;1;DINAMICA EMPREENDIMENTOS E SOLUCOES LTDA;NFSE;1071;04/12/2023;95;DISTRITO SANITARIO ESPECIAL INDIGENA CEARA - DSEI/CE;CR;Não;Não;Não;Não;R$ 0,00;R$ 0,00;R$ 0,00;R$ 180.738,28;R$ 180.738,28;R$ 180.738,28;REFERENTE A 1° MEDIÇÃO DO OBJETO: CONTRATAÇÃO DA EMPRESA ESPECIALIZADA NA EXECUÇÃO DA CONSTRUÇÃO DA UNIDADE BÁSICA DE SAÚDE INDÍGENA TIPO III NA ALDEIA VILA VITORIA EM CRATEÚS/CE. CONTRATO Nº 22/2023. PROCESSO Nº 25044.000935/2019-29.
983;1;DINAMICA EMPREENDIMENTOS E SOLUCOES LTDA;NFSE;1075;06/12/2023;87;FUNDO MUNICIPAL DE EDUCACAO - INFRAESTRUTURA - FME-I;CR;Não;Não;Não;Não;R$ 0,00;R$ 0,00;R$ 0,00;R$ 246.351,47;R$ 246.351,47;R$ 246.351,47;REFERENTE A 7ª MEDIÇÃO - REALIZADA NO PERÍODO DE 01/08/2023 À 31/08/2023 - OBJETO: CONTRATAÇÃO DE EMPRESA PARA CONSTRUÇÃO DE 01 (UM) CENTRO DE EDUCAÇÃO INFANTIL - CEI NO BAIRRO MONDUBIM, MUNICÍPIO DE FORTALEZA. MAPPFOR: 8 - CONSTRUÇÃO DE CENTRO EDUCAÇÃO INFANTIL. CONTRATO Nº 031/2022  FME-I - RDC PRESENCIAL Nº 066/2022.
984;1;DINAMICA EMPREENDIMENTOS E SOLUCOES LTDA;NFSE;1076;06/12/2023;87;FUNDO MUNICIPAL DE EDUCACAO - INFRAESTRUTURA - FME-I;CR;Não;Não;Não;Não;R$ 0,00;R$ 0,00;R$ 0,00;R$ 68.388,30;R$ 68.388,30;R$ 68.388,30;REFERENTE A 8ª MEDIÇÃO - REALIZADA NO PERÍODO DE 01/09/2023 À 30/09/2023 - OBJETO: CONTRATAÇÃO DE EMPRESA PARA CONSTRUÇÃO DE 01 (UM) CENTRO DE EDUCAÇÃO INFANTIL - CEI NO BAIRRO MONDUBIM, MUNICÍPIO DE FORTALEZA. MAPPFOR: 8 - CONSTRUÇÃO DE CENTRO EDUCAÇÃO INFANTIL.
985;1;DINAMICA EMPREENDIMENTOS E SOLUCOES LTDA;NFSE;1077;06/12/2023;87;FUNDO MUNICIPAL DE EDUCACAO - INFRAESTRUTURA - FME-I;CR;Não;Não;Não;Não;R$ 0,00;R$ 0,00;R$ 0,00;R$ 84.373,21;R$ 84.373,21;R$ 84.373,21;REFERENTE A 9ª MEDIÇÃO - REALIZADA NO PERÍODO DE 01/10/2023 À 31/10/2023 - OBJETO: CONTRATAÇÃO DE EMPRESA PARA CONSTRUÇÃO DE 01 (UM) CENTRO DE EDUCAÇÃO INFANTIL - CEI NO BAIRRO MONDUBIM, MUNICÍPIO DE FORTALEZA. MAPPFOR: 8 - CONSTRUÇÃO DE CENTRO EDUCAÇÃO INFANTIL.
986;1;DINAMICA EMPREENDIMENTOS E SOLUCOES LTDA;NFSE;1078;06/12/2023;6;INSTITUTO FEDERAL DE EDUCAÇÃO, CIÊNCIA E TECNOLOGIA DO CEARÁ;CR;Não;Não;Não;Não;R$ 0,00;R$ 0,00;R$ 0,00;R$ 3.929,46;R$ 3.929,46;R$ 3.929,46;"1ª MEDIÇÃO - OBJETO: CONTRATAÇÃO DE SERVIÇO COMUM DE ENGENHARIA DE MANUTENÇÃO PREVENTIVA E CORRETIVA DAS SUBESTAÇÕES DO IFCE - GRUPO 02 - CAMPUS TAUA. ""SERVIÇO DE EXECUÇÃO CORRETIVA"" CONTRATO Nº 30 / 2023."
987;1;DINAMICA EMPREENDIMENTOS E SOLUCOES LTDA;NFSE;1079;06/12/2023;6;INSTITUTO FEDERAL DE EDUCAÇÃO, CIÊNCIA E TECNOLOGIA DO CEARÁ;CR;Não;Não;Não;Não;R$ 0,00;R$ 0,00;R$ 0,00;R$ 17.200,55;R$ 17.200,55;R$ 17.200,55;"2ª MEDIÇÃO - OBJETO: CONTRATAÇÃO DE SERVIÇO COMUM DE ENGENHARIA DE MANUTENÇÃO PREVENTIVA E CORRETIVA DAS SUBESTAÇÕES DO IFCE - GRUPO 02 - CAMPUS TAUA. ""SERVIÇO DE EXECUÇÃO CORRETIVA"" CONTRATO Nº 30 / 2023."
988;1;DINAMICA EMPREENDIMENTOS E SOLUCOES LTDA;NFSE;1080;12/12/2023;86;MUNICIPIO DE ASSARÉ;CR;Não;Não;Não;Não;R$ 0,00;R$ 0,00;R$ 0,00;R$ 155.103,42;R$ 155.103,42;R$ 155.103,42;21ª MEDIÇÃO - OBJETO: CONTRATAÇÃO DE SERVIÇOS DE ENGENHARIA PARA A EXECUÇÃO DAS OBRAS DE REFORMA E AMPLIAÇÃO DO HOSPITAL GERAL NOSSA SENHORA DAS DORES DO MUNICÍPIO DE ASSARÉ/CE.
989;1;DINAMICA EMPREENDIMENTOS E SOLUCOES LTDA;NFSE;1082;13/12/2023;77;SECRETARIA DA PROTEÇÃO SOCIAL, JUSTIÇA, CIDADANIA, MULHERES E DIREITOS HUMANOS;CR;Não;Não;Não;Não;R$ 0,00;R$ 0,00;R$ 0,00;R$ 24.181,90;R$ 24.181,90;R$ 24.181,90;REFERENTE AO PAGAMENTO DO REAJUSTE DA 8ª MEDIÇÃO PARCIAL DA CONSTRUÇÃO DE 01 (UM) CENTRO DE EDUCAÇÃO INFANTIL - CEI. PADRÃO IV, NO MUNICÍPIO DE CASCAVEL - CE. RELATIVO AO PERÍODO DE 21/07/2022 A 20/08/2022. CONFORME CONTRATO 114/2021.
990;1;DINAMICA EMPREENDIMENTOS E SOLUCOES LTDA;NFSE;1083;13/12/2023;77;SECRETARIA DA PROTEÇÃO SOCIAL, JUSTIÇA, CIDADANIA, MULHERES E DIREITOS HUMANOS;CR;Não;Não;Não;Não;R$ 0,00;R$ 0,00;R$ 0,00;R$ 19.488,71;R$ 19.488,71;R$ 19.488,71;REFERENTE AO PAGAMENTO DO REAJUSTE DA 10ª E 11ª MEDIÇÃO PARCIAIS DA CONSTRUÇÃO DE 01 (UM) CENTRO DE EDUCAÇÃO INFANTIL - CEI. PADRÃO IV, NO MUNICÍPIO DE ICAPUI - CE. RELATIVO AO PERÍODO DE 21/07/2022 A 20/09/2022. CONFORME CONTRATO 067/2021.
991;1;DINAMICA EMPREENDIMENTOS E SOLUCOES LTDA;NFSE;1084;13/12/2023;6;INSTITUTO FEDERAL DE EDUCAÇÃO, CIÊNCIA E TECNOLOGIA DO CEARÁ;CR;Não;Não;Não;Não;R$ 0,00;R$ 0,00;R$ 0,00;R$ 8.791,38;R$ 8.791,38;R$ 8.791,38;"1ª MEDIÇÃO - OBJETO: CONTRATAÇÃO DE SERVIÇO COMUM DE ENGENHARIA DE MANUTENÇÃO PREVENTIVA E CORRETIVA DAS SUBESTAÇÕES DO IFCE - GRUPO 01 - CAMPUS POLO DE INOVAÇÃO. ""SERVIÇO DE EXECUÇÃO PREVENTIVA"" CONTRATO Nº 29 / 2023. PROCESSO Nº 23255.001512/2023-00."
992;1;DINAMICA EMPREENDIMENTOS E SOLUCOES LTDA;NFSE;1086;14/12/2023;81;MUNICIPIO DE SENADOR POMPEU - SECRETARIA DE EDUCAÇÃO, CULTURA E DESPORTO;CR;Não;Não;Não;Não;R$ 0,00;R$ 0,00;R$ 0,00;R$ 294.940,22;R$ 294.940,22;R$ 294.940,22;6ª MEDIÇÃO - OBJETO: CONTRATAÇÃO DE EMPRESA ESPECIALIZADA PARA A CONSTRUÇÃO DE UM GALPÃO INDUSTRIAL NO MUNICÍPIO DE SENADOR POMPEU-CE, ATRAVÉS DA SECRETARIA DE INFRAESTRUTURA, DESTE MUNICÍPIO.
265;1;DINAMICA EMPREENDIMENTOS E SOLUCOES LTDA;NFSE;1090;18/12/2023;46;INSTITUTO FEDERAL DE EDUCAÇÃO, CIÊNCIA E TECNOLOGIA DO CEARÁ;CR;Não;Não;Não;Não;R$ 0,00;R$ 0,00;R$ 0,00;R$ 6.147,41;R$ 6.147,41;R$ 6.147,41;"1ª MEDIÇÃO - OBJETO: CONTRATAÇÃO DE SERVIÇO COMUM DE ENGENHARIA PARA MANUTENÇÃO PREVENTIVA, CORRETIVA E AJUSTES DAS SUBESTAÇÕES, QUADROS GERAIS E DEMAIS EQUIPAMENTOS ELÉTRICOS - CAMPUS SOBRAL. ""SERVIÇO EXECUÇÃO PREVENTIVA"" CONTRATO Nº 18/2019."
993;1;DINAMICA EMPREENDIMENTOS E SOLUCOES LTDA;NFSE;1087;18/12/2023;93;UNIVERSIDADE DA INTEGRACAO INTERNACIONAL DA LUSOFONIA AFRO-BRASILEIRA - UNILAB;CR;Não;Não;Não;Não;R$ 0,00;R$ 0,00;R$ 0,00;R$ 176.719,75;R$ 176.719,75;R$ 176.719,75;REFERENTE A 8° MEDIÇÃO DO OBJETO: CONTRATAÇÃO DE EMPRESA ESPECIALIZADA EM SERVIÇOS DE ENGENHARIA, INCLUINDO MATERIAL E MÃO DE OBRA, PARA EXECUÇÃO DO REMANESCENTE DA OBRA DE URBANIZAÇÃO DO CAMPUS DOS PALMARES DA UNILAB. TOTAL DOS VALORES SÃO REFERENTES A: R$ 159.365,20 MEDIÇÃO DE 01/11/2023 À 30/11/2023 E R$ 17.354,55 REAJUSTE. CONTRATO Nº 30/2022. PROCESSO Nº 23282.019401/2022-33.
994;1;DINAMICA EMPREENDIMENTOS E SOLUCOES LTDA;NFSE;1088;18/12/2023;77;SECRETARIA DA PROTEÇÃO SOCIAL, JUSTIÇA, CIDADANIA, MULHERES E DIREITOS HUMANOS;CR;Não;Não;Não;Não;R$ 0,00;R$ 0,00;R$ 0,00;R$ 37.691,40;R$ 37.691,40;R$ 37.691,40;REFERENTE AO PAGAMENTO DO REAJUSTE DA 12ª E 13ª MEDIÇÃO PARCIAIS DA CONSTRUÇÃO DE 01 (UM) CENTRO DE EDUCAÇÃO INFANTIL - CEI. PADRÃO IV, NO MUNICÍPIO DE ICAPUI - CE. RELATIVO AO PERÍODO DE 21/09/2022 A 20/11/2022. CONFORME CONTRATO 067/2021.
995;1;DINAMICA EMPREENDIMENTOS E SOLUCOES LTDA;NFSE;1089;18/12/2023;77;SECRETARIA DA PROTEÇÃO SOCIAL, JUSTIÇA, CIDADANIA, MULHERES E DIREITOS HUMANOS;CR;Não;Não;Não;Não;R$ 0,00;R$ 0,00;R$ 0,00;R$ 33.580,47;R$ 33.580,47;R$ 33.580,47;REFERENTE AO PAGAMENTO DO REAJUSTE DAS MEDIÇÕES PARCIAIS DA CONSTRUÇÃO DE 01 (UM) CENTRO DE EDUCAÇÃO INFANTIL - CEI. PADRÃO IV, NO MUNICÍPIO DE ICAPUI - CE. CONFORME CONTRATO 067/2021.
996;1;DINAMICA EMPREENDIMENTOS E SOLUCOES LTDA;NFSE;1091;18/12/2023;86;MUNICIPIO DE ASSARÉ;CR;Não;Não;Não;Não;R$ 0,00;R$ 0,00;R$ 0,00;R$ 510.183,19;R$ 510.183,19;R$ 510.183,19;1ª MEDIÇÃO - OBJETO: CONTRATAÇÃO DE SERVIÇOS PARA A EXECUÇÃO DAS OBRAS DE RECUPERAÇÃO DO MATADOURO PÚBLICO MUNICIPAL, ATRAVÉS DA SECRETARIA DE INFRAESTRUTURA DE ASSARÉ/CE.
997;1;DINAMICA EMPREENDIMENTOS E SOLUCOES LTDA;NFSE;1092;18/12/2023;6;INSTITUTO FEDERAL DE EDUCAÇÃO, CIÊNCIA E TECNOLOGIA DO CEARÁ;CR;Não;Não;Não;Não;R$ 0,00;R$ 0,00;R$ 0,00;R$ 8.625,85;R$ 8.625,85;R$ 8.625,85;"1ª MEDIÇÃO - OBJETO: CONTRATAÇÃO DE SERVIÇO COMUM DE ENGENHARIA DE MANUTENÇÃO PREVENTIVA E CORRETIVA DAS SUBESTAÇÕES DO IFCE - GRUPO 04 - CAMPUS CEDRO. ""SERVIÇO DE EXECUÇÃO PRENTIVA"" CONTRATO Nº 32 / 2023."
998;1;DINAMICA EMPREENDIMENTOS E SOLUCOES LTDA;NFSE;1093;18/12/2023;6;INSTITUTO FEDERAL DE EDUCAÇÃO, CIÊNCIA E TECNOLOGIA DO CEARÁ;CR;Não;Não;Não;Não;R$ 0,00;R$ 0,00;R$ 0,00;R$ 8.951,81;R$ 8.951,81;R$ 8.951,81;"1ª MEDIÇÃO - OBJETO: CONTRATAÇÃO DE SERVIÇO COMUM DE ENGENHARIA DE MANUTENÇÃO PREVENTIVA E CORRETIVA DAS SUBESTAÇÕES DO IFCE - GRUPO 02 - CAMPUS CANINDÉ. ""SERVIÇO DE EXECUÇÃO PRENTIVA"" CONTRATO Nº 30 / 2023."
999;1;DINAMICA EMPREENDIMENTOS E SOLUCOES LTDA;NFSE;1094;18/12/2023;6;INSTITUTO FEDERAL DE EDUCAÇÃO, CIÊNCIA E TECNOLOGIA DO CEARÁ;CR;Não;Não;Não;Não;R$ 0,00;R$ 0,00;R$ 0,00;R$ 2.832,00;R$ 2.832,00;R$ 2.832,00;"1ª MEDIÇÃO - OBJETO: CONTRATAÇÃO DE SERVIÇO COMUM DE ENGENHARIA DE MANUTENÇÃO PREVENTIVA E CORRETIVA DAS SUBESTAÇÕES DO IFCE - GRUPO 02 - CAMPUS CRATEÚS. ""SERVIÇO DE EXECUÇÃO EMERGENCIAL"" CONTRATO Nº 30 / 2023"
1000;1;DINAMICA EMPREENDIMENTOS E SOLUCOES LTDA;NFSE;1095;18/12/2023;96;DEPARTAMENTO DE POLICIA RODOVIÁRIA FEDERAL;CR;Não;Não;Não;Não;R$ 0,00;R$ 0,00;R$ 0,00;R$ 91.238,83;R$ 91.238,83;R$ 91.238,83;REFERENTE A 1° MEDIÇÃO DO OBJETO: CONSTRUÇÃO DA UNIDADE OPERACIONAL DA POLÍCIA RODOVIÁRIA FEDERAL EM POCINHOS / PB. CONTRATO Nº 78 / 2022. PROCESSO Nº 08650.037267/2022-23.
1001;1;DINAMICA EMPREENDIMENTOS E SOLUCOES LTDA;NFSE;1096;19/12/2023;82;PREFEITURA MUNICIPAL DE PARAIPABA;CR;Não;Não;Não;Não;R$ 0,00;R$ 0,00;R$ 0,00;R$ 135.483,44;R$ 135.483,44;R$ 135.483,44;REFERENTE A 7° MEDIÇÃO DO OBJETO: CONTRATAÇÃO DE EMPRESA PARA EXECUÇÃO DOS SERVIÇOS DE REFORMA E AMPLIAÇÃO DA EMEIF FRANCISCO CIPRIANO MOREIRA NO MUNICÍPIO DE PARAIPABA-CE.
1002;1;DINAMICA EMPREENDIMENTOS E SOLUCOES LTDA;NFSE;1097;19/12/2023;82;PREFEITURA MUNICIPAL DE PARAIPABA;CR;Não;Não;Não;Não;R$ 0,00;R$ 0,00;R$ 0,00;R$ 31.886,77;R$ 31.886,77;R$ 31.886,77;REFERENTE A 8° MEDIÇÃO DO OBJETO: CONTRATAÇÃO DE EMPRESA PARA EXECUÇÃO DOS SERVIÇOS DE REFORMA E AMPLIAÇÃO DA EMEIF LUIZA BARROSO BRAGA NO MUNICÍPIO DE PARAIPABA-CE.
1003;1;DINAMICA EMPREENDIMENTOS E SOLUCOES LTDA;NFSE;1098;21/12/2023;77;SECRETARIA DA PROTEÇÃO SOCIAL, JUSTIÇA, CIDADANIA, MULHERES E DIREITOS HUMANOS;CR;Não;Não;Não;Não;R$ 0,00;R$ 0,00;R$ 0,00;R$ 211.390,23;R$ 211.390,23;R$ 211.390,23;REFERENTE AO PAGAMENTO DA 15ª MEDIÇÃO DA CONSTRUÇÃO DE 01 (UM) CENTRO DE EDUCAÇÃO INFANTIL - CEI - PADRÃO IV, NO MUNICÍPIO DE CANINDÉ/CE. RELATIVO AO PERÍODO DE 21/10/2023 a 20/11/2023. CONFORME CONTRATO Nº 060/2022.
1004;1;DINAMICA EMPREENDIMENTOS E SOLUCOES LTDA;NFSE;1099;21/12/2023;6;INSTITUTO FEDERAL DE EDUCAÇÃO, CIÊNCIA E TECNOLOGIA DO CEARÁ;CR;Não;Não;Não;Não;R$ 0,00;R$ 0,00;R$ 0,00;R$ 11.901,57;R$ 11.901,57;R$ 11.901,57;"1ª MEDIÇÃO - OBJETO: CONTRATAÇÃO DE SERVIÇO COMUM DE ENGENHARIA DE MANUTENÇÃO PREVENTIVA E CORRETIVA DAS SUBESTAÇÕES DO IFCE - GRUPO 03 - CAMPUS ARACATI. ""SERVIÇO DE EXECUÇÃO CORRETIVA"""
1005;1;DINAMICA EMPREENDIMENTOS E SOLUCOES LTDA;NFSE;1100;21/12/2023;6;INSTITUTO FEDERAL DE EDUCAÇÃO, CIÊNCIA E TECNOLOGIA DO CEARÁ;CR;Não;Não;Não;Não;R$ 0,00;R$ 0,00;R$ 0,00;R$ 12.990,06;R$ 12.990,06;R$ 12.990,06;"3ª MEDIÇÃO - OBJETO: CONTRATAÇÃO DE SERVIÇO COMUM DE ENGENHARIA DE MANUTENÇÃO PREVENTIVA E CORRETIVA DAS SUBESTAÇÕES DO IFCE - GRUPO 03 - CAMPUS ARACATI. ""SERVIÇO DE EXECUÇÃO CORRETIVA"""
1006;1;DINAMICA EMPREENDIMENTOS E SOLUCOES LTDA;NFSE;1101;21/12/2023;6;INSTITUTO FEDERAL DE EDUCAÇÃO, CIÊNCIA E TECNOLOGIA DO CEARÁ;CR;Não;Não;Não;Não;R$ 0,00;R$ 0,00;R$ 0,00;R$ 2.503,04;R$ 2.503,04;R$ 2.503,04;"1ª MEDIÇÃO - OBJETO: CONTRATAÇÃO DE SERVIÇO COMUM DE ENGENHARIA DE MANUTENÇÃO PREVENTIVA E CORRETIVA DAS SUBESTAÇÕES DO IFCE - GRUPO 03 - CAMPUS JAGUARIBE. ""SERVIÇO DE EXECUÇÃO EMERGENCIAL"""
1007;1;DINAMICA EMPREENDIMENTOS E SOLUCOES LTDA;NFSE;1102;21/12/2023;86;MUNICIPIO DE ASSARÉ;CR;Não;Não;Não;Não;R$ 0,00;R$ 0,00;R$ 0,00;R$ 307.849,60;R$ 307.849,60;R$ 307.849,60;22ª MEDIÇÃO - OBJETO: CONTRATAÇÃO DE SERVIÇOS DE ENGENHARIA PARA A EXECUÇÃO DAS OBRAS DE REFORMA E AMPLIAÇÃO DO HOSPITAL GERAL NOSSA SENHORA DAS DORES DO MUNICÍPIO DE ASSARÉ/CE.
1008;1;DINAMICA EMPREENDIMENTOS E SOLUCOES LTDA;NFSE;1103;22/12/2023;6;INSTITUTO FEDERAL DE EDUCAÇÃO, CIÊNCIA E TECNOLOGIA DO CEARÁ;CR;Não;Não;Não;Não;R$ 0,00;R$ 0,00;R$ 0,00;R$ 8.556,21;R$ 8.556,21;R$ 8.556,21;"1ª MEDIÇÃO - OBJETO: CONTRATAÇÃO DE SERVIÇO COMUM DE ENGENHARIA DE MANUTENÇÃO PREVENTIVA E CORRETIVA DAS SUBESTAÇÕES DO IFCE - CAMPUS REITORIA. ""SERVIÇO DE EXECUÇÃO PREVENTIVA"""
1009;1;DINAMICA EMPREENDIMENTOS E SOLUCOES LTDA;NFSE;1104;22/12/2023;6;INSTITUTO FEDERAL DE EDUCAÇÃO, CIÊNCIA E TECNOLOGIA DO CEARÁ;CR;Não;Não;Não;Não;R$ 0,00;R$ 0,00;R$ 0,00;R$ 8.724,07;R$ 8.724,07;R$ 8.724,07;"1ª MEDIÇÃO - OBJETO: CONTRATAÇÃO DE SERVIÇO COMUM DE ENGENHARIA DE MANUTENÇÃO PREVENTIVA E CORRETIVA DAS SUBESTAÇÕES DO IFCE - GRUPO 04 - CAMPUS ACOPIARA. ""SERVIÇO DE EXECUÇÃO PRENTIVA"""
1010;1;DINAMICA EMPREENDIMENTOS E SOLUCOES LTDA;NFSE;1105;22/12/2023;77;SECRETARIA DA PROTEÇÃO SOCIAL, JUSTIÇA, CIDADANIA, MULHERES E DIREITOS HUMANOS;CR;Não;Não;Não;Não;R$ 0,00;R$ 0,00;R$ 0,00;R$ 291.603,62;R$ 291.603,62;R$ 291.603,62;REFERENTE AO PAGAMENTO DA 21ª MEDIÇÃO PARCIAL DA CONSTRUÇÃO DE 01 (UM) CENTRO DE EDUCAÇÃO INFANTIL - CEI. PADRÃO IV, NO MUNICÍPIO DE CASCAVEL - CE. RELATIVO AO PERÍODO DE 21/09/2023 - 20/10/2023. CONFORME CONTRATO 114/2021.
1011;1;DINAMICA EMPREENDIMENTOS E SOLUCOES LTDA;NFSE;1106;22/12/2023;6;INSTITUTO FEDERAL DE EDUCAÇÃO, CIÊNCIA E TECNOLOGIA DO CEARÁ;CR;Não;Não;Não;Não;R$ 0,00;R$ 0,00;R$ 0,00;R$ 17.743,12;R$ 17.743,12;R$ 17.743,12;"1ª MEDIÇÃO - OBJETO: CONTRATAÇÃO DE SERVIÇO COMUM DE ENGENHARIA DE MANUTENÇÃO PREVENTIVA E CORRETIVA DAS SUBESTAÇÕES DO IFCE - GRUPO 01 - CAMPUS CAUCAIA. ""SERVIÇO DE EXECUÇÃO PREVENTIVA"""
1012;1;DINAMICA EMPREENDIMENTOS E SOLUCOES LTDA;NFSE;1107;28/12/2023;70;PREFEITURA MUNICIPAL DE TABULEIRO DO NORTE;CR;Não;Não;Não;Não;R$ 0,00;R$ 0,00;R$ 0,00;R$ 210.388,77;R$ 210.388,77;R$ 210.388,77;7ª MEDIÇÃO - OBJETO: CONTRATAÇÃO DE OBRAS E SERVIÇOS DE ENGENHARIA PARA OS SERVIÇOS DE DUPLICAÇÃO DA ENTRADA DA CIDADE, SEDE DO MUNICÍPIO DE TABULEIRO DO NORTE/CE. CONTRATO N° 20200318. MAPP: 4263 CONVÊNIO Nº 065 / CIDADES / 2020
1013;1;DINAMICA EMPREENDIMENTOS E SOLUCOES LTDA;NFSE;1108;28/12/2023;90;MUNICIPIO DE SOBRAL;CR;Não;Não;Não;Não;R$ 0,00;R$ 0,00;R$ 0,00;R$ 100.637,84;R$ 100.637,84;R$ 100.637,84;REFERENTE A 16° MEDIÇÃO DO OBJETO: CONTRATAÇÃO DE EMPRESA ESPECIALIZADA PARA CONSTRUÇÃO DE ESCOLA VERTICAL, 12 SALAS, NO BAIRRO ALTO DA BRASILIA, NO MUNICÍPIO DE DE SOBRAL / CE. PERÍODO DE: 01/11/2023 - 30/11/2023. CONTRATO Nº 0094 / 2022 - SME.
1014;1;DINAMICA EMPREENDIMENTOS E SOLUCOES LTDA;NFSE;1109;28/12/2023;90;MUNICIPIO DE SOBRAL;CR;Não;Não;Não;Não;R$ 0,00;R$ 0,00;R$ 0,00;R$ 90.000,00;R$ 90.000,00;R$ 90.000,00;REFERENTE A 16° MEDIÇÃO DO OBJETO: CONTRATAÇÃO DE EMPRESA ESPECIALIZADA PARA CONSTRUÇÃO DE ESCOLA VERTICAL, 12 SALAS, NO BAIRRO ALTO DA BRASILIA, NO MUNICÍPIO DE DE SOBRAL / CE. PERÍODO DE: 01/11/2023 - 30/11/2023. CONTRATO Nº 0094 / 2022 - SME.
1015;1;DINAMICA EMPREENDIMENTOS E SOLUCOES LTDA;NFSE;1110;18/01/2024;6;INSTITUTO FEDERAL DE EDUCAÇÃO, CIÊNCIA E TECNOLOGIA DO CEARÁ;CR;Não;Não;Não;Não;R$ 0,00;R$ 0,00;R$ 0,00;R$ 26.102,64;R$ 26.102,64;R$ 26.102,64;"1ª MEDIÇÃO - OBJETO: CONTRATAÇÃO DE SERVIÇO COMUM DE ENGENHARIA DE MANUTENÇÃO PREVENTIVA E CORRETIVA DAS SUBESTAÇÕES DO IFCE - GRUPO 03 - CAMPUS QUIXADÁ.""SERVIÇO DE EXECUÇÃO PREVENTIVA"""
1032;1;DINAMICA EMPREENDIMENTOS E SOLUCOES LTDA;NFSE;1111;22/01/2024;86;MUNICIPIO DE ASSARÉ;CR;Não;Não;Não;Não;R$ 0,00;R$ 0,00;R$ 0,00;R$ 108.736,20;R$ 108.736,20;R$ 108.736,20;15ª MEDIÇÃO - OBJETO: CONTRATAÇÃO DE SERVIÇOS DE ENGENHARIA PARA A EXECUÇÃO DAS OBRAS DE CONCLUSÃO DA CONSTRUÇÃO DE CRECHE PROINFÂNCIA TIPO I LOCALIZADA DA SEDE DO MUNICÍPIO DE ASSARÉ/CE. TERMO DO CONVÊNIO PAC2 Nº 5723/2013
1033;1;DINAMICA EMPREENDIMENTOS E SOLUCOES LTDA;NFSE;1112;29/01/2024;6;INSTITUTO FEDERAL DE EDUCAÇÃO, CIÊNCIA E TECNOLOGIA DO CEARÁ;CR;Não;Não;Não;Não;R$ 0,00;R$ 0,00;R$ 0,00;R$ 8.491,68;R$ 8.491,68;R$ 8.491,68;"1ª MEDIÇÃO - OBJETO: CONTRATAÇÃO DE SERVIÇO COMUM DE ENGENHARIA DE MANUTENÇÃO PREVENTIVA E CORRETIVA DAS SUBESTAÇÕES DO IFCE - GRUPO 04 - CAMPUS MOMBAÇA. ""SERVIÇO DE EXECUÇÃO PRENTIVA"" CONTRATO Nº 32 / 2023. PROCESSO Nº 23255.001512/2023-00."
1020;1;DINAMICA EMPREENDIMENTOS E SOLUCOES LTDA;NFSE;1113;01/02/2024;86;MUNICIPIO DE ASSARÉ;CR;Não;Não;Não;Não;R$ 0,00;R$ 0,00;R$ 0,00;R$ 77.731,97;R$ 77.731,97;R$ 77.731,97;23ª MEDIÇÃO - OBJETO: CONTRATAÇÃO DE SERVIÇOS DE ENGENHARIA PARA A EXECUÇÃO DAS OBRAS DE REFORMA E AMPLIAÇÃO DO HOSPITAL GERAL NOSSA SENHORA DAS DORES DO MUNICÍPIO DE ASSARÉ/CE.
1034;1;DINAMICA EMPREENDIMENTOS E SOLUCOES LTDA;NFSE;1114;08/02/2024;90;MUNICIPIO DE SOBRAL;CR;Não;Não;Não;Não;R$ 0,00;R$ 0,00;R$ 0,00;R$ 199.688,88;R$ 199.688,88;R$ 199.688,88;REFERENTE A 17° MEDIÇÃO DO OBJETO: CONTRATAÇÃO DE EMPRESA ESPECIALIZADA PARA CONSTRUÇÃO DE ESCOLA VERTICAL, 12 SALAS, NO BAIRRO ALTO DA BRASILIA, NO MUNICÍPIO DE DE SOBRAL / CE. PERÍODO DE: 01/12/2023 - 31/12/2023. CONTRATO Nº 0094 / 2022 - SME. CONCORRÊNCIA PÚBLICA Nº CP22003 - SME.
1035;1;DINAMICA EMPREENDIMENTOS E SOLUCOES LTDA;NFSE;1115;08/02/2024;93;UNIVERSIDADE DA INTEGRACAO INTERNACIONAL DA LUSOFONIA AFRO-BRASILEIRA - UNILAB;CR;Não;Não;Não;Não;R$ 0,00;R$ 0,00;R$ 0,00;R$ 180.361,55;R$ 180.361,55;R$ 180.361,55;REFERENTE A 9° MEDIÇÃO DO OBJETO: CONTRATAÇÃO DE EMPRESA ESPECIALIZADA EM SERVIÇOS DE ENGENHARIA, INCLUINDO MATERIAL E MÃO DE OBRA, PARA EXECUÇÃO DO REMANESCENTE DA OBRA DE URBANIZAÇÃO DO CAMPUS DOS PALMARES DA UNILAB. TOTAL DOS VALORES SÃO REFERENTES A: R$ 162.649,36 MEDIÇÃO DE 01/12/2023 À 28/01/2024 E R$ 17.712,19 REAJUSTE. CONTRATO Nº 30/2022. PROCESSO Nº 23282.019401/2022-33.
1017;1;DINAMICA EMPREENDIMENTOS E SOLUCOES LTDA;NFSE;1116;15/02/2024;86;MUNICIPIO DE ASSARÉ;CR;Não;Não;Não;Não;R$ 0,00;R$ 0,00;R$ 0,00;R$ 1.219.589,95;R$ 1.219.589,95;R$ 1.219.589,95;1ª MEDIÇÃO OBJETO: CONTRATAÇÃO DE SERVIÇOS PARA EXECUÇÃO DAS OBRAS DE CONSTRUÇÃO DE UNIDADE ESCOLAR COM 12 SALAS DE AULA COM QUADRA POLIESPORTIVA COBERTA - MODELO FNDE, PARA ATENDER AS NECESSIDADES DA SECRETARIA MUNICIPAL DE EDUCAÇÃO DE ASSARÉ/CE.
1016;1;DINAMICA EMPREENDIMENTOS E SOLUCOES LTDA;NFSE;1117;19/02/2024;91;MUNICIPIO DE JUCAS - SECRETARIA MUNICIPAL DE EDUCACAO;CR;Não;Não;Não;Não;R$ 0,00;R$ 0,00;R$ 0,00;R$ 283.790,69;R$ 283.790,69;R$ 283.790,69;5ª MEDIÇÃO - OBJETO: CONTRATAÇÃO DE EMPRESA PARA EXECUÇÃO DE SERVIÇOS DE CONSTRUÇÃO DE UMA ESCOLA COM 12 SALAS DE AULA ? PADRÃO FNDE, DE ACORDO COM AS ESPECIFICAÇÕES CONTIDAS NO PROJETO BÁSICO EM ANEXO, DE RESPONSABILIDADE DA SECRETARIA MUNICIPAL DE EDUCAÇÃO CONTRATO N° 001/2022.
1036;1;DINAMICA EMPREENDIMENTOS E SOLUCOES LTDA;NFSE;1118;21/02/2024;6;INSTITUTO FEDERAL DE EDUCAÇÃO, CIÊNCIA E TECNOLOGIA DO CEARÁ;CR;Não;Não;Não;Não;R$ 0,00;R$ 0,00;R$ 0,00;R$ 25.501,95;R$ 25.501,95;R$ 25.501,95;"1ª MEDIÇÃO - OBJETO: CONTRATAÇÃO DE SERVIÇO COMUM DE ENGENHARIA DE MANUTENÇÃO PREVENTIVA E CORRETIVA DAS SUBESTAÇÕES DO IFCE - GRUPO 01 - CAMPUS FORTALEZA. ""SERVIÇO DE EXECUÇÃO PREVENTIVA"" CONTRATO Nº 29 / 2023. PROCESSO Nº 23255.001512/2023-00."
1037;1;DINAMICA EMPREENDIMENTOS E SOLUCOES LTDA;NFSE;1119;26/02/2024;6;INSTITUTO FEDERAL DE EDUCAÇÃO, CIÊNCIA E TECNOLOGIA DO CEARÁ;CR;Não;Não;Não;Não;R$ 0,00;R$ 0,00;R$ 0,00;R$ 8.817,28;R$ 8.817,28;R$ 8.817,28;"1ª MEDIÇÃO - OBJETO: CONTRATAÇÃO DE SERVIÇO COMUM DE ENGENHARIA DE MANUTENÇÃO PREVENTIVA E CORRETIVA DAS SUBESTAÇÕES DO IFCE - GRUPO 02 - CAMPUS BOA VIAGEM. ""SERVIÇO DE EXECUÇÃO PREVENTIVA"" CONTRATO Nº 30 / 2023. PROCESSO Nº 23255.001512/2023-00."
1038;1;DINAMICA EMPREENDIMENTOS E SOLUCOES LTDA;NFSE;1120;26/02/2024;6;INSTITUTO FEDERAL DE EDUCAÇÃO, CIÊNCIA E TECNOLOGIA DO CEARÁ;CR;Não;Não;Não;Não;R$ 0,00;R$ 0,00;R$ 0,00;R$ 8.699,01;R$ 8.699,01;R$ 8.699,01;"2ª MEDIÇÃO - OBJETO: CONTRATAÇÃO DE SERVIÇO COMUM DE ENGENHARIA DE MANUTENÇÃO PREVENTIVA E CORRETIVA DAS SUBESTAÇÕES DO IFCE - GRUPO 02 - CAMPUS CRATEÚS. ""SERVIÇO DE EXECUÇÃO PREVENTIVA"" CONTRATO Nº 30 / 2023. PROCESSO Nº 23255.001512/2023-00."
1018;1;DINAMICA EMPREENDIMENTOS E SOLUCOES LTDA;NFSE;1121;27/02/2024;82;PREFEITURA MUNICIPAL DE PARAIPABA;CR;Não;Não;Não;Não;R$ 0,00;R$ 0,00;R$ 0,00;R$ 260.259,83;R$ 260.259,83;R$ 260.259,83;REFERENTE A 9° MEDIÇÃO DO OBJETO: CONTRATAÇÃO DE EMPRESA PARA EXECUÇÃO DOS SERVIÇOS DE REFORMA E AMPLIAÇÃO DA EMEIF LUIZA BARROSO BRAGA NO MUNICÍPIO DE PARAIPABA-CE.
1039;1;DINAMICA EMPREENDIMENTOS E SOLUCOES LTDA;NFSE;1122;29/02/2024;87;FUNDO MUNICIPAL DE EDUCACAO - INFRAESTRUTURA - FME-I;CR;Não;Não;Não;Não;R$ 0,00;R$ 0,00;R$ 0,00;R$ 405.553,95;R$ 405.553,95;R$ 405.553,95;REFERENTE A 12ª MEDIÇÃO - REALIZADA NO PERÍODO DE 01/101/2024 À 31/01/2024 - OBJETO: CONTRATAÇÃO DE EMPRESA PARA CONSTRUÇÃO DE 01 (UM) CENTRO DE EDUCAÇÃO INFANTIL - CEI NO BAIRRO MONDUBIM, MUNICÍPIO DE FORTALEZA. MAPPFOR: 8 - CONSTRUÇÃO DE CENTRO EDUCAÇÃO INFANTIL. CONTRATO Nº 031/2022  FME-I - RDC PRESENCIAL Nº 066/2022.
1040;1;DINAMICA EMPREENDIMENTOS E SOLUCOES LTDA;NFSE;1124;29/02/2024;87;FUNDO MUNICIPAL DE EDUCACAO - INFRAESTRUTURA - FME-I;CR;Não;Não;Não;Não;R$ 0,00;R$ 0,00;R$ 0,00;R$ 14.467,02;R$ 14.467,02;R$ 14.467,02;REFERENTE AO REAJUSTE DA 12ª MEDIÇÃO - REALIZADA NO PERÍODO DE 01/01/2024 À 31/01/2024 - OBJETO: CONTRATAÇÃO DE EMPRESA PARA CONSTRUÇÃO DE 01 (UM) CENTRO DE EDUCAÇÃO INFANTIL - CEI NO BAIRRO MONDUBIM, MUNICÍPIO DE FORTALEZA. MAPPFOR: 8 - CONSTRUÇÃO DE CENTRO EDUCAÇÃO INFANTIL. CONTRATO Nº 031/2022  FME-I - RDC PRESENCIAL Nº 066/2022.
1041;1;DINAMICA EMPREENDIMENTOS E SOLUCOES LTDA;NFSE;1125;01/03/2024;90;MUNICIPIO DE SOBRAL;CR;Não;Não;Não;Não;R$ 0,00;R$ 0,00;R$ 0,00;R$ 286.435,39;R$ 286.435,39;R$ 286.435,39;REFERENTE A 18° MEDIÇÃO DO OBJETO: CONTRATAÇÃO DE EMPRESA ESPECIALIZADA PARA CONSTRUÇÃO DE ESCOLA VERTICAL, 12 SALAS, NO BAIRRO ALTO DA BRASILIA, NO MUNICÍPIO DE DE SOBRAL / CE. PERÍODO DE: 01/01/2024 - 31/01/2024. CONTRATO Nº 0094 / 2022 - SME. CONCORRÊNCIA PÚBLICA Nº CP22003 - SME.
1061;1;DINAMICA EMPREENDIMENTOS E SOLUCOES LTDA;NFSE;1152;01/03/2024;87;FUNDO MUNICIPAL DE EDUCACAO - INFRAESTRUTURA - FME-I;CR;Não;Não;Não;Não;R$ 0,00;R$ 0,00;R$ 0,00;R$ 285.202,26;R$ 285.202,26;R$ 285.202,26;REFERENTE A 24ª MEDIÇÃO - REALIZADA NO PERÍODO DE 01/01/2024 À 31/01/2024 - OBJETO: CONTRATAÇÃO DE EMPRESA PARA EXECUÇÃO DAS OBRAS DE REFORMA DA ESCOLA MUNICIPAL FREI TITO DE ALENCAR LIMA, BAIRRO PRAIA DO FUTURO II, NO MUNICÍPIO DE FORTALEZA. MAPPFOR: 10 - REFORMA E AMPLIAÇÃO DO PARQUE ESCOLAR. CONTRATO Nº 01/2022 ? FME-I - RDC PRESENCIAL Nº 004/2021.
1042;1;DINAMICA EMPREENDIMENTOS E SOLUCOES LTDA;NFSE;1127;05/03/2024;6;INSTITUTO FEDERAL DE EDUCAÇÃO, CIÊNCIA E TECNOLOGIA DO CEARÁ;CR;Não;Não;Não;Não;R$ 0,00;R$ 0,00;R$ 0,00;R$ 17.402,53;R$ 17.402,53;R$ 17.402,53;"1ª MEDIÇÃO - OBJETO: CONTRATAÇÃO DE SERVIÇO COMUM DE ENGENHARIA DE MANUTENÇÃO PREVENTIVA E CORRETIVA DAS SUBESTAÇÕES DO IFCE - GRUPO 01 - CAMPUS UMIRIM. ""SERVIÇO DE EXECUÇÃO PREVENTIVA"" CONTRATO Nº 29 / 2023. PROCESSO Nº 23255.001512/2023-00."
1043;1;DINAMICA EMPREENDIMENTOS E SOLUCOES LTDA;NFSE;1128;11/03/2024;6;INSTITUTO FEDERAL DE EDUCAÇÃO, CIÊNCIA E TECNOLOGIA DO CEARÁ;CR;Não;Não;Não;Não;R$ 0,00;R$ 0,00;R$ 0,00;R$ 8.898,74;R$ 8.898,74;R$ 8.898,74;"1ª MEDIÇÃO - OBJETO: CONTRATAÇÃO DE SERVIÇO COMUM DE ENGENHARIA DE MANUTENÇÃO PREVENTIVA E CORRETIVA DAS SUBESTAÇÕES DO IFCE - GRUPO 01 - CAMPUS GUARAMIRANGA. ""SERVIÇO DE EXECUÇÃO PREVENTIVA"" CONTRATO Nº 29 / 2023. PROCESSO Nº 23255.001512/2023-00."
1044;1;DINAMICA EMPREENDIMENTOS E SOLUCOES LTDA;NFSE;1129;18/03/2024;77;SECRETARIA DA PROTEÇÃO SOCIAL, JUSTIÇA, CIDADANIA, MULHERES E DIREITOS HUMANOS;CR;Não;Não;Não;Não;R$ 0,00;R$ 0,00;R$ 0,00;R$ 102.536,32;R$ 102.536,32;R$ 102.536,32;REFERENTE AO PAGAMENTO DA 17ª MEDIÇÃO DA CONSTRUÇÃO DE 01 (UM) CENTRO DE EDUCAÇÃO INFANTIL - CEI - PADRÃO IV, NO MUNICÍPIO DE CANINDÉ/CE. RELATIVO AO PERÍODO DE 21/12/2023 a 15/01/2024. CONFORME CONTRATO Nº 060/2022.
1045;1;DINAMICA EMPREENDIMENTOS E SOLUCOES LTDA;NFSE;1130;18/03/2024;6;INSTITUTO FEDERAL DE EDUCAÇÃO, CIÊNCIA E TECNOLOGIA DO CEARÁ;CR;Não;Não;Não;Não;R$ 0,00;R$ 0,00;R$ 0,00;R$ 3.987,43;R$ 3.987,43;R$ 3.987,43;"2ª MEDIÇÃO - OBJETO: CONTRATAÇÃO DE SERVIÇO COMUM DE ENGENHARIA DE MANUTENÇÃO PREVENTIVA E CORRETIVA DAS SUBESTAÇÕES DO IFCE - GRUPO 03 - CAMPUS JAGUARIBE. ""SERVIÇO DE EXECUÇÃO EMERGENCIAL"" CONTRATO Nº 31 / 2023. PROCESSO Nº 23255.001512/2023-00."
1019;1;DINAMICA EMPREENDIMENTOS E SOLUCOES LTDA;REC;01;21/03/2024;77;SECRETARIA DA PROTEÇÃO SOCIAL, JUSTIÇA, CIDADANIA, MULHERES E DIREITOS HUMANOS;CR;Não;Não;Não;Não;R$ 0,00;R$ 0,00;R$ 0,00;R$ 700,00;R$ 700,00;R$ 700,00;VENDA DE BRITA
1021;1;DINAMICA EMPREENDIMENTOS E SOLUCOES LTDA;NFSE;1132;21/03/2024;86;MUNICIPIO DE ASSARÉ;CR;Não;Não;Não;Não;R$ 0,00;R$ 0,00;R$ 0,00;R$ 558.250,51;R$ 558.250,51;R$ 558.250,51;24ª MEDIÇÃO - OBJETO: CONTRATAÇÃO DE SERVIÇOS DE ENGENHARIA PARA A EXECUÇÃO DAS OBRAS DE REFORMA E AMPLIAÇÃO DO HOSPITAL GERAL NOSSA SENHORA DAS DORES DO MUNICÍPIO DE ASSARÉ/CE.
1022;1;DINAMICA EMPREENDIMENTOS E SOLUCOES LTDA;NFSE;1133;21/03/2024;86;MUNICIPIO DE ASSARÉ;CR;Não;Não;Não;Não;R$ 0,00;R$ 0,00;R$ 0,00;R$ 576.841,80;R$ 576.841,80;R$ 576.841,80;2ª MEDIÇÃO OBJETO: CONTRATAÇÃO DE SERVIÇOS PARA EXECUÇÃO DAS OBRAS DE CONSTRUÇÃO DE UNIDADE ESCOLAR COM 12 SALAS DE AULA COM QUADRA POLIESPORTIVA COBERTA - MODELO FNDE, PARA ATENDER AS NECESSIDADES DA SECRETARIA MUNICIPAL DE EDUCAÇÃO DE ASSARÉ/CE.
1046;1;DINAMICA EMPREENDIMENTOS E SOLUCOES LTDA;NFSE;1131;21/03/2024;81;MUNICIPIO DE SENADOR POMPEU - SECRETARIA DE EDUCAÇÃO, CULTURA E DESPORTO;CR;Não;Não;Não;Não;R$ 0,00;R$ 0,00;R$ 0,00;R$ 319.473,91;R$ 319.473,91;R$ 319.473,91;7ª MEDIÇÃO - OBJETO: CONTRATAÇÃO DE EMPRESA ESPECIALIZADA PARA A CONSTRUÇÃO DE UM GALPÃO INDUSTRIAL NO MUNICÍPIO DE SENADOR POMPEU-CE, ATRAVÉS DA SECRETARIA DE INFRAESTRUTURA, DESTE MUNICÍPIO. CONTRATO N° SI-CP001/2022-01. CONCORRÊNCIA Nº SI´CP001/2022.
1047;1;DINAMICA EMPREENDIMENTOS E SOLUCOES LTDA;NFSE;1134;21/03/2024;6;INSTITUTO FEDERAL DE EDUCAÇÃO, CIÊNCIA E TECNOLOGIA DO CEARÁ;CR;Não;Não;Não;Não;R$ 0,00;R$ 0,00;R$ 0,00;R$ 17.840,64;R$ 17.840,64;R$ 17.840,64;"1ª MEDIÇÃO - OBJETO: CONTRATAÇÃO DE SERVIÇO COMUM DE ENGENHARIA DE MANUTENÇÃO PREVENTIVA E CORRETIVA DAS SUBESTAÇÕES DO IFCE - GRUPO 01 - CAMPUS HORIZONTE. ""SERVIÇO DE EXECUÇÃO PREVENTIVA"" CONTRATO Nº 29 / 2023. PROCESSO Nº 23255.001512/2023-00."
1048;1;DINAMICA EMPREENDIMENTOS E SOLUCOES LTDA;NFSE;1135;22/03/2024;6;INSTITUTO FEDERAL DE EDUCAÇÃO, CIÊNCIA E TECNOLOGIA DO CEARÁ;CR;Não;Não;Não;Não;R$ 0,00;R$ 0,00;R$ 0,00;R$ 17.608,78;R$ 17.608,78;R$ 17.608,78;"3ª MEDIÇÃO - OBJETO: CONTRATAÇÃO DE SERVIÇO COMUM DE ENGENHARIA DE MANUTENÇÃO PREVENTIVA E CORRETIVA DAS SUBESTAÇÕES DO IFCE - GRUPO 03 - CAMPUS JAGUARIBE. ""SERVIÇO DE EXECUÇÃO PREVENTIVA"" CONTRATO Nº 31 / 2023. PROCESSO Nº 23255.001512/2023-00."
1049;1;DINAMICA EMPREENDIMENTOS E SOLUCOES LTDA;NFSE;1136;22/03/2024;6;INSTITUTO FEDERAL DE EDUCAÇÃO, CIÊNCIA E TECNOLOGIA DO CEARÁ;CR;Não;Não;Não;Não;R$ 0,00;R$ 0,00;R$ 0,00;R$ 17.388,48;R$ 17.388,48;R$ 17.388,48;"1ª MEDIÇÃO - OBJETO: CONTRATAÇÃO DE SERVIÇO COMUM DE ENGENHARIA DE MANUTENÇÃO PREVENTIVA E CORRETIVA DAS SUBESTAÇÕES DO IFCE - GRUPO 01 - CAMPUS BATURITÉ. ""SERVIÇO DE EXECUÇÃO PREVENTIVA"" CONTRATO Nº 29 / 2023. PROCESSO Nº 23255.001512/2023-00."
1050;1;DINAMICA EMPREENDIMENTOS E SOLUCOES LTDA;NFSE;1137;26/03/2024;6;INSTITUTO FEDERAL DE EDUCAÇÃO, CIÊNCIA E TECNOLOGIA DO CEARÁ;CR;Não;Não;Não;Não;R$ 0,00;R$ 0,00;R$ 0,00;R$ 2.089,52;R$ 2.089,52;R$ 2.089,52;"2ª MEDIÇÃO - OBJETO: CONTRATAÇÃO DE SERVIÇO COMUM DE ENGENHARIA DE MANUTENÇÃO PREVENTIVA E CORRETIVA DAS SUBESTAÇÕES DO IFCE - GRUPO 01 - CAMPUS CAUCAIA. ""SERVIÇO DE EXECUÇÃO EMERGENCIAL"" CONTRATO Nº 29 / 2023. PROCESSO Nº 23255.001512/2023-00."
1051;1;DINAMICA EMPREENDIMENTOS E SOLUCOES LTDA;NFSE;1138;26/03/2024;6;INSTITUTO FEDERAL DE EDUCAÇÃO, CIÊNCIA E TECNOLOGIA DO CEARÁ;CR;Não;Não;Não;Não;R$ 0,00;R$ 0,00;R$ 0,00;R$ 7.738,79;R$ 7.738,79;R$ 7.738,79;"3ª MEDIÇÃO - OBJETO: CONTRATAÇÃO DE SERVIÇO COMUM DE ENGENHARIA DE MANUTENÇÃO PREVENTIVA E CORRETIVA DAS SUBESTAÇÕES DO IFCE - GRUPO 01 - CAMPUS CAUCAIA. ""SERVIÇO DE EXECUÇÃO CORRETIVA"" CONTRATO Nº 29 / 2023. PROCESSO Nº 23255.001512/2023-00."
1052;1;DINAMICA EMPREENDIMENTOS E SOLUCOES LTDA;NFSE;1139;27/03/2024;6;INSTITUTO FEDERAL DE EDUCAÇÃO, CIÊNCIA E TECNOLOGIA DO CEARÁ;CR;Não;Não;Não;Não;R$ 0,00;R$ 0,00;R$ 0,00;R$ 17.248,90;R$ 17.248,90;R$ 17.248,90;"1ª MEDIÇÃO - OBJETO: CONTRATAÇÃO DE SERVIÇO COMUM DE ENGENHARIA DE MANUTENÇÃO PREVENTIVA E CORRETIVA DAS SUBESTAÇÕES DO IFCE - GRUPO 01 - CAMPUS MARACANAÚ. ""SERVIÇO DE EXECUÇÃO PREVENTIVA"" CONTRATO Nº 29 / 2023. PROCESSO Nº 23255.001512/2023-00."
1053;1;DINAMICA EMPREENDIMENTOS E SOLUCOES LTDA;NFSE;1141;27/03/2024;96;DEPARTAMENTO DE POLICIA RODOVIÁRIA FEDERAL;CR;Não;Não;Não;Não;R$ 0,00;R$ 0,00;R$ 0,00;R$ 69.511,84;R$ 69.511,84;R$ 69.511,84;REFERENTE A 2ª MEDIÇÃO DO OBJETO: CONSTRUÇÃO DA UNIDADE OPERACIONAL DA POLÍCIA RODOVIÁRIA FEDERAL EM POCINHOS / PB. VALOR MEDIDO R$ 64.856,99 (PREÇOS UNITÁRIOS DA PROPOSTA ORIGINAL) E R$ 4.654,85 (CORREÇÃO MONETÁRIA CONFORME TERMO DE APOSTILAMENTO 13 7,1771%) CONTRATO Nº 78 / 2022. PROCESSO Nº 08650.037267/2022-23.
1027;1;DINAMICA EMPREENDIMENTOS E SOLUCOES LTDA;NFSE;1144;28/03/2024;86;MUNICIPIO DE ASSARÉ;CR;Não;Não;Não;Não;R$ 0,00;R$ 0,00;R$ 0,00;R$ 588.935,89;R$ 588.935,89;R$ 588.935,89;2ª MEDIÇÃO - OBJETO: CONTRATAÇÃO DE SERVIÇOS PARA A EXECUÇÃO DAS OBRAS DE RECUPERAÇÃO DO MATADOURO PÚBLICO MUNICIPAL, ATRAVÉS DA SECRETARIA DE INFRAESTRUTURA DE ASSARÉ/CE.
1054;1;DINAMICA EMPREENDIMENTOS E SOLUCOES LTDA;NFSE;1142;28/03/2024;6;INSTITUTO FEDERAL DE EDUCAÇÃO, CIÊNCIA E TECNOLOGIA DO CEARÁ;CR;Não;Não;Não;Não;R$ 0,00;R$ 0,00;R$ 0,00;R$ 16.614,90;R$ 16.614,90;R$ 16.614,90;"1ª MEDIÇÃO - OBJETO: CONTRATAÇÃO DE SERVIÇO COMUM DE ENGENHARIA DE MANUTENÇÃO PREVENTIVA E CORRETIVA DAS SUBESTAÇÕES DO IFCE - GRUPO 02 - CAMPUS TIANGUÁ. ""SERVIÇO DE EXECUÇÃO PRENTIVA"" CONTRATO Nº 30 / 2023. PROCESSO Nº 23255.001512/2023-00."
1055;1;DINAMICA EMPREENDIMENTOS E SOLUCOES LTDA;NFSE;1143;28/03/2024;6;INSTITUTO FEDERAL DE EDUCAÇÃO, CIÊNCIA E TECNOLOGIA DO CEARÁ;CR;Não;Não;Não;Não;R$ 0,00;R$ 0,00;R$ 0,00;R$ 31.027,55;R$ 31.027,55;R$ 31.027,55;"2ª MEDIÇÃO - OBJETO: CONTRATAÇÃO DE SERVIÇO COMUM DE ENGENHARIA DE MANUTENÇÃO PREVENTIVA E CORRETIVA DAS SUBESTAÇÕES DO IFCE - GRUPO 02 - CAMPUS TIANGUÁ. ""SERVIÇO DE EXECUÇÃO BANCO CAPACITOR"" CONTRATO Nº 30 / 2023. PROCESSO Nº 23255.001512/2023-00."
1056;1;DINAMICA EMPREENDIMENTOS E SOLUCOES LTDA;NFSE;1145;02/04/2024;6;INSTITUTO FEDERAL DE EDUCAÇÃO, CIÊNCIA E TECNOLOGIA DO CEARÁ;CR;Não;Não;Não;Não;R$ 0,00;R$ 0,00;R$ 0,00;R$ 17.434,44;R$ 17.434,44;R$ 17.434,44;"1ª MEDIÇÃO - OBJETO: CONTRATAÇÃO DE SERVIÇO COMUM DE ENGENHARIA DE MANUTENÇÃO PREVENTIVA E CORRETIVA DAS SUBESTAÇÕES DO IFCE - GRUPO 03 - CAMPUS MORADA NOVA. ""SERVIÇO DE EXECUÇÃO PREVENTIVA"" CONTRATO Nº 31 / 2023. PROCESSO Nº 23255.001512/2023-00."
1057;1;DINAMICA EMPREENDIMENTOS E SOLUCOES LTDA;NFSE;1146;02/04/2024;6;INSTITUTO FEDERAL DE EDUCAÇÃO, CIÊNCIA E TECNOLOGIA DO CEARÁ;CR;Não;Não;Não;Não;R$ 0,00;R$ 0,00;R$ 0,00;R$ 17.386,94;R$ 17.386,94;R$ 17.386,94;"1ª MEDIÇÃO - OBJETO: CONTRATAÇÃO DE SERVIÇO COMUM DE ENGENHARIA DE MANUTENÇÃO PREVENTIVA E CORRETIVA DAS SUBESTAÇÕES DO IFCE - GRUPO 02 - CAMPUS UBAJARA. ""SERVIÇO DE EXECUÇÃO PREVENTIVA"" CONTRATO Nº 30 / 2023. PROCESSO Nº 23255.001512/2023-00."
1058;1;DINAMICA EMPREENDIMENTOS E SOLUCOES LTDA;NFSE;1147;02/04/2024;6;INSTITUTO FEDERAL DE EDUCAÇÃO, CIÊNCIA E TECNOLOGIA DO CEARÁ;CR;Não;Não;Não;Não;R$ 0,00;R$ 0,00;R$ 0,00;R$ 31.393,19;R$ 31.393,19;R$ 31.393,19;"4ª MEDIÇÃO - OBJETO: CONTRATAÇÃO DE SERVIÇO COMUM DE ENGENHARIA DE MANUTENÇÃO PREVENTIVA E CORRETIVA DAS SUBESTAÇÕES DO IFCE - GRUPO 03 - CAMPUS JAGUARIBE. ""SERVIÇO DE EXECUÇÃO CORRETIVA EMERGENCIAL"" CONTRATO Nº 31 / 2023. PROCESSO Nº 23255.001512/2023-00."
1059;1;DINAMICA EMPREENDIMENTOS E SOLUCOES LTDA;NFSE;1148;02/04/2024;6;INSTITUTO FEDERAL DE EDUCAÇÃO, CIÊNCIA E TECNOLOGIA DO CEARÁ;CR;Não;Não;Não;Não;R$ 0,00;R$ 0,00;R$ 0,00;R$ 25.785,27;R$ 25.785,27;R$ 25.785,27;"1ª MEDIÇÃO - OBJETO: CONTRATAÇÃO DE SERVIÇO COMUM DE ENGENHARIA DE MANUTENÇÃO PREVENTIVA E CORRETIVA DAS SUBESTAÇÕES DO IFCE - GRUPO 03 - CAMPUS LIMOEIRO DO NORTE. ""SERVIÇO DE EXECUÇÃO PREVENTIVA"" CONTRATO Nº 31 / 2023. PROCESSO Nº 23255.001512/2023-00."
1023;1;DINAMICA EMPREENDIMENTOS E SOLUCOES LTDA;NFSE;1150;08/04/2024;70;PREFEITURA MUNICIPAL DE TABULEIRO DO NORTE;CR;Não;Não;Não;Não;R$ 0,00;R$ 0,00;R$ 0,00;R$ 219.973,13;R$ 219.973,13;R$ 219.973,13;4ª MEDIÇÃO - OBJETO: CONTRATAÇÃO DE OBRAS E SERVIÇOS DE ENGENHARIA PARA CONSTRUÇÃO DE 01 (UM) GALPÃO INDUSTRIAL DE 2000 M², NO MUNICÍPIO DE TABULEIRO DO NORTE/CE, CONFORME CONVÊNIO Nº 07/2022, CELEBRADO ENTRE A PREFEITURA MUNICIPAL DE TABULEIRO DO NORTE E AGÊNCIA DE DESENVOLVIMENTO DO ESTADO DO CEARÁ, DE RESPONSABILIDADE DA SECRETARIA DE DESENVOLVIMENTO ECONÔMICO E EMPREENDEDORISMO. CONTRATO N° 2022.07.12-0001. TOMADA DE PREÇOS Nº 11.04.01/2022.
1060;1;DINAMICA EMPREENDIMENTOS E SOLUCOES LTDA;NFSE;1151;08/04/2024;90;MUNICIPIO DE SOBRAL;CR;Não;Não;Não;Não;R$ 0,00;R$ 0,00;R$ 0,00;R$ 100.981,63;R$ 100.981,63;R$ 100.981,63;REFERENTE A 19° MEDIÇÃO DO OBJETO: CONTRATAÇÃO DE EMPRESA ESPECIALIZADA PARA CONSTRUÇÃO DE ESCOLA VERTICAL, 12 SALAS, NO BAIRRO ALTO DA BRASILIA, NO MUNICÍPIO DE DE SOBRAL / CE. PERÍODO DE: 01/02/2024 - 29/02/2024. CONTRATO Nº 0094 / 2022 - SME. CONCORRÊNCIA PÚBLICA Nº CP22003
1062;1;DINAMICA EMPREENDIMENTOS E SOLUCOES LTDA;NFSE;1153;08/04/2024;6;INSTITUTO FEDERAL DE EDUCAÇÃO, CIÊNCIA E TECNOLOGIA DO CEARÁ;CR;Não;Não;Não;Não;R$ 0,00;R$ 0,00;R$ 0,00;R$ 49.855,18;R$ 49.855,18;R$ 49.855,18;"1ª MEDIÇÃO - OBJETO: CONTRATAÇÃO DE SERVIÇO COMUM DE ENGENHARIA DE MANUTENÇÃO PREVENTIVA E CORRETIVA DAS SUBESTAÇÕES DO IFCE - GRUPO 02 - CAMPUS SOBRAL. ""SERVIÇO DE EXECUÇÃO PRENTIVA"" CONTRATO Nº 30 / 2023. PROCESSO Nº 23255.001512/2023-00"
1063;1;DINAMICA EMPREENDIMENTOS E SOLUCOES LTDA;NFSE;1154;09/04/2024;6;INSTITUTO FEDERAL DE EDUCAÇÃO, CIÊNCIA E TECNOLOGIA DO CEARÁ;CR;Não;Não;Não;Não;R$ 0,00;R$ 0,00;R$ 0,00;R$ 17.378,92;R$ 17.378,92;R$ 17.378,92;"1ª MEDIÇÃO - OBJETO: CONTRATAÇÃO DE SERVIÇO COMUM DE ENGENHARIA DE MANUTENÇÃO PREVENTIVA E CORRETIVA DAS SUBESTAÇÕES DO IFCE - GRUPO 01 - CAMPUS MARANGUAPE. ""SERVIÇO DE EXECUÇÃO PREVENTIVA"" CONTRATO Nº 29 / 2023. PROCESSO Nº 23255.001512/2023-00."
1064;1;DINAMICA EMPREENDIMENTOS E SOLUCOES LTDA;NFSE;1155;09/04/2024;6;INSTITUTO FEDERAL DE EDUCAÇÃO, CIÊNCIA E TECNOLOGIA DO CEARÁ;CR;Não;Não;Não;Não;R$ 0,00;R$ 0,00;R$ 0,00;R$ 26.777,32;R$ 26.777,32;R$ 26.777,32;"1ª MEDIÇÃO - OBJETO: CONTRATAÇÃO DE SERVIÇO COMUM DE ENGENHARIA DE MANUTENÇÃO PREVENTIVA E CORRETIVA DAS SUBESTAÇÕES DO IFCE - GRUPO 04 - CAMPUS JUAZEIRO DO NORTE. ""SERVIÇO DE EXECUÇÃO PREVENTIVA"" CONTRATO Nº 32 / 2023. PROCESSO Nº 23255.001512/2023-00."
1065;1;DINAMICA EMPREENDIMENTOS E SOLUCOES LTDA;NFSE;1156;10/04/2024;6;INSTITUTO FEDERAL DE EDUCAÇÃO, CIÊNCIA E TECNOLOGIA DO CEARÁ;CR;Não;Não;Não;Não;R$ 0,00;R$ 0,00;R$ 0,00;R$ 779,04;R$ 779,04;R$ 779,04;"2ª MEDIÇÃO - OBJETO: CONTRATAÇÃO DE SERVIÇO COMUM DE ENGENHARIA DE MANUTENÇÃO PREVENTIVA E CORRETIVA DAS SUBESTAÇÕES DO IFCE - GRUPO 01 - CAMPUS MARACANAÚ. ""SERVIÇO DE EXECUÇÃO EMERGENCIAL"" CONTRATO Nº 29 / 2023. PROCESSO Nº 23255.001512/2023-00."
1066;1;DINAMICA EMPREENDIMENTOS E SOLUCOES LTDA;NFSE;1157;10/04/2024;6;INSTITUTO FEDERAL DE EDUCAÇÃO, CIÊNCIA E TECNOLOGIA DO CEARÁ;CR;Não;Não;Não;Não;R$ 0,00;R$ 0,00;R$ 0,00;R$ 14.707,14;R$ 14.707,14;R$ 14.707,14;"2ª MEDIÇÃO - OBJETO: CONTRATAÇÃO DE SERVIÇO COMUM DE ENGENHARIA DE MANUTENÇÃO PREVENTIVA E CORRETIVA DAS SUBESTAÇÕES DO IFCE - GRUPO 02 - CAMPUS CANINDÉ. ""SERVIÇO DE EXECUÇÃO EMERGENCIAL"" CONTRATO Nº 30 / 2023. PROCESSO Nº 23255.001512/2023-00."
1067;1;DINAMICA EMPREENDIMENTOS E SOLUCOES LTDA;NFSE;1158;10/04/2024;6;INSTITUTO FEDERAL DE EDUCAÇÃO, CIÊNCIA E TECNOLOGIA DO CEARÁ;CR;Não;Não;Não;Não;R$ 0,00;R$ 0,00;R$ 0,00;R$ 69.848,88;R$ 69.848,88;R$ 69.848,88;"1ª MEDIÇÃO - OBJETO: CONTRATAÇÃO DE SERVIÇO COMUM DE ENGENHARIA DE MANUTENÇÃO PREVENTIVA E CORRETIVA DAS SUBESTAÇÕES DO IFCE - GRUPO 04 - CAMPUS CRATO. ""SERVIÇO DE EXECUÇÃO PREVENTIVA"" CONTRATO Nº 32 / 2023. PROCESSO Nº 23255.001512/2023-00."
1068;1;DINAMICA EMPREENDIMENTOS E SOLUCOES LTDA;NFSE;1159;10/04/2024;6;INSTITUTO FEDERAL DE EDUCAÇÃO, CIÊNCIA E TECNOLOGIA DO CEARÁ;CR;Não;Não;Não;Não;R$ 0,00;R$ 0,00;R$ 0,00;R$ 79.047,25;R$ 79.047,25;R$ 79.047,25;"2ª MEDIÇÃO - OBJETO: CONTRATAÇÃO DE SERVIÇO COMUM DE ENGENHARIA DE MANUTENÇÃO PREVENTIVA E CORRETIVA DAS SUBESTAÇÕES DO IFCE - GRUPO 04 - CAMPUS CRATO. ""SERVIÇO DE EXECUÇÃO BANCO CAPACITOR"" CONTRATO Nº 32 / 2023. PROCESSO Nº 23255.001512/2023-00."
1069;1;DINAMICA EMPREENDIMENTOS E SOLUCOES LTDA;NFSE;1160;11/04/2024;6;INSTITUTO FEDERAL DE EDUCAÇÃO, CIÊNCIA E TECNOLOGIA DO CEARÁ;CR;Não;Não;Não;Não;R$ 0,00;R$ 0,00;R$ 0,00;R$ 1.570,68;R$ 1.570,68;R$ 1.570,68;"2ª MEDIÇÃO - OBJETO: CONTRATAÇÃO DE SERVIÇO COMUM DE ENGENHARIA DE MANUTENÇÃO PREVENTIVA E CORRETIVA DAS SUBESTAÇÕES DO IFCE - GRUPO 01 - CAMPUS BATURITÉ. ""SERVIÇO DE EXECUÇÃO EMERGENCIAL"" CONTRATO Nº 29 / 2023. PROCESSO Nº 23255.001512/2023-00."
1070;1;DINAMICA EMPREENDIMENTOS E SOLUCOES LTDA;NFSE;1161;12/04/2024;96;DEPARTAMENTO DE POLICIA RODOVIÁRIA FEDERAL;CR;Não;Não;Não;Não;R$ 0,00;R$ 0,00;R$ 0,00;R$ 6.548,30;R$ 6.548,30;R$ 6.548,30;REFERENTE AO REAJUSTE (ÍNDICE 7,1771%) DA 1ª MEDIÇÃO (NOTA FISCAL 1095) CONFORME OFÍCIO Nº 36/2024 E TERMO DE APOSTILAMENTO 13 (SEI Nº 55647307) DO OBJETO: CONSTRUÇÃO DA UNIDADE OPERACIONAL DA POLÍCIA RODOVIÁRIA FEDERAL EM POCINHOS / PB. CONTRATO Nº 78 / 2022. PROCESSO Nº 08650.037267/2022-23.
1071;1;DINAMICA EMPREENDIMENTOS E SOLUCOES LTDA;NFSE;1162;15/04/2024;93;UNIVERSIDADE DA INTEGRACAO INTERNACIONAL DA LUSOFONIA AFRO-BRASILEIRA - UNILAB;CR;Não;Não;Não;Não;R$ 0,00;R$ 0,00;R$ 0,00;R$ 234.515,12;R$ 234.515,12;R$ 234.515,12;REFERENTE A 1° MEDIÇÃO DO OBJETO: CONTRATAÇÃO DE SERVIÇOS COMUNS DE ENGENHARIA DE EMPRESA ESPECIALIZADA PARA A OBRA DE CONSTRUÇÃO DOS BLOCOS ANEXOS DO CAMPUS DOS MALÊS. PERÍODO DE 21 / 03 /2024 À 31 / 03 / 2024. CONTRATO Nº 16/2023. PROCESSO Nº 23804.000809/2023-86.
1072;1;DINAMICA EMPREENDIMENTOS E SOLUCOES LTDA;NFSE;1163;15/04/2024;90;MUNICIPIO DE SOBRAL;CR;Não;Não;Não;Não;R$ 0,00;R$ 0,00;R$ 0,00;R$ 145.862,33;R$ 145.862,33;R$ 145.862,33;REFERENTE A 20° MEDIÇÃO DO OBJETO: CONTRATAÇÃO DE EMPRESA ESPECIALIZADA PARA CONSTRUÇÃO DE ESCOLA VERTICAL, 12 SALAS, NO BAIRRO ALTO DA BRASILIA, NO MUNICÍPIO DE DE SOBRAL / CE. PERÍODO DE: 01/03/2024 - 31/03/2024. CONTRATO Nº 0094 / 2022 - SME. CONCORRÊNCIA PÚBLICA Nº CP22003 - SME
1073;1;DINAMICA EMPREENDIMENTOS E SOLUCOES LTDA;NFSE;1164;22/04/2024;93;UNIVERSIDADE DA INTEGRACAO INTERNACIONAL DA LUSOFONIA AFRO-BRASILEIRA - UNILAB;CR;Não;Não;Não;Não;R$ 0,00;R$ 0,00;R$ 0,00;R$ 149.153,87;R$ 149.153,87;R$ 149.153,87;REFERENTE A 10° MEDIÇÃO DO OBJETO: CONTRATAÇÃO DE EMPRESA ESPECIALIZADA EM SERVIÇOS DE ENGENHARIA, INCLUINDO MATERIAL E MÃO DE OBRA, PARA EXECUÇÃO DO REMANESCENTE DA OBRA DE URBANIZAÇÃO DO CAMPUS DOS PALMARES DA UNILAB. TOTAL DOS VALORES SÃO REFERENTES A: R$ 134.506,39 MEDIÇÃO DE 29/01/2024 À 20/03/2024 E R$ 14.647,48 REAJUSTE. CONTRATO Nº 30/2022. PROCESSO Nº 23282.019401/2022-33.
1074;1;DINAMICA EMPREENDIMENTOS E SOLUCOES LTDA;NFSE;1165;22/04/2024;96;DEPARTAMENTO DE POLICIA RODOVIÁRIA FEDERAL;CR;Não;Não;Não;Não;R$ 0,00;R$ 0,00;R$ 0,00;R$ 165.099,71;R$ 165.099,71;R$ 165.099,71;REFERENTE A 3ª MEDIÇÃO DO OBJETO: CONSTRUÇÃO DA UNIDADE OPERACIONAL DA POLÍCIA RODOVIÁRIA FEDERAL EM POCINHOS / PB. VALOR MEDIDO R$ 154.043,83 (PREÇOS UNITÁRIOS DA PROPOSTA ORIGINAL) E R$ 11.055,88 (CORREÇÃO MONETÁRIA CONFORME TERMO DE APOSTILAMENTO 13 (7,1771%). CONTRATO Nº 78 / 2022. PROCESSO Nº 08650.037267/2022-23.
1024;1;DINAMICA EMPREENDIMENTOS E SOLUCOES LTDA;NFSE;1168;23/04/2024;86;MUNICIPIO DE ASSARÉ;CR;Não;Não;Não;Não;R$ 0,00;R$ 0,00;R$ 0,00;R$ 208.579,46;R$ 208.579,46;R$ 208.579,46;25ª MEDIÇÃO - OBJETO: CONTRATAÇÃO DE SERVIÇOS DE ENGENHARIA PARA A EXECUÇÃO DAS OBRAS DE REFORMA E AMPLIAÇÃO DO HOSPITAL GERAL NOSSA SENHORA DAS DORES DO MUNICÍPIO DE ASSARÉ/CE.
1025;1;DINAMICA EMPREENDIMENTOS E SOLUCOES LTDA;NFSE;1167;23/04/2024;86;MUNICIPIO DE ASSARÉ;CR;Não;Não;Não;Não;R$ 0,00;R$ 0,00;R$ 0,00;R$ 488.766,86;R$ 488.766,86;R$ 488.766,86;3ª MEDIÇÃO OBJETO: CONTRATAÇÃO DE SERVIÇOS PARA EXECUÇÃO DAS OBRAS DE CONSTRUÇÃO DE UNIDADE ESCOLAR COM 12 SALAS DE AULA COM QUADRA POLIESPORTIVA COBERTA - MODELO FNDE, PARA ATENDER AS NECESSIDADES DA SECRETARIA MUNICIPAL DE EDUCAÇÃO DE ASSARÉ/CE.
1026;1;DINAMICA EMPREENDIMENTOS E SOLUCOES LTDA;NFSE;1166;23/04/2024;91;MUNICIPIO DE JUCAS - SECRETARIA MUNICIPAL DE EDUCACAO;CR;Não;Não;Não;Não;R$ 0,00;R$ 0,00;R$ 0,00;R$ 125.624,31;R$ 125.624,31;R$ 125.624,31;6ª MEDIÇÃO - OBJETO: CONTRATAÇÃO DE EMPRESA PARA EXECUÇÃO DE SERVIÇOS DE CONSTRUÇÃO DE UMA ESCOLA COM 12 SALAS DE AULA ? PADRÃO FNDE, DE ACORDO COM AS ESPECIFICAÇÕES CONTIDAS NO PROJETO BÁSICO EM ANEXO, DE RESPONSABILIDADE DA SECRETARIA MUNICIPAL DE EDUCAÇÃO CONTRATO N° 001/2022.
1031;1;DINAMICA EMPREENDIMENTOS E SOLUCOES LTDA;NFSE;1171;24/04/2024;70;PREFEITURA MUNICIPAL DE TABULEIRO DO NORTE;CR;Não;Não;Não;Não;R$ 0,00;R$ 0,00;R$ 0,00;R$ 151.576,55;R$ 151.576,55;R$ 151.576,55;8ª MEDIÇÃO - OBJETO: CONTRATAÇÃO DE OBRAS E SERVIÇOS DE ENGENHARIA PARA OS SERVIÇOS DE DUPLICAÇÃO DA ENTRADA DA CIDADE, SEDE DO MUNICÍPIO DE TABULEIRO DO NORTE/CE. CONTRATO N° 20200318. MAPP: 4263 CONVÊNIO Nº 065 / CIDADES / 2020
1075;1;DINAMICA EMPREENDIMENTOS E SOLUCOES LTDA;NFSE;1172;25/04/2024;77;SECRETARIA DA PROTEÇÃO SOCIAL, JUSTIÇA, CIDADANIA, MULHERES E DIREITOS HUMANOS;CR;Não;Não;Não;Não;R$ 0,00;R$ 0,00;R$ 0,00;R$ 168.557,68;R$ 168.557,68;R$ 168.557,68;REFERENTE AO PAGAMENTO DA 27ª MEDIÇÃO PARCIAL DA CONSTRUÇÃO DE 01 (UM) CENTRO DE EDUCAÇÃO INFANTIL- CEI. PADRÃO IV, NO MUNICÍPIO DE ICAPUÍ-CE. RELATIVO AO PERÍODO DE 21/12/2023 - 13/01/2024. CONFORME CONTRATO 067/2021.
1076;1;DINAMICA EMPREENDIMENTOS E SOLUCOES LTDA;NFSE;1173;29/04/2024;6;INSTITUTO FEDERAL DE EDUCAÇÃO, CIÊNCIA E TECNOLOGIA DO CEARÁ;CR;Não;Não;Não;Não;R$ 0,00;R$ 0,00;R$ 0,00;R$ 265.997,02;R$ 265.997,02;R$ 265.997,02;REFERENTE A 1° MEDIÇÃO DO OBJETO: CONTRATAÇÃO DE EMPRESA ESPECIALIZADA EM OBRA DE ENGENHARIA, NA CONSTRUÇÃO DE EDIFICAÇÕES ENVOLVENDO OS TIPOS ALVENARIA E/OU LIGHT STEEL FRAME, PARA O IFCE CAMPUS CRATEÚS. (PROJETO BÁSICO 5390108). CONTRATO DE OBRA DE ENGENHARIA Nº 05/2024. PROCESSO Nº 23293.000074/2024-89.
1077;1;DINAMICA EMPREENDIMENTOS E SOLUCOES LTDA;NFSE;1174;29/04/2024;6;INSTITUTO FEDERAL DE EDUCAÇÃO, CIÊNCIA E TECNOLOGIA DO CEARÁ;CR;Não;Não;Não;Não;R$ 0,00;R$ 0,00;R$ 0,00;R$ 121.154,67;R$ 121.154,67;R$ 121.154,67;REFERENTE A 1° MEDIÇÃO DO OBJETO: CONTRATAÇÃO DE EMPRESA PARA EXECUÇÃO DE OBRA PARA CONSTRUÇÃO DE BLOCO COM QUATRO SALAS NO CAMPUS CAMOCIM DO IFCE NO SISTEMA CONSTRUTIVO STEEL FRAME. (PROJETO BÁSICO 5762507). CONTRATO DE OBRA DE ENGENHARIA Nº 06/2024. PROCESSO Nº 23486.001039/2023-39.
1029;1;DINAMICA EMPREENDIMENTOS E SOLUCOES LTDA;NFSE;1175;30/04/2024;86;MUNICIPIO DE ASSARÉ;CR;Não;Não;Não;Não;R$ 0,00;R$ 0,00;R$ 0,00;R$ 404.255,05;R$ 404.255,05;R$ 404.255,05;26ª MEDIÇÃO - OBJETO: CONTRATAÇÃO DE SERVIÇOS DE ENGENHARIA PARA A EXECUÇÃO DAS OBRAS DE REFORMA E AMPLIAÇÃO DO HOSPITAL GERAL NOSSA SENHORA DAS DORES DO MUNICÍPIO DE ASSARÉ/CE.
1030;1;DINAMICA EMPREENDIMENTOS E SOLUCOES LTDA;NFSE;1176;13/05/2024;86;MUNICIPIO DE ASSARÉ;CR;Não;Não;Não;Não;R$ 0,00;R$ 0,00;R$ 0,00;R$ 63.316,59;R$ 63.316,59;R$ 63.316,59;3ª MEDIÇÃO - OBJETO: CONTRATAÇÃO DE SERVIÇOS PARA A EXECUÇÃO DAS OBRAS DE RECUPERAÇÃO DO MATADOURO PÚBLICO MUNICIPAL, ATRAVÉS DA SECRETARIA DE INFRAESTRUTURA DE ASSARÉ/CE.
1078;1;DINAMICA EMPREENDIMENTOS E SOLUCOES LTDA;NFSE;1177;16/05/2024;87;FUNDO MUNICIPAL DE EDUCACAO - INFRAESTRUTURA - FME-I;CR;Não;Não;Não;Não;R$ 0,00;R$ 0,00;R$ 0,00;R$ 430.654,59;R$ 430.654,59;R$ 430.654,59;REFERENTE A 16ª MEDIÇÃO - REALIZADA NO PERÍODO DE 01/01/2024 À 31/01/2024 - OBJETO: REFORMA E AMPLIAÇÃO DA ESCOLA MUNICIPAL DIOGO VITAL DE SIQUEIRA, NO BAIRRO PREFEITO JOSÉ WALTER, MUNICÍPIO DE FORTALEZA. (Lote 01). MAPPFOR: 16 - REFORMA E AMPLIAÇÃO DE ESCOLAS MUNICIPAIS DE TEMPO INTEGRAL. CONTRATO Nº 20/2022  FME-I - RDC PRESENCIAL Nº 039/2022.
1079;1;DINAMICA EMPREENDIMENTOS E SOLUCOES LTDA;NFSE;1178;16/05/2024;87;FUNDO MUNICIPAL DE EDUCACAO - INFRAESTRUTURA - FME-I;CR;Não;Não;Não;Não;R$ 0,00;R$ 0,00;R$ 0,00;R$ 13.560,11;R$ 13.560,11;R$ 13.560,11;REFERENTE AO REAJUSTE DA 16ª MEDIÇÃO - REALIZADA NO PERÍODO DE 01/01/2024 À 31/01/2024 - OBJETO: REFORMA E AMPLIAÇÃO DA ESCOLA MUNICIPAL DIOGO VITAL DE SIQUEIRA, NO BAIRRO PREFEITO JOSÉ WALTER, MUNICÍPIO DE FORTALEZA. (Lote 01). MAPPFOR: 16 - REFORMA E AMPLIAÇÃO DE ESCOLAS MUNICIPAIS DE TEMPO INTEGRAL. CONTRATO Nº 20/2022  FME-I - RDC PRESENCIAL Nº 039/2022.
1080;1;DINAMICA EMPREENDIMENTOS E SOLUCOES LTDA;NFSE;1179;20/05/2024;77;SECRETARIA DA PROTEÇÃO SOCIAL, JUSTIÇA, CIDADANIA, MULHERES E DIREITOS HUMANOS;CR;Não;Não;Não;Não;R$ 0,00;R$ 0,00;R$ 0,00;R$ 196.208,82;R$ 196.208,82;R$ 196.208,82;REFERENTE AO PAGAMENTO DA 18ª MEDIÇÃO DA CONSTRUÇÃO DE 01 (UM) CENTRO DE EDUCAÇÃO INFANTIL - CEI - PADRÃO IV, NO MUNICÍPIO DE CANINDÉ/CE. RELATIVO AO PERÍODO DE 21/01/2024 a 20/02/2024. CONFORME CONTRATO Nº 060/2022.
1081;1;DINAMICA EMPREENDIMENTOS E SOLUCOES LTDA;NFSE;1180;20/05/2024;93;UNIVERSIDADE DA INTEGRACAO INTERNACIONAL DA LUSOFONIA AFRO-BRASILEIRA - UNILAB;CR;Não;Não;Não;Não;R$ 0,00;R$ 0,00;R$ 0,00;R$ 254.950,64;R$ 254.950,64;R$ 254.950,64;REFERENTE A 2° MEDIÇÃO DO OBJETO: CONTRATAÇÃO DE SERVIÇOS COMUNS DE ENGENHARIA DE EMPRESA ESPECIALIZADA PARA A OBRA DE CONSTRUÇÃO DOS BLOCOS ANEXOS DO CAMPUS DOS MALÊS. PERÍODO DE 01 / 04 /2024 À 30 / 04 / 2024. CONTRATO Nº 16/2023. PROCESSO Nº 23804.000809/2023-86.
1082;1;DINAMICA EMPREENDIMENTOS E SOLUCOES LTDA;NFSE;1181;21/05/2024;81;MUNICIPIO DE SENADOR POMPEU - SECRETARIA DE EDUCAÇÃO, CULTURA E DESPORTO;CR;Não;Não;Não;Não;R$ 0,00;R$ 0,00;R$ 0,00;R$ 313.786,43;R$ 313.786,43;R$ 313.786,43;8ª MEDIÇÃO - OBJETO: CONTRATAÇÃO DE EMPRESA ESPECIALIZADA PARA A CONSTRUÇÃO DE UM GALPÃO INDUSTRIAL NO MUNICÍPIO DE SENADOR POMPEU-CE, ATRAVÉS DA SECRETARIA DE INFRAESTRUTURA, DESTE MUNICÍPIO. CONTRATO N° SI-CP001/2022-01. CONCORRÊNCIA Nº SI´CP001/2022.
1083;1;DINAMICA EMPREENDIMENTOS E SOLUCOES LTDA;NFSE;1182;22/05/2024;6;INSTITUTO FEDERAL DE EDUCAÇÃO, CIÊNCIA E TECNOLOGIA DO CEARÁ;CR;Não;Não;Não;Não;R$ 0,00;R$ 0,00;R$ 0,00;R$ 94.634,95;R$ 94.634,95;R$ 94.634,95;REFERENTE A 2° MEDIÇÃO DO OBJETO: CONTRATAÇÃO DE EMPRESA ESPECIALIZADA EM OBRA DE ENGENHARIA, NA CONSTRUÇÃO DE EDIFICAÇÕES ENVOLVENDO OS TIPOS ALVENARIA E/OU LIGHT STEEL FRAME, PARA O IFCE CAMPUS CRATEÚS. (PROJETO BÁSICO 5390108). CONTRATO DE OBRA DE ENGENHARIA Nº 05/2024. PROCESSO Nº 23293.000074/2024-89.
1084;1;DINAMICA EMPREENDIMENTOS E SOLUCOES LTDA;NFSE;1183;22/05/2024;6;INSTITUTO FEDERAL DE EDUCAÇÃO, CIÊNCIA E TECNOLOGIA DO CEARÁ;CR;Não;Não;Não;Não;R$ 0,00;R$ 0,00;R$ 0,00;R$ 193.161,55;R$ 193.161,55;R$ 193.161,55;REFERENTE A 2° MEDIÇÃO DO OBJETO: CONTRATAÇÃO DE EMPRESA PARA EXECUÇÃO DE OBRA PARA CONSTRUÇÃO DE BLOCO COM QUATRO SALAS NO CAMPUS CAMOCIM DO IFCE NO SISTEMA CONSTRUTIVO STEEL FRAME. (PROJETO BÁSICO 5762507). CONTRATO DE OBRA DE ENGENHARIA Nº 06/2024. PROCESSO Nº 23486.001039/2023-39
1085;1;DINAMICA EMPREENDIMENTOS E SOLUCOES LTDA;NFSE;1184;22/05/2024;6;INSTITUTO FEDERAL DE EDUCAÇÃO, CIÊNCIA E TECNOLOGIA DO CEARÁ;CR;Não;Não;Não;Não;R$ 0,00;R$ 0,00;R$ 0,00;R$ 86.111,45;R$ 86.111,45;R$ 86.111,45;REFERENTE A 1° MEDIÇÃO DO OBJETO: CONTRATAÇÃO DA OBRA DE ENGENHARIA PARA CONSTRUÇÃO DA UNIDADE DE ALIMENTAÇÃO NUTRICIONAL NO CAMPUS ACARAU. CONTRATO DE OBRA DE ENGENHARIA Nº 13/2024. PROCESSO Nº 23255.001689/2023-06.
1086;1;DINAMICA EMPREENDIMENTOS E SOLUCOES LTDA;NFSE;1185;24/05/2024;6;INSTITUTO FEDERAL DE EDUCAÇÃO, CIÊNCIA E TECNOLOGIA DO CEARÁ;CR;Não;Não;Não;Não;R$ 0,00;R$ 0,00;R$ 0,00;R$ 291.728,29;R$ 291.728,29;R$ 291.728,29;REFERENTE A 1° MEDIÇÃO DO OBJETO: CONTRATAÇÃO DE EMPRESA PARA EXECUÇÃO DE OBRA PARA CONSTRUÇÃO DE BLOCO COM QUATRO SALAS NO CAMPUS TABULEIRO DO NORTE DO IFCE NO SISTEMA CONSTRUTIVO STEEL FRAME. (PROJETO BÁSICO 5755893). CONTRATO DE OBRA DE ENGENHARIA Nº 07/2024. PROCESSO Nº 23489.000040/2024-05.
1087;1;DINAMICA EMPREENDIMENTOS E SOLUCOES LTDA;NFSE;1186;24/05/2024;86;MUNICIPIO DE ASSARÉ;CR;Não;Não;Não;Não;R$ 0,00;R$ 0,00;R$ 0,00;R$ 501.047,53;R$ 501.047,53;R$ 501.047,53;4ª MEDIÇÃO - OBJETO: CONTRATAÇÃO DE SERVIÇOS PARA EXECUÇÃO DAS OBRAS DE CONSTRUÇÃO DE UNIDADE ESCOLAR COM 12 SALAS DE AULA COM QUADRA POLIESPORTIVA COBERTA - MODELO FNDE, PARA ATENDER AS NECESSIDADES DA SECRETARIA MUNICIPAL DE EDUCAÇÃO DE ASSARÉ/CE.
1088;1;DINAMICA EMPREENDIMENTOS E SOLUCOES LTDA;NFSE;1187;24/05/2024;77;SECRETARIA DA PROTEÇÃO SOCIAL, JUSTIÇA, CIDADANIA, MULHERES E DIREITOS HUMANOS;CR;Não;Não;Não;Não;R$ 0,00;R$ 0,00;R$ 0,00;R$ 23.275,72;R$ 23.275,72;R$ 23.275,72;REFERENTE AO PAGAMENTO DE DESPESA DE EXERCÍCIO ANTERIOR DA CONSTRUÇÃO DE 01 (UM) CENTRO DE EDUCAÇÃO INFANTIL - CEI, PADRÃO IV, NO MUNICÍPIO DE CANINDÉ/CE, RELATIVO AO PERÍODO DE 8ª 21/03/2023 - 20/04/2023, 9ª 21/04/2023 - 20/05/2023, 10ª 21/05/2023 - 20/06/2023, 11ª 21/06/2023 - 20/07/2023. CONFORME CONTRATO Nº 60/2022
1089;1;DINAMICA EMPREENDIMENTOS E SOLUCOES LTDA;NFSE;1188;24/05/2024;90;MUNICIPIO DE SOBRAL;CR;Não;Não;Não;Não;R$ 0,00;R$ 0,00;R$ 0,00;R$ 197.736,14;R$ 197.736,14;R$ 197.736,14;REFERENTE A 21° MEDIÇÃO DO OBJETO: CONTRATAÇÃO DE EMPRESA ESPECIALIZADA PARA CONSTRUÇÃO DE ESCOLA VERTICAL, 12 SALAS, NO BAIRRO ALTO DA BRASILIA, NO MUNICÍPIO DE DE SOBRAL / CE. PERÍODO DE: 01/04/2024 - 30/04/2024. CONTRATO Nº 0094 / 2022 - SME. CONCORRÊNCIA PÚBLICA Nº CP22003 - SME.
1090;1;DINAMICA EMPREENDIMENTOS E SOLUCOES LTDA;NFSE;1189;24/05/2024;6;INSTITUTO FEDERAL DE EDUCAÇÃO, CIÊNCIA E TECNOLOGIA DO CEARÁ;CR;Não;Não;Não;Não;R$ 0,00;R$ 0,00;R$ 0,00;R$ 112.229,99;R$ 112.229,99;R$ 112.229,99;REFERENTE A 1° MEDIÇÃO DO OBJETO: CONTRATAÇÃO DE EMPRESA ESPECIALIZADA EM OBRA DE ENGENHARIA, NA CONSTRUÇÃO DE EDIFICAÇÕES ENVOLVENDO OS TIPOS ALVENARIA E/OU LIGHT STEEL FRAME, PARA O IFCE CAMPUS MORADA NOVA. (PROJETO BÁSICO 5390108). CONTRATO DE OBRA DE ENGENHARIA Nº 03/2024. PROCESSO Nº 23486.001039/2023-39.
1091;1;DINAMICA EMPREENDIMENTOS E SOLUCOES LTDA;NFSE;1190;28/05/2024;86;MUNICIPIO DE ASSARÉ;CR;Não;Não;Não;Não;R$ 0,00;R$ 0,00;R$ 0,00;R$ 230.791,41;R$ 230.791,41;R$ 230.791,41;27ª MEDIÇÃO - OBJETO: CONTRATAÇÃO DE SERVIÇOS DE ENGENHARIA PARA A EXECUÇÃO DAS OBRAS DE REFORMA E AMPLIAÇÃO DO HOSPITAL GERAL NOSSA SENHORA DAS DORES DO MUNICÍPIO DE ASSARÉ/CE.
1092;1;DINAMICA EMPREENDIMENTOS E SOLUCOES LTDA;NFSE;1191;28/05/2024;86;MUNICIPIO DE ASSARÉ;CR;Não;Não;Não;Não;R$ 0,00;R$ 0,00;R$ 0,00;R$ 118.453,35;R$ 118.453,35;R$ 118.453,35;28ª MEDIÇÃO - OBJETO: CONTRATAÇÃO DE SERVIÇOS DE ENGENHARIA PARA A EXECUÇÃO DAS OBRAS DE REFORMA E AMPLIAÇÃO DO HOSPITAL GERAL NOSSA SENHORA DAS DORES DO MUNICÍPIO DE ASSARÉ/CE.
1093;1;DINAMICA EMPREENDIMENTOS E SOLUCOES LTDA;NFSE;1192;03/06/2024;86;MUNICIPIO DE ASSARÉ;CR;Não;Não;Não;Não;R$ 0,00;R$ 0,00;R$ 0,00;R$ 85.797,55;R$ 85.797,55;R$ 85.797,55;4ª MEDIÇÃO - OBJETO: CONTRATAÇÃO DE SERVIÇOS PARA A EXECUÇÃO DAS OBRAS DE RECUPERAÇÃO DO MATADOURO PÚBLICO MUNICIPAL, ATRAVÉS DA SECRETARIA DE INFRAESTRUTURA DE ASSARÉ/CE. TOMADA DE PREÇOS Nº 2023.03.03.1.
1094;1;DINAMICA EMPREENDIMENTOS E SOLUCOES LTDA;NFSE;1193;04/06/2024;86;MUNICIPIO DE ASSARÉ;CR;Não;Não;Não;Não;R$ 0,00;R$ 0,00;R$ 0,00;R$ 257.643,22;R$ 257.643,22;R$ 257.643,22;29ª MEDIÇÃO - OBJETO: CONTRATAÇÃO DE SERVIÇOS DE ENGENHARIA PARA A EXECUÇÃO DAS OBRAS DE REFORMA E AMPLIAÇÃO DO HOSPITAL GERAL NOSSA SENHORA DAS DORES DO MUNICÍPIO DE ASSARÉ/CE.
1095;1;DINAMICA EMPREENDIMENTOS E SOLUCOES LTDA;NFSE;1194;05/06/2024;82;PREFEITURA MUNICIPAL DE PARAIPABA;CR;Não;Não;Não;Não;R$ 0,00;R$ 0,00;R$ 0,00;R$ 202.909,49;R$ 202.909,49;R$ 202.909,49;REFERENTE A 8° MEDIÇÃO DO OBJETO: CONTRATAÇÃO DE EMPRESA PARA EXECUÇÃO DOS SERVIÇOS DE REFORMA E AMPLIAÇÃO DA EMEIF FRANCISCO CIPRIANO MOREIRA NO MUNICÍPIO DE PARAIPABA-CE. CONTRATO Nº 2023.02.28.01. CONCORRÊNCIA Nº 005.2022.
1096;1;DINAMICA EMPREENDIMENTOS E SOLUCOES LTDA;NFSE;1195;05/06/2024;96;DEPARTAMENTO DE POLICIA RODOVIÁRIA FEDERAL;CR;Não;Não;Não;Não;R$ 0,00;R$ 0,00;R$ 0,00;R$ 40.189,89;R$ 40.189,89;R$ 40.189,89;REFERENTE A 4ª MEDIÇÃO DO OBJETO: CONSTRUÇÃO DA UNIDADE OPERACIONAL DA POLÍCIA RODOVIÁRIA FEDERAL EM POCINHOS / PB. VALOR MEDIDO R$ 40.189,89 (PREÇOS UNITÁRIOS DA PROPOSTA ORIGINAL R$ 78.826,72) E R$ 5.657,47 (CORREÇÃO MONETÁRIA CONFORME TERMO DE APOSTILAMENTO 13 - SEI Nº 53039614 (7,1771%). EM ATENÇÃO À DETERMINAÇÃO CONTIDA NA NOTA TÉCNICA 32 (SEI Nº 56824512), RETER R$ 44.294,30 POR VALORES PAGOS A MAIOR. CONTRATO Nº 78 / 2022. PROCESSO Nº 08650.037267/2022-23.
1097;1;DINAMICA EMPREENDIMENTOS E SOLUCOES LTDA;NFSE;1196;19/06/2024;77;SECRETARIA DA PROTEÇÃO SOCIAL, JUSTIÇA, CIDADANIA, MULHERES E DIREITOS HUMANOS;CR;Não;Não;Não;Não;R$ 0,00;R$ 0,00;R$ 0,00;R$ 63.429,91;R$ 63.429,91;R$ 63.429,91;REFERENTE AO PAGAMENTO DOS REAJUSTES CONTRATUAL DAS 9ª, 10º, 14º E 17º MEDIÇÕES DA CONSTRUÇÃO DE 01 (UM) CENTRO DE EDUCAÇÃO INFANTIL - CEI, PADRÃO IV, NO MUNICÍPIO DE CASCAVEL - CE. RELATIVO AOS PERÍODOS DE 21/08/2022 À 20/09/2022, 21/09/2022 À 20/10/2022, 21/01/2023 À 20/02/2023, 21/05/2023 À 20/06/2023. CONFORME CONTRATO 114/2021.
1098;1;DINAMICA EMPREENDIMENTOS E SOLUCOES LTDA;NFSE;1197;19/06/2024;6;INSTITUTO FEDERAL DE EDUCAÇÃO, CIÊNCIA E TECNOLOGIA DO CEARÁ;CR;Não;Não;Não;Não;R$ 0,00;R$ 0,00;R$ 0,00;R$ 77.796,27;R$ 77.796,27;R$ 77.796,27;"1ª MEDIÇÃO - OBJETO: CONTRATAÇÃO DE SERVIÇO COMUM DE ENGENHARIA DE MANUTENÇÃO PREVENTIVA E CORRETIVA DAS SUBESTAÇÕES DO IFCE - GRUPO 04 - CAMPUS IGUATU. ""SERVIÇO DE EXECUÇÃO PRENTIVA"" CONTRATO Nº 32 / 2023. PROCESSO Nº 23255.001512/2023-00."
1099;1;DINAMICA EMPREENDIMENTOS E SOLUCOES LTDA;NFSE;1198;19/06/2024;6;INSTITUTO FEDERAL DE EDUCAÇÃO, CIÊNCIA E TECNOLOGIA DO CEARÁ;CR;Não;Não;Não;Não;R$ 0,00;R$ 0,00;R$ 0,00;R$ 43.619,53;R$ 43.619,53;R$ 43.619,53;"1ª MEDIÇÃO - OBJETO: CONTRATAÇÃO DE SERVIÇO COMUM DE ENGENHARIA DE MANUTENÇÃO PREVENTIVA E CORRETIVA DAS SUBESTAÇÕES DO IFCE - GRUPO 02 - CAMPUS ITAPIPOCA. ""SERVIÇO DE EXECUÇÃO PRENTIVA"" CONTRATO Nº 30 / 2023. PROCESSO Nº 23255.001512/2023-00."
1100;1;DINAMICA EMPREENDIMENTOS E SOLUCOES LTDA;NFSE;1200;19/06/2024;6;INSTITUTO FEDERAL DE EDUCAÇÃO, CIÊNCIA E TECNOLOGIA DO CEARÁ;CR;Não;Não;Não;Não;R$ 0,00;R$ 0,00;R$ 0,00;R$ 210.006,03;R$ 210.006,03;R$ 210.006,03;REFERENTE A 3° MEDIÇÃO DO OBJETO: CONTRATAÇÃO DE EMPRESA ESPECIALIZADA EM OBRA DE ENGENHARIA, NA CONSTRUÇÃO DE EDIFICAÇÕES ENVOLVENDO OS TIPOS ALVENARIA E/OU LIGHT STEEL FRAME, PARA O IFCE CAMPUS CRATEÚS. (PROJETO BÁSICO 5390108). CONTRATO DE OBRA DE ENGENHARIA Nº 05/2024. PROCESSO Nº 23293.000074/2024-89.
1104;1;DINAMICA EMPREENDIMENTOS E SOLUCOES LTDA;NFSE;1199;19/06/2024;90;MUNICIPIO DE SOBRAL;CR;Não;Não;Não;Não;R$ 0,00;R$ 0,00;R$ 0,00;R$ 95.298,86;R$ 95.298,86;R$ 95.298,86;REFERENTE A 22° MEDIÇÃO DO OBJETO: CONTRATAÇÃO DE EMPRESA ESPECIALIZADA PARA CONSTRUÇÃO DE ESCOLA VERTICAL, 12 SALAS, NO BAIRRO ALTO DA BRASILIA, NO MUNICÍPIO DE DE SOBRAL / CE. PERÍODO DE: 01/05/2024 - 31/05/2024. CONTRATO Nº 0094 / 2022 - SME. CONCORRÊNCIA PÚBLICA Nº CP22003 - SME.
1101;1;DINAMICA EMPREENDIMENTOS E SOLUCOES LTDA;NFSE;1201;20/06/2024;6;INSTITUTO FEDERAL DE EDUCAÇÃO, CIÊNCIA E TECNOLOGIA DO CEARÁ;CR;Não;Não;Não;Não;R$ 0,00;R$ 0,00;R$ 0,00;R$ 1.582,00;R$ 1.582,00;R$ 1.582,00;"2ª MEDIÇÃO - OBJETO: CONTRATAÇÃO DE SERVIÇO COMUM DE ENGENHARIA DE MANUTENÇÃO PREVENTIVA E CORRETIVA DAS SUBESTAÇÕES DO IFCE - GRUPO 03 - CAMPUS QUIXADÁ. ""SERVIÇO DE EXECUÇÃO EMERGENCIAL"" CONTRATO Nº 31 / 2023. PROCESSO Nº 23255.001512/2023-00."
1102;1;DINAMICA EMPREENDIMENTOS E SOLUCOES LTDA;NFSE;1202;21/06/2024;95;DISTRITO SANITARIO ESPECIAL INDIGENA CEARA - DSEI/CE;CR;Não;Não;Não;Não;R$ 0,00;R$ 0,00;R$ 0,00;R$ 92.022,87;R$ 92.022,87;R$ 92.022,87;REFERENTE A 2° MEDIÇÃO DO OBJETO: CONTRATAÇÃO DA EMPRESA ESPECIALIZADA NA EXECUÇÃO DA CONSTRUÇÃO DA UNIDADE BÁSICA DE SAÚDE INDÍGENA TIPO III NA ALDEIA VILA VITORIA EM CRATEÚS/CE. CONTRATO Nº 22/2023. PROCESSO Nº 25044.000935/2019-29.
1103;1;DINAMICA EMPREENDIMENTOS E SOLUCOES LTDA;NFSE;1203;21/06/2024;87;FUNDO MUNICIPAL DE EDUCACAO - INFRAESTRUTURA - FME-I;CR;Não;Não;Não;Não;R$ 0,00;R$ 0,00;R$ 0,00;R$ 251.469,75;R$ 251.469,75;R$ 251.469,75;REFERENTE A 18ª MEDIÇÃO - REALIZADA NO PERÍODO DE 01/01/2024 À 31/01/2024 - OBJETO: CONTRATAÇÃO DE EMPRESA PARA EXECUÇÃO DAS OBRAS DE REFORMA DAS ESCOLAS MUNICIPAIS ? E.M. JOSEFA BARROS DE ALENCAR E E.M. JOSÉ ALCIDES PINTO, NOS BAIRROS MESSEJANA E BONSUCESSO, ESPECTIVAMENTE, NO MUNICÍPIO DE FORTALEZA.. (Lote 01). MAPPFOR: 10 - REFORMA E AMPLIAÇÃO DO PARQUE ESCOLAR. CONTRATO Nº 15/2022 ? FME-I - RDC PRESENCIAL Nº 027/2022.
1105;1;DINAMICA EMPREENDIMENTOS E SOLUCOES LTDA;NFSE;1204;21/06/2024;87;FUNDO MUNICIPAL DE EDUCACAO - INFRAESTRUTURA - FME-I;CR;Não;Não;Não;Não;R$ 0,00;R$ 0,00;R$ 0,00;R$ 13.589,61;R$ 13.589,61;R$ 13.589,61;REFERENTE AO REAJUSTE DA 18ª MEDIÇÃO - REALIZADA NO PERÍODO DE 01/01/2024 À 31/01/2024 - OBJETO: CONTRATAÇÃO DE EMPRESA PARA EXECUÇÃO DAS OBRAS DE REFORMA DAS ESCOLAS MUNICIPAIS  E.M. JOSEFA BARROS DE ALENCAR E E.M. JOSÉ ALCIDES PINTO, NOS BAIRROS MESSEJANA E BONSUCESSO, ESPECTIVAMENTE, NO MUNICÍPIO DE FORTALEZA.. (Lote 01). MAPPFOR: 10 - REFORMA E AMPLIAÇÃO DO PARQUE ESCOLAR. CONTRATO Nº 15/2022  FME-I - RDC PRESENCIAL Nº 027/2022.
1106;1;DINAMICA EMPREENDIMENTOS E SOLUCOES LTDA;NFSE;1205;21/06/2024;6;INSTITUTO FEDERAL DE EDUCAÇÃO, CIÊNCIA E TECNOLOGIA DO CEARÁ;CR;Não;Não;Não;Não;R$ 0,00;R$ 0,00;R$ 0,00;R$ 121.980,27;R$ 121.980,27;R$ 121.980,27;REFERENTE A 2° MEDIÇÃO DO OBJETO: CONTRATAÇÃO DE EMPRESA PARA EXECUÇÃO DE OBRA PARA CONSTRUÇÃO DE BLOCO COM QUATRO SALAS NO CAMPUS TABULEIRO DO NORTE DO IFCE NO SISTEMA CONSTRUTIVO STEEL FRAME. (PROJETO BÁSICO 5755893). CONTRATO DE OBRA DE ENGENHARIA Nº 07/2024.
1107;1;DINAMICA EMPREENDIMENTOS E SOLUCOES LTDA;NFSE;1206;25/06/2024;6;INSTITUTO FEDERAL DE EDUCAÇÃO, CIÊNCIA E TECNOLOGIA DO CEARÁ;CR;Não;Não;Não;Não;R$ 0,00;R$ 0,00;R$ 0,00;R$ 273.278,77;R$ 273.278,77;R$ 273.278,77;REFERENTE A 2° MEDIÇÃO DO OBJETO: CONTRATAÇÃO DE EMPRESA ESPECIALIZADA EM OBRA DE ENGENHARIA, NA CONSTRUÇÃO DE EDIFICAÇÕES ENVOLVENDO OS TIPOS ALVENARIA E/OU LIGHT STEEL FRAME, PARA O IFCE CAMPUS MORADA NOVA. (PROJETO BÁSICO 5390108). CONTRATO DE OBRA DE ENGENHARIA Nº 03/2024. PROCESSO Nº 23486.001039/2023-39.
1108;1;DINAMICA EMPREENDIMENTOS E SOLUCOES LTDA;NFSE;1207;25/06/2024;86;MUNICIPIO DE ASSARÉ;CR;Não;Não;Não;Não;R$ 0,00;R$ 0,00;R$ 0,00;R$ 115.622,71;R$ 115.622,71;R$ 115.622,71;5ª MEDIÇÃO - OBJETO: CONTRATAÇÃO DE SERVIÇOS PARA A EXECUÇÃO DAS OBRAS DE RECUPERAÇÃO DO MATADOURO PÚBLICO MUNICIPAL, ATRAVÉS DA SECRETARIA DE INFRAESTRUTURA DE ASSARÉ/CE. TOMADA DE PREÇOS Nº 2023.03.03.1.
1109;1;DINAMICA EMPREENDIMENTOS E SOLUCOES LTDA;NFSE;1208;26/06/2024;6;INSTITUTO FEDERAL DE EDUCAÇÃO, CIÊNCIA E TECNOLOGIA DO CEARÁ;CR;Não;Não;Não;Não;R$ 0,00;R$ 0,00;R$ 0,00;R$ 109.873,15;R$ 109.873,15;R$ 109.873,15;REFERENTE A 2° MEDIÇÃO DO OBJETO: CONTRATAÇÃO DA OBRA DE ENGENHARIA PARA CONSTRUÇÃO DA UNIDADE DE ALIMENTAÇÃO NUTRICIONAL NO CAMPUS ACARAU. CONTRATO DE OBRA DE ENGENHARIA Nº 13/2024. PROCESSO Nº 23255.001689/2023-06.
1110;1;DINAMICA EMPREENDIMENTOS E SOLUCOES LTDA;NFSE;1209;26/06/2024;6;INSTITUTO FEDERAL DE EDUCAÇÃO, CIÊNCIA E TECNOLOGIA DO CEARÁ;CR;Não;Não;Não;Não;R$ 0,00;R$ 0,00;R$ 0,00;R$ 168.774,85;R$ 168.774,85;R$ 168.774,85;REFERENTE A 3° MEDIÇÃO DO OBJETO: CONTRATAÇÃO DE EMPRESA PARA EXECUÇÃO DE OBRA PARA CONSTRUÇÃO DE BLOCO COM QUATRO SALAS NO CAMPUS CAMOCIM DO IFCE NO SISTEMA CONSTRUTIVO STEEL FRAME. (PROJETO BÁSICO 5762507). CONTRATO DE OBRA DE ENGENHARIA Nº 06/2024. PROCESSO Nº 23486.001039/2023-39.
1111;1;DINAMICA EMPREENDIMENTOS E SOLUCOES LTDA;NFSE;1210;26/06/2024;93;UNIVERSIDADE DA INTEGRACAO INTERNACIONAL DA LUSOFONIA AFRO-BRASILEIRA - UNILAB;CR;Não;Não;Não;Não;R$ 0,00;R$ 0,00;R$ 0,00;R$ 344.230,93;R$ 344.230,93;R$ 344.230,93;REFERENTE A 3° MEDIÇÃO DO OBJETO: CONTRATAÇÃO DE SERVIÇOS COMUNS DE ENGENHARIA DE EMPRESA ESPECIALIZADA PARA A OBRA DE CONSTRUÇÃO DOS BLOCOS ANEXOS DO CAMPUS DOS MALÊS. PERÍODO DE 01 / 05 /2024 À 31 / 05 / 2024. CONTRATO Nº 16/2023. PROCESSO Nº 23804.000809/2023-86.
1112;1;DINAMICA EMPREENDIMENTOS E SOLUCOES LTDA;NFSE;1211;26/06/2024;6;INSTITUTO FEDERAL DE EDUCAÇÃO, CIÊNCIA E TECNOLOGIA DO CEARÁ;CR;Não;Não;Não;Não;R$ 0,00;R$ 0,00;R$ 0,00;R$ 33.171,03;R$ 33.171,03;R$ 33.171,03;REFERENTE A MEDIÇÃO DO ADITIVO CONTRATUAL DO OBJETO: CONTRATAÇÃO DE EMPRESA ESPECIALIZADA EM OBRA DE ENGENHARIA, NA CONSTRUÇÃO DE EDIFICAÇÕES ENVOLVENDO OS TIPOS ALVENARIA E/OU LIGHT STEEL FRAME, PARA O IFCE CAMPUS CRATEÚS. (PROJETO BÁSICO 5390108). CONTRATO DE OBRA DE ENGENHARIA Nº 05/2024. PROCESSO Nº 23293.000074/2024-89.
1113;1;DINAMICA EMPREENDIMENTOS E SOLUCOES LTDA;NFSE;1213;28/06/2024;6;INSTITUTO FEDERAL DE EDUCAÇÃO, CIÊNCIA E TECNOLOGIA DO CEARÁ;CR;Não;Não;Não;Não;R$ 0,00;R$ 0,00;R$ 0,00;R$ 124.641,07;R$ 124.641,07;R$ 124.641,07;REFERENTE A 1° MEDIÇÃO DO OBJETO: CONTRATAÇÃO DE EMPRESA PARA EXECUÇÃO DE OBRA PARA CONSTRUÇÃO DE BLOCO COM QUATRO SALAS NO CAMPUS UBAJARA DO IFCE NO SISTEMA CONSTRUTIVO STEEL FRAME. (PROJETO BÁSICO 5753995). CONTRATO DE OBRA DE ENGENHARIA Nº 02/2024. PROCESSO Nº 23492.000024/2024-55.
1128;1;DINAMICA EMPREENDIMENTOS E SOLUCOES LTDA;REC;12514;01/07/2024;69;AJUSTE DE CAIXA;CR;Não;Não;Não;Não;R$ 0,00;R$ 0,00;R$ 0,00;R$ 275,25;R$ 275,25;R$ 275,25;TÍTULO CRIADO PARA AGUARDAR O ESTORNO REF. AO VALOR QUE FOI PAGO A MAIOR NO PEDIDO 12514
1130;1;DINAMICA EMPREENDIMENTOS E SOLUCOES LTDA;REC;12532;01/07/2024;69;AJUSTE DE CAIXA;CR;Não;Não;Não;Não;R$ 0,00;R$ 0,00;R$ 0,00;R$ 275,25;R$ 275,25;R$ 275,25;TÍTULO CRIADO PARA AGUARDAR O ESTORNO REF. AO VALOR QUE FOI PAGO A MAIOR NO PEDIDO 12532
1114;1;DINAMICA EMPREENDIMENTOS E SOLUCOES LTDA;NFSE;1215;02/07/2024;6;INSTITUTO FEDERAL DE EDUCAÇÃO, CIÊNCIA E TECNOLOGIA DO CEARÁ;CR;Não;Não;Não;Não;R$ 0,00;R$ 0,00;R$ 0,00;R$ 121.492,38;R$ 121.492,38;R$ 121.492,38;REFERENTE A 1° MEDIÇÃO DO OBJETO: CONTRATAÇÃO DE EMPRESA PARA EXECUÇÃO DE OBRA PARA CONSTRUÇÃO DE BLOCO COM QUATRO SALAS NO CAMPUS MARACANAÚ DO IFCE NO SISTEMA CONSTRUTIVO STEEL FRAME. (PROJETO BÁSICO 5762930). CONTRATO DE OBRA DE ENGENHARIA Nº 04/2024. PROCESSO Nº 23259.000195/2024-47.
1118;1;DINAMICA EMPREENDIMENTOS E SOLUCOES LTDA;NFSE;1217;03/07/2024;86;MUNICIPIO DE ASSARÉ;CR;Não;Não;Não;Não;R$ 0,00;R$ 0,00;R$ 0,00;R$ 437.353,38;R$ 437.353,38;R$ 437.353,38;30ª MEDIÇÃO - OBJETO: CONTRATAÇÃO DE SERVIÇOS DE ENGENHARIA PARA A EXECUÇÃO DAS OBRAS DE REFORMA E AMPLIAÇÃO DO HOSPITAL GERAL NOSSA SENHORA DAS DORES DO MUNICÍPIO DE ASSARÉ/CE.
1119;1;DINAMICA EMPREENDIMENTOS E SOLUCOES LTDA;NFSE;1216;03/07/2024;86;MUNICIPIO DE ASSARÉ;CR;Não;Não;Não;Não;R$ 0,00;R$ 0,00;R$ 0,00;R$ 514.730,40;R$ 514.730,40;R$ 514.730,40;5ª MEDIÇÃO - OBJETO: CONTRATAÇÃO DE SERVIÇOS PARA EXECUÇÃO DAS OBRAS DE CONSTRUÇÃO DE UNIDADE ESCOLAR COM 12 SALAS DE AULA COM QUADRA POLIESPORTIVA COBERTA - MODELO FNDE, PARA ATENDER AS NECESSIDADES DA SECRETARIA MUNICIPAL DE EDUCAÇÃO DE ASSARÉ/CE.
1116;1;DINAMICA EMPREENDIMENTOS E SOLUCOES LTDA;NFSE;1218;05/07/2024;95;DISTRITO SANITARIO ESPECIAL INDIGENA CEARA - DSEI/CE;CR;Não;Não;Não;Não;R$ 0,00;R$ 0,00;R$ 0,00;R$ 245.780,28;R$ 245.780,28;R$ 245.780,28;REFERENTE A 3° MEDIÇÃO DO OBJETO: CONTRATAÇÃO DA EMPRESA ESPECIALIZADA NA EXECUÇÃO DA CONSTRUÇÃO DA UNIDADE BÁSICA DE SAÚDE INDÍGENA TIPO III NA ALDEIA VILA VITORIA EM CRATEÚS/CE. CONTRATO Nº 22/2023. PROCESSO Nº 25044.000935/2019-29.
1117;1;DINAMICA EMPREENDIMENTOS E SOLUCOES LTDA;NFSE;1219;10/07/2024;96;DEPARTAMENTO DE POLICIA RODOVIÁRIA FEDERAL;CR;Não;Não;Não;Não;R$ 0,00;R$ 0,00;R$ 0,00;R$ 202.015,89;R$ 202.015,89;R$ 202.015,89;REFERENTE A 5ª MEDIÇÃO DO OBJETO: CONSTRUÇÃO DA UNIDADE OPERACIONAL DA POLÍCIA RODOVIÁRIA FEDERAL EM POCINHOS / PB. VALOR MEDIDO R$ 202.015,89 (PREÇOS UNITÁRIOS DA PROPOSTA ORIGINAL R$ 188.487,92) E R$ 13.527,97 (CORREÇÃO MONETÁRIA CONFORME TERMO DE APOSTILAMENTO 13 - SEI Nº 53039614 (7,1771%). CONTRATO Nº 78 / 2022. PROCESSO Nº 08650.037267/2022-23.
1120;1;DINAMICA EMPREENDIMENTOS E SOLUCOES LTDA;NFSE;1220;11/07/2024;77;SECRETARIA DA PROTEÇÃO SOCIAL, JUSTIÇA, CIDADANIA, MULHERES E DIREITOS HUMANOS;CR;Não;Não;Não;Não;R$ 0,00;R$ 0,00;R$ 0,00;R$ 444.809,78;R$ 444.809,78;R$ 444.809,78;REFERENTE AO PAGAMENTO DA 19ª MEDIÇÃO DA CONSTRUÇÃO DE 01 (UM) CENTRO DE EDUCAÇÃO INFANTIL - CEI - PADRÃO IV, NO MUNICÍPIO DE CANINDÉ/CE. RELATIVO AO PERÍODO DE 21/02/2024 a 20/03/2024. CONFORME CONTRATO Nº 060/2022.
1121;1;DINAMICA EMPREENDIMENTOS E SOLUCOES LTDA;NFSE;1221;15/07/2024;86;MUNICIPIO DE ASSARÉ;CR;Não;Não;Não;Não;R$ 0,00;R$ 0,00;R$ 0,00;R$ 295.624,75;R$ 295.624,75;R$ 295.624,75;6ª MEDIÇÃO - OBJETO: CONTRATAÇÃO DE SERVIÇOS PARA EXECUÇÃO DAS OBRAS DE CONSTRUÇÃO DE UNIDADE ESCOLAR COM 12 SALAS DE AULA COM QUADRA POLIESPORTIVA COBERTA - MODELO FNDE, PARA ATENDER AS NECESSIDADES DA SECRETARIA MUNICIPAL DE EDUCAÇÃO DE ASSARÉ/CE.
1122;1;DINAMICA EMPREENDIMENTOS E SOLUCOES LTDA;NFSE;1222;18/07/2024;81;MUNICIPIO DE SENADOR POMPEU - SECRETARIA DE EDUCAÇÃO, CULTURA E DESPORTO;CR;Não;Não;Não;Não;R$ 0,00;R$ 0,00;R$ 0,00;R$ 356.976,44;R$ 356.976,44;R$ 356.976,44;9ª MEDIÇÃO - OBJETO: CONTRATAÇÃO DE EMPRESA ESPECIALIZADA PARA A CONSTRUÇÃO DE UM GALPÃO INDUSTRIAL NO MUNICÍPIO DE SENADOR POMPEU-CE, ATRAVÉS DA SECRETARIA DE INFRAESTRUTURA, DESTE MUNICÍPIO. CONTRATO N° SI-CP001/2022-01. CONCORRÊNCIA Nº SI´CP001/2022.
1123;1;DINAMICA EMPREENDIMENTOS E SOLUCOES LTDA;NFSE;1223;24/07/2024;6;INSTITUTO FEDERAL DE EDUCAÇÃO, CIÊNCIA E TECNOLOGIA DO CEARÁ;CR;Não;Não;Não;Não;R$ 0,00;R$ 0,00;R$ 0,00;R$ 161.692,02;R$ 161.692,02;R$ 161.692,02;REFERENTE A 3° MEDIÇÃO DO OBJETO: CONTRATAÇÃO DA OBRA DE ENGENHARIA PARA CONSTRUÇÃO DA UNIDADE DE ALIMENTAÇÃO NUTRICIONAL NO CAMPUS ACARAU. CONTRATO DE OBRA DE ENGENHARIA Nº 13/2024. PROCESSO Nº 23255.001689/2023-06.
1124;1;DINAMICA EMPREENDIMENTOS E SOLUCOES LTDA;NFSE;1224;24/07/2024;6;INSTITUTO FEDERAL DE EDUCAÇÃO, CIÊNCIA E TECNOLOGIA DO CEARÁ;CR;Não;Não;Não;Não;R$ 0,00;R$ 0,00;R$ 0,00;R$ 106.983,04;R$ 106.983,04;R$ 106.983,04;REFERENTE A 4° MEDIÇÃO DO OBJETO: CONTRATAÇÃO DE EMPRESA PARA EXECUÇÃO DE OBRA PARA CONSTRUÇÃO DE BLOCO COM QUATRO SALAS NO CAMPUS CAMOCIM DO IFCE NO SISTEMA CONSTRUTIVO STEEL FRAME. (PROJETO BÁSICO 5762507). CONTRATO DE OBRA DE ENGENHARIA Nº 06/2024. PROCESSO Nº 23486.001039/2023-39.
1125;1;DINAMICA EMPREENDIMENTOS E SOLUCOES LTDA;NFSE;1225;24/07/2024;82;PREFEITURA MUNICIPAL DE PARAIPABA;CR;Não;Não;Não;Não;R$ 0,00;R$ 0,00;R$ 0,00;R$ 192.420,85;R$ 192.420,85;R$ 192.420,85;REFERENTE A 9° MEDIÇÃO DO OBJETO: CONTRATAÇÃO DE EMPRESA PARA EXECUÇÃO DOS SERVIÇOS DE REFORMA E AMPLIAÇÃO DA EMEIF FRANCISCO CIPRIANO MOREIRA NO MUNICÍPIO DE PARAIPABA-CE. CONTRATO Nº 2023.02.28.01. CONCORRÊNCIA Nº 005.2022.
1126;1;DINAMICA EMPREENDIMENTOS E SOLUCOES LTDA;NFSE;1226;25/07/2024;90;MUNICIPIO DE SOBRAL;CR;Não;Não;Não;Não;R$ 0,00;R$ 0,00;R$ 0,00;R$ 301.141,20;R$ 301.141,20;R$ 301.141,20;REFERENTE A 23° MEDIÇÃO DO OBJETO: CONTRATAÇÃO DE EMPRESA ESPECIALIZADA PARA CONSTRUÇÃO DE ESCOLA VERTICAL, 12 SALAS, NO BAIRRO ALTO DA BRASILIA, NO MUNICÍPIO DE DE SOBRAL / CE. PERÍODO DE: 01/06/2024 - 30/06/2024. CONTRATO Nº 0094 / 2022 - SME. CONCORRÊNCIA PÚBLICA Nº CP22003 - SME.
1127;1;DINAMICA EMPREENDIMENTOS E SOLUCOES LTDA;NFSE;1227;25/07/2024;86;MUNICIPIO DE ASSARÉ;CR;Não;Não;Não;Não;R$ 0,00;R$ 0,00;R$ 0,00;R$ 482.972,27;R$ 482.972,27;R$ 482.972,27;31ª MEDIÇÃO - OBJETO: CONTRATAÇÃO DE SERVIÇOS DE ENGENHARIA PARA A EXECUÇÃO DAS OBRAS DE REFORMA E AMPLIAÇÃO DO HOSPITAL GERAL NOSSA SENHORA DAS DORES DO MUNICÍPIO DE ASSARÉ/CE.
1131;1;DINAMICA EMPREENDIMENTOS E SOLUCOES LTDA;NFSE;1228;26/07/2024;93;UNIVERSIDADE DA INTEGRACAO INTERNACIONAL DA LUSOFONIA AFRO-BRASILEIRA - UNILAB;CR;Não;Não;Não;Não;R$ 0,00;R$ 0,00;R$ 0,00;R$ 422.850,33;R$ 422.850,33;R$ 422.850,33;REFERENTE A 4° MEDIÇÃO DO OBJETO: CONTRATAÇÃO DE SERVIÇOS COMUNS DE ENGENHARIA DE EMPRESA ESPECIALIZADA PARA A OBRA DE CONSTRUÇÃO DOS BLOCOS ANEXOS DO CAMPUS DOS MALÊS. PERÍODO DE 01 / 06 /2024 À 30 / 06 / 2024. CONTRATO Nº 16/2023. PROCESSO Nº 23804.000809/2023-86.
1132;1;DINAMICA EMPREENDIMENTOS E SOLUCOES LTDA;NFSE;1230;29/07/2024;6;INSTITUTO FEDERAL DE EDUCAÇÃO, CIÊNCIA E TECNOLOGIA DO CEARÁ;CR;Não;Não;Não;Não;R$ 0,00;R$ 0,00;R$ 0,00;R$ 12.966,71;R$ 12.966,71;R$ 12.966,71;"2ª MEDIÇÃO - OBJETO: CONTRATAÇÃO DE SERVIÇO COMUM DE ENGENHARIA DE MANUTENÇÃO PREVENTIVA E CORRETIVA DAS SUBESTAÇÕES DO IFCE - GRUPO 03 - CAMPUS LIMOEIRO DO NORTE. ""SERVIÇO DE EXECUÇÃO CORRETIVA"" CONTRATO Nº 31 / 2023. PROCESSO Nº 23255.001512/2023-00."
1133;1;DINAMICA EMPREENDIMENTOS E SOLUCOES LTDA;NFSE;1231;29/07/2024;6;INSTITUTO FEDERAL DE EDUCAÇÃO, CIÊNCIA E TECNOLOGIA DO CEARÁ;CR;Não;Não;Não;Não;R$ 0,00;R$ 0,00;R$ 0,00;R$ 71.632,36;R$ 71.632,36;R$ 71.632,36;"3ª MEDIÇÃO - OBJETO: CONTRATAÇÃO DE SERVIÇO COMUM DE ENGENHARIA DE MANUTENÇÃO PREVENTIVA E CORRETIVA DAS SUBESTAÇÕES DO IFCE - GRUPO 03 - CAMPUS LIMOEIRO DO NORTE. ""SERVIÇO DE EXECUÇÃO CORRETIVA"" CONTRATO Nº 31 / 2023. PROCESSO Nº 23255.001512/2023-00."
1134;1;DINAMICA EMPREENDIMENTOS E SOLUCOES LTDA;NFSE;1234;29/07/2024;87;FUNDO MUNICIPAL DE EDUCACAO - INFRAESTRUTURA - FME-I;CR;Não;Não;Não;Não;R$ 0,00;R$ 0,00;R$ 0,00;R$ 2.782,55;R$ 2.782,55;R$ 2.782,55;REFERENTE AO REAJUSTE DA 11ª MEDIÇÃO - REALIZADA NO PERÍODO DE 01/08/2023 À 31/08/2023 - OBJETO: REFORMA E AMPLIAÇÃO DA ESCOLA MUNICIPAL DIOGO VITAL DE SIQUEIRA, NO BAIRRO PREFEITO JOSÉ WALTER, MUNICÍPIO DE FORTALEZA. (Lote 01). MAPPFOR: 16 - REFORMA E AMPLIAÇÃO DE ESCOLAS MUNICIPAIS DE TEMPO INTEGRAL. CONTRATO Nº 20/2022 ? FME-I - RDC PRESENCIAL Nº 039/2022.
1135;1;DINAMICA EMPREENDIMENTOS E SOLUCOES LTDA;NFSE;1235;29/07/2024;87;FUNDO MUNICIPAL DE EDUCACAO - INFRAESTRUTURA - FME-I;CR;Não;Não;Não;Não;R$ 0,00;R$ 0,00;R$ 0,00;R$ 7.997,78;R$ 7.997,78;R$ 7.997,78;REFERENTE AO REAJUSTE DA 11ª MEDIÇÃO - REALIZADA NO PERÍODO DE 01/06/2023 À 30/06/2023 - OBJETO: CONTRATAÇÃO DE EMPRESA PARA EXECUÇÃO DAS OBRAS DE REFORMA DAS ESCOLAS MUNICIPAIS  E.M. JOSEFA BARROS DE ALENCAR E E.M. JOSÉ ALCIDES PINTO, NOS BAIRROS MESSEJANA E BONSUCESSO, ESPECTIVAMENTE, NO MUNICÍPIO DE FORTALEZA.. (Lote 01). MAPPFOR: 10 - REFORMA E AMPLIAÇÃO DO PARQUE ESCOLAR. CONTRATO Nº 15/2022  FME-I - RDC PRESENCIAL Nº 027/2022.
1129;1;DINAMICA EMPREENDIMENTOS E SOLUCOES LTDA;NFSE;1236;30/07/2024;6;INSTITUTO FEDERAL DE EDUCAÇÃO, CIÊNCIA E TECNOLOGIA DO CEARÁ;CR;Não;Não;Não;Não;R$ 0,00;R$ 0,00;R$ 0,00;R$ 140.676,74;R$ 140.676,74;R$ 140.676,74;REFERENTE A 3° MEDIÇÃO DO OBJETO: CONTRATAÇÃO DE EMPRESA PARA EXECUÇÃO DE OBRA PARA CONSTRUÇÃO DE BLOCO COM QUATRO SALAS NO CAMPUS TABULEIRO DO NORTE DO IFCE NO SISTEMA CONSTRUTIVO STEEL FRAME. (PROJETO BÁSICO 5755893). CONTRATO DE OBRA DE ENGENHARIA Nº 07/2024. PROCESSO Nº 23489.000040/2024-05.
1136;1;DINAMICA EMPREENDIMENTOS E SOLUCOES LTDA;NFSE;1237;02/08/2024;6;INSTITUTO FEDERAL DE EDUCAÇÃO, CIÊNCIA E TECNOLOGIA DO CEARÁ;CR;Não;Não;Não;Não;R$ 0,00;R$ 0,00;R$ 0,00;R$ 90.687,76;R$ 90.687,76;R$ 90.687,76;REFERENTE A 3° MEDIÇÃO DO OBJETO: CONTRATAÇÃO DE EMPRESA ESPECIALIZADA EM OBRA DE ENGENHARIA, NA CONSTRUÇÃO DE EDIFICAÇÕES ENVOLVENDO OS TIPOS ALVENARIA E/OU LIGHT STEEL FRAME, PARA O IFCE CAMPUS MORADA NOVA. (PROJETO BÁSICO 5390108). CONTRATO DE OBRA DE ENGENHARIA Nº 03/2024. PROCESSO Nº 23486.001039/2023-39.
1137;1;DINAMICA EMPREENDIMENTOS E SOLUCOES LTDA;NFSE;1238;05/08/2024;86;MUNICIPIO DE ASSARÉ;CR;Não;Não;Não;Não;R$ 0,00;R$ 0,00;R$ 0,00;R$ 531.387,96;R$ 531.387,96;R$ 531.387,96;7ª MEDIÇÃO - OBJETO: CONTRATAÇÃO DE SERVIÇOS PARA EXECUÇÃO DAS OBRAS DE CONSTRUÇÃO DE UNIDADE ESCOLAR COM 12 SALAS DE AULA COM QUADRA POLIESPORTIVA COBERTA - MODELO FNDE, PARA ATENDER AS NECESSIDADES DA SECRETARIA MUNICIPAL DE EDUCAÇÃO DE ASSARÉ/CE.
1142;1;DINAMICA EMPREENDIMENTOS E SOLUCOES LTDA;REC;12612.;06/08/2024;69;AJUSTE DE CAIXA;CR;Não;Não;Não;Não;R$ 0,00;R$ 0,00;R$ 0,00;R$ 131,80;R$ 131,80;R$ 131,80;TÍTULO CRIADO PARA O ESTORNO REF. AO VALOR TOTAL DO PEDIDO 12612.
1155;1;DINAMICA EMPREENDIMENTOS E SOLUCOES LTDA;NFSE;1239;06/08/2024;6;INSTITUTO FEDERAL DE EDUCAÇÃO, CIÊNCIA E TECNOLOGIA DO CEARÁ;CR;Não;Não;Não;Não;R$ 0,00;R$ 0,00;R$ 0,00;R$ 189.486,20;R$ 189.486,20;R$ 189.486,20;REFERENTE A 2° MEDIÇÃO DO OBJETO: CONTRATAÇÃO DE EMPRESA PARA EXECUÇÃO DE OBRA PARA CONSTRUÇÃO DE BLOCO COM QUATRO SALAS NO CAMPUS MARACANAÚ DO IFCE NO SISTEMA CONSTRUTIVO STEEL FRAME. (PROJETO BÁSICO 5762930). CONTRATO DE OBRA DE ENGENHARIA Nº 04/2024. PROCESSO Nº 23259.000195/2024-47.
1143;1;DINAMICA EMPREENDIMENTOS E SOLUCOES LTDA;REC;BC101898;08/08/2024;69;AJUSTE DE CAIXA;CR;Não;Não;Não;Não;R$ 0,00;R$ 0,00;R$ 0,00;R$ 1.886,57;R$ 1.886,57;R$ 1.886,57;TÍTULO CRIADO PARA O ESTORNO REF. A PASSAGEM DO EVENTO DE TREINAMENTO CORRETORES
1139;1;DINAMICA EMPREENDIMENTOS E SOLUCOES LTDA;REC;12604;12/08/2024;69;AJUSTE DE CAIXA;CR;Não;Não;Não;Não;R$ 0,00;R$ 0,00;R$ 0,00;R$ 170,07;R$ 170,07;R$ 170,07;TÍTULO CRIADO PARA O ESTORNO REF. AO VALOR QUE FOI PAGO A MAIOR NO PEDIDO 12604
1156;1;DINAMICA EMPREENDIMENTOS E SOLUCOES LTDA;NFSE;1240;14/08/2024;96;DEPARTAMENTO DE POLICIA RODOVIÁRIA FEDERAL;CR;Não;Não;Não;Não;R$ 0,00;R$ 0,00;R$ 0,00;R$ 71.923,79;R$ 71.923,79;R$ 71.923,79;REFERENTE A 6ª MEDIÇÃO DO OBJETO: CONSTRUÇÃO DA UNIDADE OPERACIONAL DA POLÍCIA RODOVIÁRIA FEDERAL EM POCINHOS / PB. VALOR MEDIDO R$ 71.923,79 (PREÇOS UNITÁRIOS DA PROPOSTA ORIGINAL R$ 67.107,42) E R$ 4.816,37 (CORREÇÃO MONETÁRIA). CONFORME TERMO DE APOSTILAMENTO 13 - SEI Nº 53039614 (7,1771%). CONTRATO Nº 78 / 2022. PROCESSO Nº 08650.037267/2022-23.
1157;1;DINAMICA EMPREENDIMENTOS E SOLUCOES LTDA;NFSE;1241;14/08/2024;6;INSTITUTO FEDERAL DE EDUCAÇÃO, CIÊNCIA E TECNOLOGIA DO CEARÁ;CR;Não;Não;Não;Não;R$ 0,00;R$ 0,00;R$ 0,00;R$ 12.543,53;R$ 12.543,53;R$ 12.543,53;"3ª MEDIÇÃO - OBJETO: CONTRATAÇÃO DE SERVIÇO COMUM DE ENGENHARIA DE MANUTENÇÃO PREVENTIVA E CORRETIVA DAS SUBESTAÇÕES DO IFCE - GRUPO 02 - CAMPUS TAUA. ""SERVIÇO DE EXECUÇÃO CORRETIVA"" CONTRATO Nº 30 / 2023. PROCESSO Nº 23255.001512/2023-00."
1158;1;DINAMICA EMPREENDIMENTOS E SOLUCOES LTDA;NFSE;1242;14/08/2024;6;INSTITUTO FEDERAL DE EDUCAÇÃO, CIÊNCIA E TECNOLOGIA DO CEARÁ;CR;Não;Não;Não;Não;R$ 0,00;R$ 0,00;R$ 0,00;R$ 11.650,87;R$ 11.650,87;R$ 11.650,87;"4ª MEDIÇÃO - OBJETO: CONTRATAÇÃO DE SERVIÇO COMUM DE ENGENHARIA DE MANUTENÇÃO PREVENTIVA E CORRETIVA DAS SUBESTAÇÕES DO IFCE - GRUPO 02 - CAMPUS TAUA. ""SERVIÇO DE EXECUÇÃO CORRETIVA"" CONTRATO Nº 30 / 2023. PROCESSO Nº 23255.001512/2023-00."
1140;1;DINAMICA EMPREENDIMENTOS E SOLUCOES LTDA;NFSE;1243;16/08/2024;93;UNIVERSIDADE DA INTEGRACAO INTERNACIONAL DA LUSOFONIA AFRO-BRASILEIRA - UNILAB;CR;Não;Não;Não;Não;R$ 0,00;R$ 0,00;R$ 0,00;R$ 688.226,75;R$ 688.226,75;R$ 688.226,75;REFERENTE A 5° MEDIÇÃO DO OBJETO: CONTRATAÇÃO DE SERVIÇOS COMUNS DE ENGENHARIA DE EMPRESA ESPECIALIZADA PARA A OBRA DE CONSTRUÇÃO DOS BLOCOS ANEXOS DO CAMPUS DOS MALÊS. PERÍODO DE 01/07/2024 À 31/07/ 2024. CONTRATO Nº 16/2023. PROCESSO Nº 23804.000809/2023-86.
1141;1;DINAMICA EMPREENDIMENTOS E SOLUCOES LTDA;NFSE;1244;19/08/2024;81;MUNICIPIO DE SENADOR POMPEU - SECRETARIA DE EDUCAÇÃO, CULTURA E DESPORTO;CR;Não;Não;Não;Não;R$ 0,00;R$ 0,00;R$ 0,00;R$ 426.384,93;R$ 426.384,93;R$ 426.384,93;10ª MEDIÇÃO - OBJETO: CONTRATAÇÃO DE EMPRESA ESPECIALIZADA PARA A CONSTRUÇÃO DE UM GALPÃO INDUSTRIAL NO MUNICÍPIO DE SENADOR POMPEU-CE, ATRAVÉS DA SECRETARIA DE INFRAESTRUTURA, DESTE MUNICÍPIO. CONTRATO N° SI-CP001/2022-01. CONCORRÊNCIA Nº SI´CP001/2022.
1144;1;DINAMICA EMPREENDIMENTOS E SOLUCOES LTDA;NFSE;1245;23/08/2024;90;MUNICIPIO DE SOBRAL;CR;Não;Não;Não;Não;R$ 0,00;R$ 0,00;R$ 0,00;R$ 469.724,35;R$ 469.724,35;R$ 469.724,35;REFERENTE A 24° MEDIÇÃO DO OBJETO: CONTRATAÇÃO DE EMPRESA ESPECIALIZADA PARA CONSTRUÇÃO DE ESCOLA VERTICAL, 12 SALAS, NO BAIRRO ALTO DA BRASILIA, NO MUNICÍPIO DE DE SOBRAL / CE. PERÍODO DE: 01/07/2024 - 31/07/2024. CONTRATO Nº 0094 / 2022 - SME. CONCORRÊNCIA PÚBLICA Nº CP22003 - SME.
1145;1;DINAMICA EMPREENDIMENTOS E SOLUCOES LTDA;NFSE;1246;27/08/2024;82;PREFEITURA MUNICIPAL DE PARAIPABA;CR;Não;Não;Não;Não;R$ 0,00;R$ 0,00;R$ 0,00;R$ 180.936,33;R$ 180.936,33;R$ 180.936,33;REFERENTE A 10° MEDIÇÃO DO OBJETO: CONTRATAÇÃO DE EMPRESA PARA EXECUÇÃO DOS SERVIÇOS DE REFORMA E AMPLIAÇÃO DA EMEIF FRANCISCO CIPRIANO MOREIRA NO MUNICÍPIO DE PARAIPABA-CE. CONTRATO Nº 2023.02.28.01. CONCORRÊNCIA Nº 005.2022.
1146;1;DINAMICA EMPREENDIMENTOS E SOLUCOES LTDA;NFSE;1247;28/08/2024;6;INSTITUTO FEDERAL DE EDUCAÇÃO, CIÊNCIA E TECNOLOGIA DO CEARÁ;CR;Não;Não;Não;Não;R$ 0,00;R$ 0,00;R$ 0,00;R$ 184.344,63;R$ 184.344,63;R$ 184.344,63;REFERENTE A 4° MEDIÇÃO DO OBJETO: CONTRATAÇÃO DA OBRA DE ENGENHARIA PARA CONSTRUÇÃO DA UNIDADE DE ALIMENTAÇÃO NUTRICIONAL NO CAMPUS ACARAU. CONTRATO DE OBRA DE ENGENHARIA Nº 13/2024. PROCESSO Nº 23255.001689/2023-06.
1147;1;DINAMICA EMPREENDIMENTOS E SOLUCOES LTDA;NFSE;1248;29/08/2024;6;INSTITUTO FEDERAL DE EDUCAÇÃO, CIÊNCIA E TECNOLOGIA DO CEARÁ;CR;Não;Não;Não;Não;R$ 0,00;R$ 0,00;R$ 0,00;R$ 50.822,39;R$ 50.822,39;R$ 50.822,39;REFERENTE A 5° MEDIÇÃO DO OBJETO: CONTRATAÇÃO DE EMPRESA PARA EXECUÇÃO DE OBRA PARA CONSTRUÇÃO DE BLOCO COM QUATRO SALAS NO CAMPUS CAMOCIM DO IFCE NO SISTEMA CONSTRUTIVO STEEL FRAME. (PROJETO BÁSICO 5762507). CONTRATO DE OBRA DE ENGENHARIA Nº 06/2024. PROCESSO Nº 23486.001039/2023-39
1148;1;DINAMICA EMPREENDIMENTOS E SOLUCOES LTDA;NFSE;1249;29/08/2024;6;INSTITUTO FEDERAL DE EDUCAÇÃO, CIÊNCIA E TECNOLOGIA DO CEARÁ;CR;Não;Não;Não;Não;R$ 0,00;R$ 0,00;R$ 0,00;R$ 248.697,23;R$ 248.697,23;R$ 248.697,23;REFERENTE A 2° MEDIÇÃO DO OBJETO: CONTRATAÇÃO DE EMPRESA PARA EXECUÇÃO DE OBRA PARA CONSTRUÇÃO DE BLOCO COM QUATRO SALAS NO CAMPUS UBAJARA DO IFCE NO SISTEMA CONSTRUTIVO STEEL FRAME. (PROJETO BÁSICO 5753995). CONTRATO DE OBRA DE ENGENHARIA Nº 02/2024. PROCESSO Nº 23492.000024/2024-55.
1149;1;DINAMICA EMPREENDIMENTOS E SOLUCOES LTDA;NFSE;1250;30/08/2024;86;MUNICIPIO DE ASSARÉ;CR;Não;Não;Não;Não;R$ 0,00;R$ 0,00;R$ 0,00;R$ 395.677,60;R$ 395.677,60;R$ 395.677,60;32ª MEDIÇÃO - OBJETO: CONTRATAÇÃO DE SERVIÇOS DE ENGENHARIA PARA A EXECUÇÃO DAS OBRAS DE REFORMA E AMPLIAÇÃO DO HOSPITAL GERAL NOSSA SENHORA DAS DORES DO MUNICÍPIO DE ASSARÉ/CE.
1150;1;DINAMICA EMPREENDIMENTOS E SOLUCOES LTDA;NFSE;1251;04/09/2024;6;INSTITUTO FEDERAL DE EDUCAÇÃO, CIÊNCIA E TECNOLOGIA DO CEARÁ;CR;Não;Não;Não;Não;R$ 0,00;R$ 0,00;R$ 0,00;R$ 40.238,98;R$ 40.238,98;R$ 40.238,98;REFERENTE A 4° MEDIÇÃO DO OBJETO: CONTRATAÇÃO DE EMPRESA PARA EXECUÇÃO DE OBRA PARA CONSTRUÇÃO DE BLOCO COM QUATRO SALAS NO CAMPUS TABULEIRO DO NORTE DO IFCE NO SISTEMA CONSTRUTIVO STEEL FRAME. (PROJETO BÁSICO 5755893). CONTRATO DE OBRA DE ENGENHARIA Nº 07/2024. PROCESSO Nº 23489.000040/2024-05.
1151;1;DINAMICA EMPREENDIMENTOS E SOLUCOES LTDA;NFSE;1252;04/09/2024;6;INSTITUTO FEDERAL DE EDUCAÇÃO, CIÊNCIA E TECNOLOGIA DO CEARÁ;CR;Não;Não;Não;Não;R$ 0,00;R$ 0,00;R$ 0,00;R$ 173.542,18;R$ 173.542,18;R$ 173.542,18;REFERENTE A 3° MEDIÇÃO DO OBJETO: CONTRATAÇÃO DE EMPRESA PARA EXECUÇÃO DE OBRA PARA CONSTRUÇÃO DE BLOCO COM QUATRO SALAS NO CAMPUS MARACANAÚ DO IFCE NO SISTEMA CONSTRUTIVO STEEL FRAME. (PROJETO BÁSICO 5762930). CONTRATO DE OBRA DE ENGENHARIA Nº 04/2024. PROCESSO Nº 23259.000195/2024-47.
1152;1;DINAMICA EMPREENDIMENTOS E SOLUCOES LTDA;NFSE;1253;04/09/2024;6;INSTITUTO FEDERAL DE EDUCAÇÃO, CIÊNCIA E TECNOLOGIA DO CEARÁ;CR;Não;Não;Não;Não;R$ 0,00;R$ 0,00;R$ 0,00;R$ 36.032,20;R$ 36.032,20;R$ 36.032,20;REFERENTE A MEDIÇÃO ADITIVO DO OBJETO: CONTRATAÇÃO DE EMPRESA PARA EXECUÇÃO DE OBRA PARA CONSTRUÇÃO DE BLOCO COM QUATRO SALAS NO CAMPUS TABULEIRO DO NORTE DO IFCE NO SISTEMA CONSTRUTIVO STEEL FRAME. (PROJETO BÁSICO 5755893). CONTRATO DE OBRA DE ENGENHARIA Nº 07/2024. PROCESSO Nº 23489.000040/2024-05.
1153;1;DINAMICA EMPREENDIMENTOS E SOLUCOES LTDA;NFSE;1263;11/09/2024;87;FUNDO MUNICIPAL DE EDUCACAO - INFRAESTRUTURA - FME-I;CR;Não;Não;Não;Não;R$ 0,00;R$ 0,00;R$ 0,00;R$ 296.303,98;R$ 296.303,98;R$ 296.303,98;REFERENTE A 30ª MEDIÇÃO - REALIZADA NO PERÍODO DE 01/07/2024 À 11/07/2024 - OBJETO: CONTRATAÇÃO DE EMPRESA PARA EXECUÇÃO DAS OBRAS DE REFORMA DA ESCOLA MUNICIPAL FREI TITO DE ALENCAR LIMA, BAIRRO PRAIA DO FUTURO II, NO MUNICÍPIO DE FORTALEZA. MAPPFOR: 10 - REFORMA E AMPLIAÇÃO DO PARQUE ESCOLAR. CONTRATO Nº 01/2022  FME-I - RDC PRESENCIAL Nº 004/2021.
1154;1;DINAMICA EMPREENDIMENTOS E SOLUCOES LTDA;NFSE;1256;11/09/2024;6;INSTITUTO FEDERAL DE EDUCAÇÃO, CIÊNCIA E TECNOLOGIA DO CEARÁ;CR;Não;Não;Não;Não;R$ 0,00;R$ 0,00;R$ 0,00;R$ 12.027,22;R$ 12.027,22;R$ 12.027,22;"3ª MEDIÇÃO - OBJETO: CONTRATAÇÃO DE SERVIÇO COMUM DE ENGENHARIA DE MANUTENÇÃO PREVENTIVA E CORRETIVA DAS SUBESTAÇÕES DO IFCE - GRUPO 04 - CAMPUS CRATO. ""SERVIÇO DE EXECUÇÃO CORRETIVA"" CONTRATO Nº 32 / 2023. PROCESSO Nº 23255.001512/2023-00."
1180;1;DINAMICA EMPREENDIMENTOS E SOLUCOES LTDA;NFSE;1254;11/09/2024;86;MUNICIPIO DE ASSARÉ;CR;Não;Não;Não;Não;R$ 0,00;R$ 0,00;R$ 0,00;R$ 662.104,45;R$ 662.104,45;R$ 662.104,45;8ª MEDIÇÃO - OBJETO: CONTRATAÇÃO DE SERVIÇOS PARA EXECUÇÃO DAS OBRAS DE CONSTRUÇÃO DE UNIDADE ESCOLAR COM 12 SALAS DE AULA COM QUADRA POLIESPORTIVA COBERTA - MODELO FNDE, PARA ATENDER AS NECESSIDADES DA SECRETARIA MUNICIPAL DE EDUCAÇÃO DE ASSARÉ/CE.
1162;1;DINAMICA EMPREENDIMENTOS E SOLUCOES LTDA;NFSE;1257;16/09/2024;6;INSTITUTO FEDERAL DE EDUCAÇÃO, CIÊNCIA E TECNOLOGIA DO CEARÁ;CR;Não;Não;Não;Não;R$ 0,00;R$ 0,00;R$ 0,00;R$ 12.196,11;R$ 12.196,11;R$ 12.196,11;"2ª MEDIÇÃO - OBJETO: CONTRATAÇÃO DE SERVIÇO COMUM DE ENGENHARIA DE MANUTENÇÃO PREVENTIVA E CORRETIVA DAS SUBESTAÇÕES DO IFCE - GRUPO 01 - CAMPUS FORTALEZA. ""SERVIÇO DE EXECUÇÃO CORRETIVA"" CONTRATO Nº 29 / 2023. PROCESSO Nº 23255.001512/2023-00."
1163;1;DINAMICA EMPREENDIMENTOS E SOLUCOES LTDA;NFSE;1258;16/09/2024;6;INSTITUTO FEDERAL DE EDUCAÇÃO, CIÊNCIA E TECNOLOGIA DO CEARÁ;CR;Não;Não;Não;Não;R$ 0,00;R$ 0,00;R$ 0,00;R$ 19.444,89;R$ 19.444,89;R$ 19.444,89;"2ª MEDIÇÃO - OBJETO: CONTRATAÇÃO DE SERVIÇO COMUM DE ENGENHARIA DE MANUTENÇÃO PREVENTIVA E CORRETIVA DAS SUBESTAÇÕES DO IFCE - GRUPO 01 - CAMPUS UMIRIM. ""SERVIÇO DE EXECUÇÃO CORRETIVA"" CONTRATO Nº 29 / 2023. PROCESSO Nº 23255.001512/2023-00."
1164;1;DINAMICA EMPREENDIMENTOS E SOLUCOES LTDA;NFSE;1259;16/09/2024;6;INSTITUTO FEDERAL DE EDUCAÇÃO, CIÊNCIA E TECNOLOGIA DO CEARÁ;CR;Não;Não;Não;Não;R$ 0,00;R$ 0,00;R$ 0,00;R$ 69.528,67;R$ 69.528,67;R$ 69.528,67;REFERENTE A 4° MEDIÇÃO DO OBJETO: CONTRATAÇÃO DE EMPRESA ESPECIALIZADA EM OBRA DE ENGENHARIA, NA CONSTRUÇÃO DE EDIFICAÇÕES ENVOLVENDO OS TIPOS ALVENARIA E/OU LIGHT STEEL FRAME, PARA O IFCE CAMPUS MORADA NOVA. (PROJETO BÁSICO 5390108). CONTRATO DE OBRA DE ENGENHARIA Nº 03/2024. PROCESSO Nº 23486.001039/2023-39.
1165;1;DINAMICA EMPREENDIMENTOS E SOLUCOES LTDA;NFSE;1261;16/09/2024;87;FUNDO MUNICIPAL DE EDUCACAO - INFRAESTRUTURA - FME-I;CR;Não;Não;Não;Não;R$ 0,00;R$ 0,00;R$ 0,00;R$ 37.339,58;R$ 37.339,58;R$ 37.339,58;REFERENTE AO REAJUSTE DA 24ª MEDIÇÃO - REALIZADA NO PERÍODO DE 01/01/2024 À 31/01/2024 - OBJETO: CONTRATAÇÃO DE EMPRESA PARA EXECUÇÃO DAS OBRAS DE REFORMA DA ESCOLA MUNICIPAL FREI TITO DE ALENCAR LIMA, BAIRRO PRAIA DO FUTURO II, NO MUNICÍPIO DE FORTALEZA. MAPPFOR: 10 - REFORMA E AMPLIAÇÃO DO PARQUE ESCOLAR. CONTRATO Nº 01/2022 ? FME-I - RDC PRESENCIAL Nº 004/2021.
1166;1;DINAMICA EMPREENDIMENTOS E SOLUCOES LTDA;NFSE;1265;17/09/2024;87;FUNDO MUNICIPAL DE EDUCACAO - INFRAESTRUTURA - FME-I;CR;Não;Não;Não;Não;R$ 0,00;R$ 0,00;R$ 0,00;R$ 38.793,21;R$ 38.793,21;R$ 38.793,21;REFERENTE AO REAJUSTE DA 30ª MEDIÇÃO - REALIZADA NO PERÍODO DE 01/07/2024 À 11/07/2024 - OBJETO: CONTRATAÇÃO DE EMPRESA PARA EXECUÇÃO DAS OBRAS DE REFORMA DA ESCOLA MUNICIPAL FREI TITO DE ALENCAR LIMA, BAIRRO PRAIA DO FUTURO II, NO MUNICÍPIO DE FORTALEZA. MAPPFOR: 10 - REFORMA E AMPLIAÇÃO DO PARQUE ESCOLAR. CONTRATO Nº 01/2022  FME-I - RDC PRESENCIAL Nº 004/2021.
1179;1;DINAMICA EMPREENDIMENTOS E SOLUCOES LTDA;NFSE;1266;17/09/2024;82;PREFEITURA MUNICIPAL DE PARAIPABA;CR;Não;Não;Não;Não;R$ 0,00;R$ 0,00;R$ 0,00;R$ 104.682,25;R$ 104.682,25;R$ 104.682,25;REFERENTE A 11° MEDIÇÃO DO OBJETO: CONTRATAÇÃO DE EMPRESA PARA EXECUÇÃO DOS SERVIÇOS DE REFORMA E AMPLIAÇÃO DA EMEIF FRANCISCO CIPRIANO MOREIRA NO MUNICÍPIO DE PARAIPABA-CE. CONTRATO Nº 2023.02.28.01. CONCORRÊNCIA Nº 005.2022.
1381;1;DINAMICA EMPREENDIMENTOS E SOLUCOES LTDA;NFSE;1264;17/09/2024;70;PREFEITURA MUNICIPAL DE TABULEIRO DO NORTE;CR;Não;Não;Não;Não;R$ 0,00;R$ 0,00;R$ 0,00;R$ 20.115,37;R$ 20.115,37;R$ 20.115,37;9ª MEDIÇÃO - OBJETO: CONTRATAÇÃO DE OBRAS E SERVIÇOS DE ENGENHARIA PARA OS SERVIÇOS DE DUPLICAÇÃO DA ENTRADA DA CIDADE, SEDE DO MUNICÍPIO DE TABULEIRO DO NORTE/CE. CONTRATO N° 20200318. MAPP: 4263 CONVÊNIO Nº 065 / CIDADES / 2020.
1167;1;DINAMICA EMPREENDIMENTOS E SOLUCOES LTDA;NFSE;1267;19/09/2024;90;MUNICIPIO DE SOBRAL;CR;Não;Não;Não;Não;R$ 0,00;R$ 0,00;R$ 0,00;R$ 374.816,97;R$ 374.816,97;R$ 374.816,97;REFERENTE A 25° MEDIÇÃO DO OBJETO: CONTRATAÇÃO DE EMPRESA ESPECIALIZADA PARA CONSTRUÇÃO DE ESCOLA VERTICAL, 12 SALAS, NO BAIRRO ALTO DA BRASILIA, NO MUNICÍPIO DE DE SOBRAL / CE. PERÍODO DE: 01/08/2024 - 31/08/2024. CONTRATO Nº 0094 / 2022 - SME. CONCORRÊNCIA PÚBLICA Nº CP22003 - SME.
1168;1;DINAMICA EMPREENDIMENTOS E SOLUCOES LTDA;NFSE;1268;19/09/2024;93;UNIVERSIDADE DA INTEGRACAO INTERNACIONAL DA LUSOFONIA AFRO-BRASILEIRA - UNILAB;CR;Não;Não;Não;Não;R$ 0,00;R$ 0,00;R$ 0,00;R$ 605.402,75;R$ 605.402,75;R$ 605.402,75;REFERENTE A 6° MEDIÇÃO DO OBJETO: CONTRATAÇÃO DE SERVIÇOS COMUNS DE ENGENHARIA DE EMPRESA ESPECIALIZADA PARA A OBRA DE CONSTRUÇÃO DOS BLOCOS ANEXOS DO CAMPUS DOS MALÊS. PERÍODO DE 01/08/2024 À 31/08/ 2024. CONTRATO Nº 16/2023. PROCESSO Nº 23804.000809/2023-86.
1182;1;DINAMICA EMPREENDIMENTOS E SOLUCOES LTDA;NFSE;1269;20/09/2024;86;MUNICIPIO DE ASSARÉ;CR;Não;Não;Não;Não;R$ 0,00;R$ 0,00;R$ 0,00;R$ 140.438,69;R$ 140.438,69;R$ 140.438,69;9ª MEDIÇÃO - OBJETO: CONTRATAÇÃO DE SERVIÇOS PARA EXECUÇÃO DAS OBRAS DE CONSTRUÇÃO DE UNIDADE ESCOLAR COM 12 SALAS DE AULA COM QUADRA POLIESPORTIVA COBERTA - MODELO FNDE, PARA ATENDER AS NECESSIDADES DA SECRETARIA MUNICIPAL DE EDUCAÇÃO DE ASSARÉ/CE.
1161;1;DINAMICA EMPREENDIMENTOS E SOLUCOES LTDA;NFSE;1271;23/09/2024;6;INSTITUTO FEDERAL DE EDUCAÇÃO, CIÊNCIA E TECNOLOGIA DO CEARÁ;CR;Não;Não;Não;Não;R$ 0,00;R$ 0,00;R$ 0,00;R$ 23.168,13;R$ 23.168,13;R$ 23.168,13;"3ª MEDIÇÃO - OBJETO: CONTRATAÇÃO DE SERVIÇO COMUM DE ENGENHARIA DE MANUTENÇÃO PREVENTIVA E CORRETIVA DAS SUBESTAÇÕES DO IFCE - GRUPO 02 - CAMPUS CRATEÚS. ""SERVIÇO DE EXECUÇÃO BANCO DE CAPACITORES"" CONTRATO Nº 30 / 2023. PROCESSO Nº 23255.001512/2023-00."
1169;1;DINAMICA EMPREENDIMENTOS E SOLUCOES LTDA;NFSE;1270;23/09/2024;6;INSTITUTO FEDERAL DE EDUCAÇÃO, CIÊNCIA E TECNOLOGIA DO CEARÁ;CR;Não;Não;Não;Não;R$ 0,00;R$ 0,00;R$ 0,00;R$ 30.576,79;R$ 30.576,79;R$ 30.576,79;"2ª MEDIÇÃO - OBJETO: CONTRATAÇÃO DE SERVIÇO COMUM DE ENGENHARIA DE MANUTENÇÃO PREVENTIVA E CORRETIVA DAS SUBESTAÇÕES DO IFCE - GRUPO 02 - CAMPUS BOA VIAGEM. ""SERVIÇO DE EXECUÇÃO BANCO CAPACITORES"" CONTRATO Nº 30 / 2023. PROCESSO Nº 23255.001512/2023-00."
1178;1;DINAMICA EMPREENDIMENTOS E SOLUCOES LTDA;NFSE;1272;26/09/2024;95;DISTRITO SANITARIO ESPECIAL INDIGENA CEARA - DSEI/CE;CR;Não;Não;Não;Não;R$ 0,00;R$ 0,00;R$ 0,00;R$ 237.414,32;R$ 237.414,32;R$ 237.414,32;REFERENTE A 4° MEDIÇÃO DO OBJETO: CONTRATAÇÃO DA EMPRESA ESPECIALIZADA NA EXECUÇÃO DA CONSTRUÇÃO DA UNIDADE BÁSICA DE SAÚDE INDÍGENA TIPO III NA ALDEIA VILA VITORIA EM CRATEÚS/CE. CONTRATO Nº 22/2023. PROCESSO Nº 25044.000935/2019-29.
1159;1;DINAMICA EMPREENDIMENTOS E SOLUCOES LTDA;NFSE;1273;01/10/2024;6;INSTITUTO FEDERAL DE EDUCAÇÃO, CIÊNCIA E TECNOLOGIA DO CEARÁ;CR;Não;Não;Não;Não;R$ 0,00;R$ 0,00;R$ 0,00;R$ 1.872,77;R$ 1.872,77;R$ 1.872,77;"2ª MEDIÇÃO - OBJETO: CONTRATAÇÃO DE SERVIÇO COMUM DE ENGENHARIA DE MANUTENÇÃO CORRETIVA E EMERGENCIAL DAS SUBESTAÇÕES DO IFCE - GRUPO 02 - CAMPUS ITAPIPOCA. ""SERVIÇO DE EXECUÇÃO EMERGENCIAL"" CONTRATO Nº 30 / 2023. PROCESSO Nº 23255.001512/2023-00."
1160;1;DINAMICA EMPREENDIMENTOS E SOLUCOES LTDA;NFSE;1274;01/10/2024;6;INSTITUTO FEDERAL DE EDUCAÇÃO, CIÊNCIA E TECNOLOGIA DO CEARÁ;CR;Não;Não;Não;Não;R$ 0,00;R$ 0,00;R$ 0,00;R$ 2.180,96;R$ 2.180,96;R$ 2.180,96;"4ª MEDIÇÃO - OBJETO: CONTRATAÇÃO DE SERVIÇO COMUM DE ENGENHARIA DE MANUTENÇÃO CORRETIVA E EMERGENCIAL DAS SUBESTAÇÕES DO IFCE - GRUPO 01 - CAMPUS CAUCAIA. ""SERVIÇO DE EXECUÇÃO CORRETIVA"" CONTRATO Nº 29 / 2023. PROCESSO Nº 23255.001512/2023-00"
1171;1;DINAMICA EMPREENDIMENTOS E SOLUCOES LTDA;NFSE;1275;04/10/2024;90;MUNICIPIO DE SOBRAL;CR;Não;Não;Não;Não;R$ 0,00;R$ 0,00;R$ 0,00;R$ 795.030,75;R$ 795.030,75;R$ 795.030,75;REFERENTE A 26° MEDIÇÃO DO OBJETO: CONTRATAÇÃO DE EMPRESA ESPECIALIZADA PARA CONSTRUÇÃO DE ESCOLA VERTICAL, 12 SALAS, NO BAIRRO ALTO DA BRASILIA, NO MUNICÍPIO DE DE SOBRAL / CE. PERÍODO DE: 01/09/2024 - 30/09/2024. CONTRATO Nº 0094 / 2022 - SME. CONCORRÊNCIA PÚBLICA Nº CP22003 - SME.
1172;1;DINAMICA EMPREENDIMENTOS E SOLUCOES LTDA;NFSE;1276;04/10/2024;87;FUNDO MUNICIPAL DE EDUCACAO - INFRAESTRUTURA - FME-I;CR;Não;Não;Não;Não;R$ 0,00;R$ 0,00;R$ 0,00;R$ 9.200,59;R$ 9.200,59;R$ 9.200,59;REFERENTE A 15ª MEDIÇÃO - REALIZADA NO PERÍODO DE 01/04/2024 À 30/04/2024 - OBJETO: CONTRATAÇÃO DE EMPRESA PARA CONSTRUÇÃO DE 01 (UM) CENTRO DE EDUCAÇÃO INFANTIL - CEI NO BAIRRO MONDUBIM, MUNICÍPIO DE FORTALEZA. MAPPFOR: 8 - CONSTRUÇÃO DE CENTRO EDUCAÇÃO INFANTIL. CONTRATO Nº 031/2022  FME-I - RDC PRESENCIAL Nº 066/2022.
1173;1;DINAMICA EMPREENDIMENTOS E SOLUCOES LTDA;NFSE;1277;04/10/2024;87;FUNDO MUNICIPAL DE EDUCACAO - INFRAESTRUTURA - FME-I;CR;Não;Não;Não;Não;R$ 0,00;R$ 0,00;R$ 0,00;R$ 328,17;R$ 328,17;R$ 328,17;REFERENTE AO REAJUSTE DA 15ª MEDIÇÃO - REALIZADA NO PERÍODO DE 01/04/2024 À 30/04/2024 - OBJETO: CONTRATAÇÃO DE EMPRESA PARA CONSTRUÇÃO DE 01 (UM) CENTRO DE EDUCAÇÃO INFANTIL - CEI NO BAIRRO MONDUBIM, MUNICÍPIO DE FORTALEZA. MAPPFOR: 8 - CONSTRUÇÃO DE CENTRO EDUCAÇÃO INFANTIL. CONTRATO Nº 031/2022  FME-I - RDC PRESENCIAL Nº 066/2022.
1174;1;DINAMICA EMPREENDIMENTOS E SOLUCOES LTDA;NFSE;1278;08/10/2024;6;INSTITUTO FEDERAL DE EDUCAÇÃO, CIÊNCIA E TECNOLOGIA DO CEARÁ;CR;Não;Não;Não;Não;R$ 0,00;R$ 0,00;R$ 0,00;R$ 108.028,33;R$ 108.028,33;R$ 108.028,33;REFERENTE A 5° MEDIÇÃO DO OBJETO: CONTRATAÇÃO DA OBRA DE ENGENHARIA PARA CONSTRUÇÃO DA UNIDADE DE ALIMENTAÇÃO NUTRICIONAL NO CAMPUS ACARAU. CONTRATO DE OBRA DE ENGENHARIA Nº 13/2024. PROCESSO Nº 23255.001689/2023-06.
1175;1;DINAMICA EMPREENDIMENTOS E SOLUCOES LTDA;NFSE;1279;09/10/2024;6;INSTITUTO FEDERAL DE EDUCAÇÃO, CIÊNCIA E TECNOLOGIA DO CEARÁ;CR;Não;Não;Não;Não;R$ 0,00;R$ 0,00;R$ 0,00;R$ 1.532,37;R$ 1.532,37;R$ 1.532,37;"5ª MEDIÇÃO - OBJETO: CONTRATAÇÃO DE SERVIÇO COMUM DE ENGENHARIA DE MANUTENÇÃO CORRETIVA E EMERGENCIAL DAS SUBESTAÇÕES DO IFCE - GRUPO 01 - CAMPUS CAUCAIA. ""SERVIÇO DE EXECUÇÃO EMERGENCIAL"" CONTRATO Nº 29 / 2023. PROCESSO Nº 23255.001512/2023-00."
1176;1;DINAMICA EMPREENDIMENTOS E SOLUCOES LTDA;NFSE;1280;09/10/2024;6;INSTITUTO FEDERAL DE EDUCAÇÃO, CIÊNCIA E TECNOLOGIA DO CEARÁ;CR;Não;Não;Não;Não;R$ 0,00;R$ 0,00;R$ 0,00;R$ 135.961,02;R$ 135.961,02;R$ 135.961,02;REFERENTE A 3° MEDIÇÃO DO OBJETO: CONTRATAÇÃO DE EMPRESA PARA EXECUÇÃO DE OBRA PARA CONSTRUÇÃO DE BLOCO COM QUATRO SALAS NO CAMPUS UBAJARA DO IFCE NO SISTEMA CONSTRUTIVO STEEL FRAME. (PROJETO BÁSICO 5753995). CONTRATO DE OBRA DE ENGENHARIA Nº 02/2024. PROCESSO Nº 23492.000024/2024-55.
1177;1;DINAMICA EMPREENDIMENTOS E SOLUCOES LTDA;NFSE;1281;14/10/2024;96;DEPARTAMENTO DE POLICIA RODOVIÁRIA FEDERAL;CR;Não;Não;Não;Não;R$ 0,00;R$ 0,00;R$ 0,00;R$ 124.614,20;R$ 124.614,20;R$ 124.614,20;REFERENTE A 7ª MEDIÇÃO DO OBJETO: CONSTRUÇÃO DA UNIDADE OPERACIONAL DA POLÍCIA RODOVIÁRIA FEDERAL EM POCINHOS / PB. VALOR MEDIDO R$ 124.614,20 (PREÇOS UNITÁRIOS DA PROPOSTA ORIGINAL R$ 116.269,43) E R$ 8.344,77 (CORREÇÃO MONETÁRIA). CONFORME TERMO DE APOSTILAMENTO 13 - SEI Nº 53039614 (7,1771%). CONTRATO Nº 78 / 2022. PROCESSO Nº 08650.037267/2022-23.
1187;1;DINAMICA EMPREENDIMENTOS E SOLUCOES LTDA;NFSE;1286;14/10/2024;96;DEPARTAMENTO DE POLICIA RODOVIÁRIA FEDERAL;CR;Não;Não;Não;Não;R$ 0,00;R$ 0,00;R$ 0,00;R$ 57.435,15;R$ 57.435,15;R$ 57.435,15;REFERENTE A 8ª e 9ª MEDIÇÃO DO OBJETO: CONSTRUÇÃO DA UNIDADE OPERACIONAL DA POLÍCIA RODOVIÁRIA FEDERAL EM POCINHOS / PB. VALOR MEDIDO R$ 124.614,20 (PREÇOS UNITÁRIOS DA PROPOSTA ORIGINAL R$ 116.269,43) E R$ 8.344,77 (CORREÇÃO MONETÁRIA). CONFORME TERMO DE APOSTILAMENTO 13 - SEI Nº 53039614 (7,1771%). CONTRATO Nº 78 / 2022. PROCESSO Nº 08650.037267/2022-23.
1183;1;DINAMICA EMPREENDIMENTOS E SOLUCOES LTDA;NFSE;1282;17/10/2024;82;PREFEITURA MUNICIPAL DE PARAIPABA;CR;Não;Não;Não;Não;R$ 0,00;R$ 0,00;R$ 0,00;R$ 136.646,59;R$ 136.646,59;R$ 136.646,59;REFERENTE A 12° MEDIÇÃO DO OBJETO: CONTRATAÇÃO DE EMPRESA PARA EXECUÇÃO DOS SERVIÇOS DE REFORMA E AMPLIAÇÃO DA EMEIF FRANCISCO CIPRIANO MOREIRA NO MUNICÍPIO DE PARAIPABA-CE. CONTRATO Nº 2023.02.28.01. CONCORRÊNCIA Nº 005.2022.
1184;1;DINAMICA EMPREENDIMENTOS E SOLUCOES LTDA;NFSE;1283;23/10/2024;93;UNIVERSIDADE DA INTEGRACAO INTERNACIONAL DA LUSOFONIA AFRO-BRASILEIRA - UNILAB;CR;Não;Não;Não;Não;R$ 0,00;R$ 0,00;R$ 0,00;R$ 1.795.313,80;R$ 1.795.313,80;R$ 1.795.313,80;REFERENTE A 7° MEDIÇÃO DO OBJETO: CONTRATAÇÃO DE SERVIÇOS COMUNS DE ENGENHARIA DE EMPRESA ESPECIALIZADA PARA A OBRA DE CONSTRUÇÃO DOS BLOCOS ANEXOS DO CAMPUS DOS MALÊS. PERÍODO DE 01/08/2024 À 31/08/ 2024. CONTRATO Nº 16/2023. PROCESSO Nº 23804.000809/2023-86.
1185;1;DINAMICA EMPREENDIMENTOS E SOLUCOES LTDA;NFSE;1284;24/10/2024;81;MUNICIPIO DE SENADOR POMPEU - SECRETARIA DE EDUCAÇÃO, CULTURA E DESPORTO;CR;Não;Não;Não;Não;R$ 0,00;R$ 0,00;R$ 0,00;R$ 669.021,73;R$ 669.021,73;R$ 669.021,73;11ª MEDIÇÃO - OBJETO: CONTRATAÇÃO DE EMPRESA ESPECIALIZADA PARA A CONSTRUÇÃO DE UM GALPÃO INDUSTRIAL NO MUNICÍPIO DE SENADOR POMPEU-CE, ATRAVÉS DA SECRETARIA DE INFRAESTRUTURA, DESTE MUNICÍPIO. CONTRATO N° SI-CP001/2022-01. CONCORRÊNCIA Nº SI´CP001/2022.
1186;1;DINAMICA EMPREENDIMENTOS E SOLUCOES LTDA;NFSE;1285;25/10/2024;6;INSTITUTO FEDERAL DE EDUCAÇÃO, CIÊNCIA E TECNOLOGIA DO CEARÁ;CR;Não;Não;Não;Não;R$ 0,00;R$ 0,00;R$ 0,00;R$ 12.302,12;R$ 12.302,12;R$ 12.302,12;REFERENTE A 5ª MEDIÇÃO DO OBJETO: CONTRATAÇÃO DE EMPRESA PARA EXECUÇÃO DE OBRA PARA CONSTRUÇÃO DE BLOCO COM QUATRO SALAS NO CAMPUS TABULEIRO DO NORTE DO IFCE NO SISTEMA CONSTRUTIVO STEEL FRAME. (PROJETO BÁSICO 5755893). CONTRATO DE OBRA DE ENGENHARIA Nº 07/2024. PROCESSO Nº 23489.000040/2024-05.
1188;1;DINAMICA EMPREENDIMENTOS E SOLUCOES LTDA;NFSE;1287;28/10/2024;86;MUNICIPIO DE ASSARÉ;CR;Não;Não;Não;Não;R$ 0,00;R$ 0,00;R$ 0,00;R$ 364.440,81;R$ 364.440,81;R$ 364.440,81;33ª MEDIÇÃO - OBJETO: CONTRATAÇÃO DE SERVIÇOS DE ENGENHARIA PARA A EXECUÇÃO DAS OBRAS DE REFORMA E AMPLIAÇÃO DO HOSPITAL GERAL NOSSA SENHORA DAS DORES DO MUNICÍPIO DE ASSARÉ/CE.
1189;1;DINAMICA EMPREENDIMENTOS E SOLUCOES LTDA;NFSE;1288;30/10/2024;6;INSTITUTO FEDERAL DE EDUCAÇÃO, CIÊNCIA E TECNOLOGIA DO CEARÁ;CR;Não;Não;Não;Não;R$ 0,00;R$ 0,00;R$ 0,00;R$ 1.964,35;R$ 1.964,35;R$ 1.964,35;"2ª MEDIÇÃO - OBJETO: CONTRATAÇÃO DE SERVIÇO COMUM DE ENGENHARIA DE MANUTENÇÃO PREVENTIVA E CORRETIVA DAS SUBESTAÇÕES DO IFCE - GRUPO 03 - CAMPUS TABULEIRO DO NORTE. ""SERVIÇO DE EXECUÇÃO PREVENTIVA"" CONTRATO Nº 31 / 2023. PROCESSO Nº 23255.001512/2023-00."
1190;1;DINAMICA EMPREENDIMENTOS E SOLUCOES LTDA;NFSE;1289;31/10/2024;90;MUNICIPIO DE SOBRAL;CR;Não;Não;Não;Não;R$ 0,00;R$ 0,00;R$ 0,00;R$ 571.475,72;R$ 571.475,72;R$ 571.475,72;APOSTILAMENTO REFERENTE AO REAJUSTE DA 8ª A 26ª MEDIÇÃO DO CONTRATO 0094/2022-SME, DESTINADO A CONSTRUÇÃO DE UMA ESCOLA VERTICAL, NO BAIRRO ALTO DA BRASÍLIA, SOBRAL-CE. CONTRATO Nº 0094 / 2022 - SME. CONCORRÊNCIA PÚBLICA Nº CP22003 - SME.
1198;1;DINAMICA EMPREENDIMENTOS E SOLUCOES LTDA;NFSE;1290;31/10/2024;6;INSTITUTO FEDERAL DE EDUCAÇÃO, CIÊNCIA E TECNOLOGIA DO CEARÁ;CR;Não;Não;Não;Não;R$ 0,00;R$ 0,00;R$ 0,00;R$ 59.504,89;R$ 59.504,89;R$ 59.504,89;REFERENTE A 1° MEDIÇÃO DO ADITIVO DO OBJETO: CONTRATAÇÃO DE EMPRESA ESPECIALIZADA EM OBRA DE ENGENHARIA, NA CONSTRUÇÃO DE EDIFICAÇÕES ENVOLVENDO OS TIPOS ALVENARIA E/OU LIGHT STEEL FRAME, PARA O IFCE CAMPUS MORADA NOVA. (PROJETO BÁSICO 5390108). CONTRATO DE OBRA DE ENGENHARIA Nº 03/2024. PROCESSO Nº 23486.001039/2023-39.
1191;1;DINAMICA EMPREENDIMENTOS E SOLUCOES LTDA;NFSE;1291;01/11/2024;6;INSTITUTO FEDERAL DE EDUCAÇÃO, CIÊNCIA E TECNOLOGIA DO CEARÁ;CR;Não;Não;Não;Não;R$ 0,00;R$ 0,00;R$ 0,00;R$ 49.181,98;R$ 49.181,98;R$ 49.181,98;REFERENTE A 5° MEDIÇÃO DO OBJETO: CONTRATAÇÃO DE EMPRESA ESPECIALIZADA EM OBRA DE ENGENHARIA, NA CONSTRUÇÃO DE EDIFICAÇÕES ENVOLVENDO OS TIPOS ALVENARIA E/OU LIGHT STEEL FRAME, PARA O IFCE CAMPUS MORADA NOVA. (PROJETO BÁSICO 5390108). CONTRATO DE OBRA DE ENGENHARIA Nº 03/2024. PROCESSO Nº 23486.001039/2023-39.
1192;1;DINAMICA EMPREENDIMENTOS E SOLUCOES LTDA;NFSE;1292;01/11/2024;6;INSTITUTO FEDERAL DE EDUCAÇÃO, CIÊNCIA E TECNOLOGIA DO CEARÁ;CR;Não;Não;Não;Não;R$ 0,00;R$ 0,00;R$ 0,00;R$ 11.826,37;R$ 11.826,37;R$ 11.826,37;"3ª MEDIÇÃO - OBJETO: CONTRATAÇÃO DE SERVIÇO COMUM DE ENGENHARIA DE MANUTENÇÃO CORRETIVA E PREVENTIVA DAS SUBESTAÇÕES DO IFCE - GRUPO 01 - CAMPUS PECEM. ""SERVIÇO DE EXECUÇÃO CORRETIVA"" CONTRATO Nº 29 / 2023. PROCESSO Nº 23255.001512/2023-00."
1196;1;DINAMICA EMPREENDIMENTOS E SOLUCOES LTDA;NFSE;1294;05/11/2024;90;MUNICIPIO DE SOBRAL;CR;Não;Não;Não;Não;R$ 0,00;R$ 0,00;R$ 0,00;R$ 956.087,21;R$ 956.087,21;R$ 956.087,21;REFERENTE A 27° MEDIÇÃO DO OBJETO: CONTRATAÇÃO DE EMPRESA ESPECIALIZADA PARA CONSTRUÇÃO DE ESCOLA VERTICAL, 12 SALAS, NO BAIRRO ALTO DA BRASILIA, NO MUNICÍPIO DE DE SOBRAL / CE. PERÍODO DE: 01/10/2024 - 31/10/2024. CONTRATO Nº 0094 / 2022 - SME. CONCORRÊNCIA PÚBLICA Nº CP22003 - SME.
1197;1;DINAMICA EMPREENDIMENTOS E SOLUCOES LTDA;NFSE;1295;08/11/2024;6;INSTITUTO FEDERAL DE EDUCAÇÃO, CIÊNCIA E TECNOLOGIA DO CEARÁ;CR;Não;Não;Não;Não;R$ 0,00;R$ 0,00;R$ 0,00;R$ 17.429,32;R$ 17.429,32;R$ 17.429,32;"4ª MEDIÇÃO - OBJETO: CONTRATAÇÃO DE SERVIÇO COMUM DE ENGENHARIA DE MANUTENÇÃO PREVENTIVA DAS SUBESTAÇÕES DO IFCE - GRUPO 03 - CAMPUS ARACATI. ""SERVIÇO DE EXECUÇÃO PREVENTIVA"""
1199;1;DINAMICA EMPREENDIMENTOS E SOLUCOES LTDA;NFSE;1300;14/11/2024;6;INSTITUTO FEDERAL DE EDUCAÇÃO, CIÊNCIA E TECNOLOGIA DO CEARÁ;CR;Não;Não;Não;Não;R$ 0,00;R$ 0,00;R$ 0,00;R$ 44.149,11;R$ 44.149,11;R$ 44.149,11;"4ª MEDIÇÃO - OBJETO: CONTRATAÇÃO DE SERVIÇO COMUM DE ENGENHARIA DE MANUTENÇÃO CORRETIVA E PREVENTIVA DAS SUBESTAÇÕES DO IFCE - GRUPO 01 - CAMPUS PECEM. ""SERVIÇO DE EXECUÇÃO CORRETIVA"" CONTRATO Nº 29 / 2023. PROCESSO Nº 23255.001512/2023-00."
1200;1;DINAMICA EMPREENDIMENTOS E SOLUCOES LTDA;NFSE;1298;14/11/2024;6;INSTITUTO FEDERAL DE EDUCAÇÃO, CIÊNCIA E TECNOLOGIA DO CEARÁ;CR;Não;Não;Não;Não;R$ 0,00;R$ 0,00;R$ 0,00;R$ 3.299,24;R$ 3.299,24;R$ 3.299,24;"2ª MEDIÇÃO - OBJETO: CONTRATAÇÃO DE SERVIÇO COMUM DE ENGENHARIA DE MANUTENÇÃO CORRETIVA DAS SUBESTAÇÕES DO IFCE - GRUPO 01 - CAMPUS POLO DE INOVAÇÃO. ""SERVIÇO DE EXECUÇÃO PREVENTIVA"" CONTRATO Nº 29 / 2023. PROCESSO Nº 23255.001512/2023-00."
1201;1;DINAMICA EMPREENDIMENTOS E SOLUCOES LTDA;NFSE;1299;14/11/2024;6;INSTITUTO FEDERAL DE EDUCAÇÃO, CIÊNCIA E TECNOLOGIA DO CEARÁ;CR;Não;Não;Não;Não;R$ 0,00;R$ 0,00;R$ 0,00;R$ 8.791,38;R$ 8.791,38;R$ 8.791,38;"3ª MEDIÇÃO - OBJETO: CONTRATAÇÃO DE SERVIÇO COMUM DE ENGENHARIA DE MANUTENÇÃO PREVENTIVA DAS SUBESTAÇÕES DO IFCE - GRUPO 01 - CAMPUS POLO DE INOVAÇÃO. ""SERVIÇO DE EXECUÇÃO PREVENTIVA"" CONTRATO Nº 29 / 2023. PROCESSO Nº 23255.001512/2023-00."
1202;1;DINAMICA EMPREENDIMENTOS E SOLUCOES LTDA;NFSE;1297;14/11/2024;6;INSTITUTO FEDERAL DE EDUCAÇÃO, CIÊNCIA E TECNOLOGIA DO CEARÁ;CR;Não;Não;Não;Não;R$ 0,00;R$ 0,00;R$ 0,00;R$ 17.200,54;R$ 17.200,54;R$ 17.200,54;"5ª MEDIÇÃO - OBJETO: CONTRATAÇÃO DE SERVIÇO COMUM DE ENGENHARIA DE MANUTENÇÃO PREVENTIVA DAS SUBESTAÇÕES DO IFCE - GRUPO 02 - CAMPUS TAUA. ""SERVIÇO DE EXECUÇÃO PREVENTIVA"" CONTRATO Nº 30 / 2023. PROCESSO Nº 23255.001512/2023-00."
1203;1;DINAMICA EMPREENDIMENTOS E SOLUCOES LTDA;NFSE;1301;14/11/2024;6;INSTITUTO FEDERAL DE EDUCAÇÃO, CIÊNCIA E TECNOLOGIA DO CEARÁ;CR;Não;Não;Não;Não;R$ 0,00;R$ 0,00;R$ 0,00;R$ 35.487,35;R$ 35.487,35;R$ 35.487,35;"3ª MEDIÇÃO - OBJETO: CONTRATAÇÃO DE SERVIÇO COMUM DE ENGENHARIA DE MANUTENÇÃO CORRETIVA E PREVENTIVA DAS SUBESTAÇÕES DO IFCE - GRUPO 03 - CAMPUS TABULEIRO DO NORTE. ""SERVIÇO DE EXECUÇÃO PREVENTIVA"" CONTRATO Nº 31 / 2023. PROCESSO Nº 23255.001512/2023-00."
1204;1;DINAMICA EMPREENDIMENTOS E SOLUCOES LTDA;NFSE;1302;21/11/2024;6;INSTITUTO FEDERAL DE EDUCAÇÃO, CIÊNCIA E TECNOLOGIA DO CEARÁ;CR;Não;Não;Não;Não;R$ 0,00;R$ 0,00;R$ 0,00;R$ 11.833,04;R$ 11.833,04;R$ 11.833,04;"4ª MEDIÇÃO - OBJETO: CONTRATAÇÃO DE SERVIÇO COMUM DE ENGENHARIA DE MANUTENÇÃO CORRETIVA E PREVENTIVA DAS SUBESTAÇÕES DO IFCE - GRUPO 03 - CAMPUS TABULEIRO DO NORTE. ""SERVIÇO DE EXECUÇÃO PREVENTIVA"" CONTRATO Nº 31 / 2023. PROCESSO Nº 23255.001512/2023-00."
1205;1;DINAMICA EMPREENDIMENTOS E SOLUCOES LTDA;NFSE;1303;21/11/2024;6;INSTITUTO FEDERAL DE EDUCAÇÃO, CIÊNCIA E TECNOLOGIA DO CEARÁ;CR;Não;Não;Não;Não;R$ 0,00;R$ 0,00;R$ 0,00;R$ 1.337,93;R$ 1.337,93;R$ 1.337,93;"5ª MEDIÇÃO - OBJETO: CONTRATAÇÃO DE SERVIÇO COMUM DE ENGENHARIA DE MANUTENÇÃO CORRETIVA E PREVENTIVA DAS SUBESTAÇÕES DO IFCE - GRUPO 01 - CAMPUS PECEM. ""SERVIÇO DE EXECUÇÃO CORRETIVA"" CONTRATO Nº 29 / 2023. PROCESSO Nº 23255.001512/2023-00."
1206;1;DINAMICA EMPREENDIMENTOS E SOLUCOES LTDA;NFSE;1305;25/11/2024;6;INSTITUTO FEDERAL DE EDUCAÇÃO, CIÊNCIA E TECNOLOGIA DO CEARÁ;CR;Não;Não;Não;Não;R$ 0,00;R$ 0,00;R$ 0,00;R$ 77.388,87;R$ 77.388,87;R$ 77.388,87;REFERENTE A 4° MEDIÇÃO DO OBJETO: CONTRATAÇÃO DE EMPRESA PARA EXECUÇÃO DE OBRA PARA CONSTRUÇÃO DE BLOCO COM QUATRO SALAS NO CAMPUS UBAJARA DO IFCE NO SISTEMA CONSTRUTIVO STEEL FRAME. (PROJETO BÁSICO 5753995). CONTRATO DE OBRA DE ENGENHARIA Nº 02/2024. PROCESSO Nº 23492.000024/2024-55.
1207;1;DINAMICA EMPREENDIMENTOS E SOLUCOES LTDA;NFSE;1306;25/11/2024;6;INSTITUTO FEDERAL DE EDUCAÇÃO, CIÊNCIA E TECNOLOGIA DO CEARÁ;CR;Não;Não;Não;Não;R$ 0,00;R$ 0,00;R$ 0,00;R$ 34.889,25;R$ 34.889,25;R$ 34.889,25;REFERENTE A 1° ADITIVO DO OBJETO: CONTRATAÇÃO DE EMPRESA PARA EXECUÇÃO DE OBRA PARA CONSTRUÇÃO DE BLOCO COM QUATRO SALAS NO CAMPUS UBAJARA DO IFCE NO SISTEMA CONSTRUTIVO STEEL FRAME. (PROJETO BÁSICO 5753995). CONTRATO DE OBRA DE ENGENHARIA Nº 02/2024. PROCESSO Nº 23492.000024/2024-55.
1208;1;DINAMICA EMPREENDIMENTOS E SOLUCOES LTDA;NFSE;1307;26/11/2024;6;INSTITUTO FEDERAL DE EDUCAÇÃO, CIÊNCIA E TECNOLOGIA DO CEARÁ;CR;Não;Não;Não;Não;R$ 0,00;R$ 0,00;R$ 0,00;R$ 104.910,48;R$ 104.910,48;R$ 104.910,48;REFERENTE A 6° MEDIÇÃO DO OBJETO: CONTRATAÇÃO DA OBRA DE ENGENHARIA PARA CONSTRUÇÃO DA UNIDADE DE ALIMENTAÇÃO NUTRICIONAL NO CAMPUS ACARAU. CONTRATO DE OBRA DE ENGENHARIA Nº 13/2024. PROCESSO Nº 23255.001689/2023-06.
1209;1;DINAMICA EMPREENDIMENTOS E SOLUCOES LTDA;NFSE;1308;26/11/2024;6;INSTITUTO FEDERAL DE EDUCAÇÃO, CIÊNCIA E TECNOLOGIA DO CEARÁ;CR;Não;Não;Não;Não;R$ 0,00;R$ 0,00;R$ 0,00;R$ 174.113,08;R$ 174.113,08;R$ 174.113,08;REFERENTE AO 1° ADITIVO DO OBJETO: CONTRATAÇÃO DA OBRA DE ENGENHARIA PARA CONSTRUÇÃO DA UNIDADE DE ALIMENTAÇÃO NUTRICIONAL NO CAMPUS ACARAU. CONTRATO DE OBRA DE ENGENHARIA Nº 13/2024. PROCESSO Nº 23255.001689/2023-06.
1210;1;DINAMICA EMPREENDIMENTOS E SOLUCOES LTDA;NFSE;1316;26/11/2024;68;PREFEITURA MUNICIPAL DE VARZEA ALEGRE;CR;Não;Não;Não;Não;R$ 0,00;R$ 0,00;R$ 0,00;R$ 50.271,32;R$ 50.271,32;R$ 50.271,32;REFERENTE A 1° MEDIÇÃO DO OBJETO: CONTRATAÇÃO DE EMPRESA PARA EXECUÇÃO DAS OBRAS DE CONSTRUÇÃO DE UMA ESCOLA (ESPAÇO EDUCATIVO URBANO - 12 SALAS DE AULA) ATRAVÉS DA SECRETARIA DE EDUCAÇÃO DO MUNICÍPIO DE VÁRZEA ALEGRE-CE. CONTRATO Nº 2024.09.26.1 CONCORRÊNCIA Nº 2023.12.28.1
1236;1;DINAMICA EMPREENDIMENTOS E SOLUCOES LTDA;NFSE;1327;26/11/2024;6;INSTITUTO FEDERAL DE EDUCAÇÃO, CIÊNCIA E TECNOLOGIA DO CEARÁ;CR;Não;Não;Não;Não;R$ 0,00;R$ 0,00;R$ 0,00;R$ 186.712,94;R$ 186.712,94;R$ 186.712,94;REFERENTE A7 ° MEDIÇÃO DO OBJETO: CONTRATAÇÃO DA OBRA DE ENGENHARIA PARA CONSTRUÇÃO DA UNIDADE DE ALIMENTAÇÃO NUTRICIONAL NO CAMPUS ACARAU. CONTRATO DE OBRA DE ENGENHARIA Nº 13/2024. PROCESSO Nº 23255.001689/2023-06.
1211;1;DINAMICA EMPREENDIMENTOS E SOLUCOES LTDA;NFSE;1317;27/11/2024;68;PREFEITURA MUNICIPAL DE VARZEA ALEGRE;CR;Não;Não;Não;Não;R$ 0,00;R$ 0,00;R$ 0,00;R$ 819.173,57;R$ 819.173,57;R$ 819.173,57;REFERENTE A 2° MEDIÇÃO DO OBJETO: CONTRATAÇÃO DE EMPRESA PARA EXECUÇÃO DAS OBRAS DE CONSTRUÇÃO DE UMA ESCOLA (ESPAÇO EDUCATIVO URBANO - 12 SALAS DE AULA) ATRAVÉS DA SECRETARIA DE EDUCAÇÃO DO MUNICÍPIO DE VÁRZEA ALEGRE-CE. CONTRATO Nº 2024.09.26.1 CONCORRÊNCIA Nº 2023.12.28.1
1212;1;DINAMICA EMPREENDIMENTOS E SOLUCOES LTDA;NFSE;1311;28/11/2024;93;UNIVERSIDADE DA INTEGRACAO INTERNACIONAL DA LUSOFONIA AFRO-BRASILEIRA - UNILAB;CR;Não;Não;Não;Não;R$ 0,00;R$ 0,00;R$ 0,00;R$ 1.504.579,22;R$ 1.504.579,22;R$ 1.504.579,22;REFERENTE A 8° MEDIÇÃO DO OBJETO: CONTRATAÇÃO DE SERVIÇOS COMUNS DE ENGENHARIA DE EMPRESA ESPECIALIZADA PARA A OBRA DE CONSTRUÇÃO DOS BLOCOS ANEXOS DO CAMPUS DOS MALÊS. PERÍODO DE 01/10/2024 À 31/10/ 2024. CONTRATO Nº 16/2023. PROCESSO Nº 23804.000809/2023-86.
1213;1;DINAMICA EMPREENDIMENTOS E SOLUCOES LTDA;NFSE;1312;29/11/2024;6;INSTITUTO FEDERAL DE EDUCAÇÃO, CIÊNCIA E TECNOLOGIA DO CEARÁ;CR;Não;Não;Não;Não;R$ 0,00;R$ 0,00;R$ 0,00;R$ 8.625,85;R$ 8.625,85;R$ 8.625,85;"2ª MEDIÇÃO - OBJETO: CONTRATAÇÃO DE SERVIÇO COMUM DE ENGENHARIA DE MANUTENÇÃO PREVENTIVA E CORRETIVA DAS SUBESTAÇÕES DO IFCE - GRUPO 04 - CAMPUS CEDRO. ""SERVIÇO DE EXECUÇÃO PRENTIVA"" CONTRATO Nº 32 / 2023."
1241;1;DINAMICA EMPREENDIMENTOS E SOLUCOES LTDA;NFSE;1313;29/11/2024;97;HARMONY MALL ROTA DO SOL LTDA;CR;Não;Não;Não;Não;R$ 0,00;R$ 0,00;R$ 0,00;R$ 22.506,80;R$ 22.506,80;R$ 22.506,80;REFERENTE A 1° MEDIÇÃO DO OBJETO: CONSTRUÇÃO DE DIVISÓRIAS EM LIGHT STEEL FRAME, DE UM CENTRO COMERCIAL HARMONY A SER CONSTRUÍDO NO MUNICÍPIO DE CAUCAIA.
1214;1;DINAMICA EMPREENDIMENTOS E SOLUCOES LTDA;NFSE;1319;09/12/2024;6;INSTITUTO FEDERAL DE EDUCAÇÃO, CIÊNCIA E TECNOLOGIA DO CEARÁ;CR;Não;Não;Não;Não;R$ 0,00;R$ 0,00;R$ 0,00;R$ 30.790,19;R$ 30.790,19;R$ 30.790,19;REFERENTE AO 1° ADITIVO DO OBJETO: CONTRATAÇÃO DE EMPRESA PARA EXECUÇÃO DE OBRA PARA CONSTRUÇÃO DE BLOCO COM QUATRO SALAS NO CAMPUS MARACANAÚ DO IFCE NO SISTEMA CONSTRUTIVO STEEL FRAME. (PROJETO BÁSICO 5762930). CONTRATO DE OBRA DE ENGENHARIA Nº 04/2024. PROCESSO Nº 23259.000195/2024-47.
1215;1;DINAMICA EMPREENDIMENTOS E SOLUCOES LTDA;NFSE;1320;09/12/2024;6;INSTITUTO FEDERAL DE EDUCAÇÃO, CIÊNCIA E TECNOLOGIA DO CEARÁ;CR;Não;Não;Não;Não;R$ 0,00;R$ 0,00;R$ 0,00;R$ 94.390,21;R$ 94.390,21;R$ 94.390,21;REFERENTE A 4° MEDIÇÃO DO OBJETO: CONTRATAÇÃO DE EMPRESA PARA EXECUÇÃO DE OBRA PARA CONSTRUÇÃO DE BLOCO COM QUATRO SALAS NO CAMPUS MARACANAÚ DO IFCE NO SISTEMA CONSTRUTIVO STEEL FRAME. (PROJETO BÁSICO 5762930). CONTRATO DE OBRA DE ENGENHARIA Nº 04/2024. PROCESSO Nº 23259.000195/2024-47.
1216;1;DINAMICA EMPREENDIMENTOS E SOLUCOES LTDA;NFSE;1321;10/12/2024;96;DEPARTAMENTO DE POLICIA RODOVIÁRIA FEDERAL;CR;Não;Não;Não;Não;R$ 0,00;R$ 0,00;R$ 0,00;R$ 63.220,00;R$ 63.220,00;R$ 63.220,00;REFERENTE A 10ª MEDIÇÃO DO OBJETO: CONSTRUÇÃO DA UNIDADE OPERACIONAL DA POLÍCIA RODOVIÁRIA FEDERAL EM POCINHOS / PB. VALOR MEDIDO R$ 63.220,00 (PREÇOS UNITÁRIOS DA PROPOSTA ORIGINAL R$ 58.986,48) E R$ 4.235,52 (CORREÇÃO MONETÁRIA). CONFORME TERMO DE APOSTILAMENTO 13 - SEI Nº 53039614 (7,1771%). CONTRATO Nº 78 / 2022. PROCESSO Nº 08650.037267/2022-23.
1217;1;DINAMICA EMPREENDIMENTOS E SOLUCOES LTDA;NFSE;1323;10/12/2024;6;INSTITUTO FEDERAL DE EDUCAÇÃO, CIÊNCIA E TECNOLOGIA DO CEARÁ;CR;Não;Não;Não;Não;R$ 0,00;R$ 0,00;R$ 0,00;R$ 2.626,88;R$ 2.626,88;R$ 2.626,88;"2ª MEDIÇÃO - OBJETO: CONTRATAÇÃO DE SERVIÇO COMUM DE ENGENHARIA DE MANUTENÇÃO CORRETIVA DAS SUBESTAÇÕES DO IFCE - CAMPUS REITORIA. ""SERVIÇO DE EXECUÇÃO CORRETIVAS"""
1218;1;DINAMICA EMPREENDIMENTOS E SOLUCOES LTDA;NFSE;1322;10/12/2024;6;INSTITUTO FEDERAL DE EDUCAÇÃO, CIÊNCIA E TECNOLOGIA DO CEARÁ;CR;Não;Não;Não;Não;R$ 0,00;R$ 0,00;R$ 0,00;R$ 8.556,21;R$ 8.556,21;R$ 8.556,21;"3ª MEDIÇÃO - OBJETO: CONTRATAÇÃO DE SERVIÇO COMUM DE ENGENHARIA DE MANUTENÇÃO PREVENTIVA DAS SUBESTAÇÕES DO IFCE - CAMPUS REITORIA. ""SERVIÇO DE EXECUÇÃO PREVENTIVA"""
1219;1;DINAMICA EMPREENDIMENTOS E SOLUCOES LTDA;NFSE;1324;11/12/2024;6;INSTITUTO FEDERAL DE EDUCAÇÃO, CIÊNCIA E TECNOLOGIA DO CEARÁ;CR;Não;Não;Não;Não;R$ 0,00;R$ 0,00;R$ 0,00;R$ 3.631,72;R$ 3.631,72;R$ 3.631,72;"4ª MEDIÇÃO - OBJETO: CONTRATAÇÃO DE SERVIÇO COMUM DE ENGENHARIA DE MANUTENÇÃO CORRETIVA DAS SUBESTAÇÕES DO IFCE - GRUPO 02 - CAMPUS CANINDÉ. ""SERVIÇO DE EXECUÇÃO CORRETIVA"" CONTRATO Nº 30 / 2023. PROCESSO Nº 23255.001512/2023-00."
1220;1;DINAMICA EMPREENDIMENTOS E SOLUCOES LTDA;NFSE;1325;11/12/2024;6;INSTITUTO FEDERAL DE EDUCAÇÃO, CIÊNCIA E TECNOLOGIA DO CEARÁ;CR;Não;Não;Não;Não;R$ 0,00;R$ 0,00;R$ 0,00;R$ 8.951,81;R$ 8.951,81;R$ 8.951,81;"5ª MEDIÇÃO - OBJETO: CONTRATAÇÃO DE SERVIÇO COMUM DE ENGENHARIA DE MANUTENÇÃO CORRETIVA DAS SUBESTAÇÕES DO IFCE - GRUPO 02 - CAMPUS CANINDÉ. ""SERVIÇO DE EXECUÇÃO CORRETIVA"" CONTRATO Nº 30 / 2023. PROCESSO Nº 23255.001512/2023-00."
1221;1;DINAMICA EMPREENDIMENTOS E SOLUCOES LTDA;NFSE;1326;12/12/2024;90;MUNICIPIO DE SOBRAL;CR;Não;Não;Não;Não;R$ 0,00;R$ 0,00;R$ 0,00;R$ 396.824,84;R$ 396.824,84;R$ 396.824,84;REFERENTE A 28° MEDIÇÃO DO OBJETO: CONTRATAÇÃO DE EMPRESA ESPECIALIZADA PARA CONSTRUÇÃO DE ESCOLA VERTICAL, 12 SALAS, NO BAIRRO ALTO DA BRASILIA, NO MUNICÍPIO DE DE SOBRAL / CE. PERÍODO DE: 01/11/2024 - 25/11/2024. CONTRATO Nº 0094 / 2022 - SME. CONCORRÊNCIA PÚBLICA Nº CP22003 - SME.
1222;1;DINAMICA EMPREENDIMENTOS E SOLUCOES LTDA;NFSE;1328;13/12/2024;6;INSTITUTO FEDERAL DE EDUCAÇÃO, CIÊNCIA E TECNOLOGIA DO CEARÁ;CR;Não;Não;Não;Não;R$ 0,00;R$ 0,00;R$ 0,00;R$ 3.809,79;R$ 3.809,79;R$ 3.809,79;"2ª MEDIÇÃO - OBJETO: CONTRATAÇÃO DE SERVIÇO COMUM DE ENGENHARIA DE MANUTENÇÃO CORRETIVA DAS SUBESTAÇÕES DO IFCE - GRUPO 04 - CAMPUS ACOPIARA. ""SERVIÇO DE EXECUÇÃO CORRETIVA"" CONTRATO Nº 32 / 2023. PROCESSO Nº 23255.001512/2023-00."
1223;1;DINAMICA EMPREENDIMENTOS E SOLUCOES LTDA;NFSE;1329;13/12/2024;6;INSTITUTO FEDERAL DE EDUCAÇÃO, CIÊNCIA E TECNOLOGIA DO CEARÁ;CR;Não;Não;Não;Não;R$ 0,00;R$ 0,00;R$ 0,00;R$ 8.736,30;R$ 8.736,30;R$ 8.736,30;"3ª MEDIÇÃO - OBJETO: CONTRATAÇÃO DE SERVIÇO COMUM DE ENGENHARIA DE MANUTENÇÃO PREVENTIVA DAS SUBESTAÇÕES DO IFCE - GRUPO 04 - CAMPUS ACOPIARA. ""SERVIÇO DE EXECUÇÃO PREVENTIVA"" CONTRATO Nº 32 / 2023. PROCESSO Nº 23255.001512/2023-00."
1224;1;DINAMICA EMPREENDIMENTOS E SOLUCOES LTDA;NFSE;1330;13/12/2024;6;INSTITUTO FEDERAL DE EDUCAÇÃO, CIÊNCIA E TECNOLOGIA DO CEARÁ;CR;Não;Não;Não;Não;R$ 0,00;R$ 0,00;R$ 0,00;R$ 66.172,29;R$ 66.172,29;R$ 66.172,29;"2ª MEDIÇÃO - OBJETO: CONTRATAÇÃO DE SERVIÇO COMUM DE ENGENHARIA DE MANUTENÇÃO PREVENTIVA DAS SUBESTAÇÕES DO IFCE - GRUPO 01 - CAMPUS PARACURU. ""SERVIÇO DE EXECUÇÃO PREVENTIVA"" CONTRATO Nº 29 / 2023. PROCESSO Nº 23255.001512/2023-00."
1225;1;DINAMICA EMPREENDIMENTOS E SOLUCOES LTDA;NFSE;1331;13/12/2024;6;INSTITUTO FEDERAL DE EDUCAÇÃO, CIÊNCIA E TECNOLOGIA DO CEARÁ;CR;Não;Não;Não;Não;R$ 0,00;R$ 0,00;R$ 0,00;R$ 17.350,37;R$ 17.350,37;R$ 17.350,37;"3ª MEDIÇÃO - OBJETO: CONTRATAÇÃO DE SERVIÇO COMUM DE ENGENHARIA DE MANUTENÇÃO PREVENTIVA DAS SUBESTAÇÕES DO IFCE - GRUPO 01 - CAMPUS PARACURU. ""SERVIÇO DE EXECUÇÃO PREVENTIVA"" CONTRATO Nº 29 / 2023. PROCESSO Nº 23255.001512/2023-00."
1226;1;DINAMICA EMPREENDIMENTOS E SOLUCOES LTDA;NFSE;1332;13/12/2024;6;INSTITUTO FEDERAL DE EDUCAÇÃO, CIÊNCIA E TECNOLOGIA DO CEARÁ;CR;Não;Não;Não;Não;R$ 0,00;R$ 0,00;R$ 0,00;R$ 2.535,21;R$ 2.535,21;R$ 2.535,21;"4ª MEDIÇÃO - OBJETO: CONTRATAÇÃO DE SERVIÇO COMUM DE ENGENHARIA DE MANUTENÇÃO CORRETIVA DAS SUBESTAÇÕES DO IFCE - GRUPO 01 - CAMPUS PARACURU. ""SERVIÇO DE EXECUÇÃO CORRETIVA"" CONTRATO Nº 29 / 2023. PROCESSO Nº 23255.001512/2023-00."
1227;1;DINAMICA EMPREENDIMENTOS E SOLUCOES LTDA;NFSE;1335;13/12/2024;6;INSTITUTO FEDERAL DE EDUCAÇÃO, CIÊNCIA E TECNOLOGIA DO CEARÁ;CR;Não;Não;Não;Não;R$ 0,00;R$ 0,00;R$ 0,00;R$ 3.295,26;R$ 3.295,26;R$ 3.295,26;"6ª MEDIÇÃO - OBJETO: CONTRATAÇÃO DE SERVIÇO COMUM DE ENGENHARIA DE MANUTENÇÃO CORRETIVA EMERGENCIAL DAS SUBESTAÇÕES DO IFCE - GRUPO 02 - CAMPUS CAMOCIM. ""SERVIÇO DE EXECUÇÃO EMERGENCIAL"" CONTRATO Nº 30 / 2023. PROCESSO Nº 23255.001512/2023-00."
1228;1;DINAMICA EMPREENDIMENTOS E SOLUCOES LTDA;NFSE;1336;13/12/2024;6;INSTITUTO FEDERAL DE EDUCAÇÃO, CIÊNCIA E TECNOLOGIA DO CEARÁ;CR;Não;Não;Não;Não;R$ 0,00;R$ 0,00;R$ 0,00;R$ 17.430,46;R$ 17.430,46;R$ 17.430,46;"8ª MEDIÇÃO - OBJETO: CONTRATAÇÃO DE SERVIÇO COMUM DE ENGENHARIA DE MANUTENÇÃO PREVENTIVA DAS SUBESTAÇÕES DO IFCE - GRUPO 02 - CAMPUS CAMOCIM. ""SERVIÇO DE EXECUÇÃO PREVENTIVA"" CONTRATO Nº 30 / 2023. PROCESSO Nº 23255.001512/2023-00."
1229;1;DINAMICA EMPREENDIMENTOS E SOLUCOES LTDA;NFSE;1337;13/12/2024;6;INSTITUTO FEDERAL DE EDUCAÇÃO, CIÊNCIA E TECNOLOGIA DO CEARÁ;CR;Não;Não;Não;Não;R$ 0,00;R$ 0,00;R$ 0,00;R$ 5.224,60;R$ 5.224,60;R$ 5.224,60;"7ª MEDIÇÃO - OBJETO: CONTRATAÇÃO DE SERVIÇO COMUM DE ENGENHARIA DE MANUTENÇÃO CORRETIVA DAS SUBESTAÇÕES DO IFCE - GRUPO 02 - CAMPUS CAMOCIM. ""SERVIÇO DE EXECUÇÃO CORRETIVA"" CONTRATO Nº 30 / 2023. PROCESSO Nº 23255.001512/2023-00."
1230;1;DINAMICA EMPREENDIMENTOS E SOLUCOES LTDA;NFSE;1338;13/12/2024;6;INSTITUTO FEDERAL DE EDUCAÇÃO, CIÊNCIA E TECNOLOGIA DO CEARÁ;CR;Não;Não;Não;Não;R$ 0,00;R$ 0,00;R$ 0,00;R$ 17.430,26;R$ 17.430,26;R$ 17.430,26;"9ª MEDIÇÃO - OBJETO: CONTRATAÇÃO DE SERVIÇO COMUM DE ENGENHARIA DE MANUTENÇÃO PREVENTIVA DAS SUBESTAÇÕES DO IFCE - GRUPO 02 - CAMPUS CAMOCIM. ""SERVIÇO DE EXECUÇÃO CORRETIVA"" CONTRATO Nº 30 / 2023. PROCESSO Nº 23255.001512/2023-00."
1231;1;DINAMICA EMPREENDIMENTOS E SOLUCOES LTDA;NFSE;1339;16/12/2024;6;INSTITUTO FEDERAL DE EDUCAÇÃO, CIÊNCIA E TECNOLOGIA DO CEARÁ;CR;Não;Não;Não;Não;R$ 0,00;R$ 0,00;R$ 0,00;R$ 19.568,33;R$ 19.568,33;R$ 19.568,33;"4ª MEDIÇÃO - OBJETO: CONTRATAÇÃO DE SERVIÇO COMUM DE ENGENHARIA DE MANUTENÇÃO PREVENTIVA E CORRETIVA DAS SUBESTAÇÕES DO IFCE - GRUPO 04 - CAMPUS CRATO. ""SERVIÇO DE EXECUÇÃO CORRETIVA"" CONTRATO Nº 32 / 2023. PROCESSO Nº 23255.001512/2023-00."
1232;1;DINAMICA EMPREENDIMENTOS E SOLUCOES LTDA;NFSE;1340;18/12/2024;6;INSTITUTO FEDERAL DE EDUCAÇÃO, CIÊNCIA E TECNOLOGIA DO CEARÁ;CR;Não;Não;Não;Não;R$ 0,00;R$ 0,00;R$ 0,00;R$ 3.596,12;R$ 3.596,12;R$ 3.596,12;"2ª MEDIÇÃO - OBJETO: CONTRATAÇÃO DE SERVIÇO COMUM DE ENGENHARIA DE MANUTENÇÃO CORRETIVA DAS SUBESTAÇÕES DO IFCE - GRUPO 04 - CAMPUS IGUATU. ""SERVIÇO DE EXECUÇÃO CORRETIVA"" CONTRATO Nº 32 / 2023. PROCESSO Nº 23255.001512/2023-00."
1233;1;DINAMICA EMPREENDIMENTOS E SOLUCOES LTDA;NFSE;1343;19/12/2024;93;UNIVERSIDADE DA INTEGRACAO INTERNACIONAL DA LUSOFONIA AFRO-BRASILEIRA - UNILAB;CR;Não;Não;Não;Não;R$ 0,00;R$ 0,00;R$ 0,00;R$ 899.930,46;R$ 899.930,46;R$ 899.930,46;REFERENTE A 9° MEDIÇÃO DO OBJETO: CONTRATAÇÃO DE SERVIÇOS COMUNS DE ENGENHARIA DE EMPRESA ESPECIALIZADA PARA A OBRA DE CONSTRUÇÃO DOS BLOCOS ANEXOS DO CAMPUS DOS MALÊS. PERÍODO DE 01/11/2024 À 30/11/ 2024. CONTRATO Nº 16/2023. PROCESSO Nº 23804.000809/2023-86.
1234;1;DINAMICA EMPREENDIMENTOS E SOLUCOES LTDA;NFSE;1341;19/12/2024;6;INSTITUTO FEDERAL DE EDUCAÇÃO, CIÊNCIA E TECNOLOGIA DO CEARÁ;CR;Não;Não;Não;Não;R$ 0,00;R$ 0,00;R$ 0,00;R$ 12.638,52;R$ 12.638,52;R$ 12.638,52;"4ª MEDIÇÃO - OBJETO: CONTRATAÇÃO DE SERVIÇO COMUM DE ENGENHARIA DE MANUTENÇÃO CORRETIVA DAS SUBESTAÇÕES DO IFCE - GRUPO 03 - CAMPUS QUIXADÁ. ""SERVIÇO DE EXECUÇÃO CORRETIVA."" CONTRATO Nº 31 / 2023. PROCESSO Nº 23255.001512/2023-00."
1235;1;DINAMICA EMPREENDIMENTOS E SOLUCOES LTDA;NFSE;1342;19/12/2024;6;INSTITUTO FEDERAL DE EDUCAÇÃO, CIÊNCIA E TECNOLOGIA DO CEARÁ;CR;Não;Não;Não;Não;R$ 0,00;R$ 0,00;R$ 0,00;R$ 2.835,90;R$ 2.835,90;R$ 2.835,90;"5ª MEDIÇÃO - OBJETO: CONTRATAÇÃO DE SERVIÇO COMUM DE ENGENHARIA DE MANUTENÇÃO EMERGENCIAL DAS SUBESTAÇÕES DO IFCE - GRUPO 03 - CAMPUS QUIXADÁ. ""SERVIÇO DE EXECUÇÃO EMERGENCIAL."" CONTRATO Nº 31 / 2023. PROCESSO Nº 23255.001512/2023-00."
1237;1;DINAMICA EMPREENDIMENTOS E SOLUCOES LTDA;NFSE;1344;23/12/2024;90;MUNICIPIO DE SOBRAL;CR;Não;Não;Não;Não;R$ 0,00;R$ 0,00;R$ 0,00;R$ 889.605,10;R$ 889.605,10;R$ 889.605,10;REFERENTE A 29° MEDIÇÃO DO OBJETO: CONTRATAÇÃO DE EMPRESA ESPECIALIZADA PARA CONSTRUÇÃO DE ESCOLA VERTICAL, 12 SALAS, NO BAIRRO ALTO DA BRASILIA, NO MUNICÍPIO DE DE SOBRAL / CE. PERÍODO DE: 01/12/2024 - 13/12/2024. CONTRATO Nº 0094 / 2022 - SME. CONCORRÊNCIA PÚBLICA Nº CP22003 - SME.
1271;1;DINAMICA EMPREENDIMENTOS E SOLUCOES LTDA;NFSE;1345;26/12/2024;82;PREFEITURA MUNICIPAL DE PARAIPABA;CR;Não;Não;Não;Não;R$ 0,00;R$ 0,00;R$ 0,00;R$ 100.914,64;R$ 100.914,64;R$ 100.914,64;REFERENTE A 13° MEDIÇÃO DO OBJETO: CONTRATAÇÃO DE EMPRESA PARA EXECUÇÃO DOS SERVIÇOS DE REFORMA E AMPLIAÇÃO DA EMEIF FRANCISCO CIPRIANO MOREIRA NO MUNICÍPIO DE PARAIPABA-CE. CONTRATO Nº 2023.02.28.01. CONCORRÊNCIA Nº 005.2022.
1246;1;DINAMICA EMPREENDIMENTOS E SOLUCOES LTDA;NFSE;1346;30/12/2024;6;INSTITUTO FEDERAL DE EDUCAÇÃO, CIÊNCIA E TECNOLOGIA DO CEARÁ;CR;Não;Não;Não;Não;R$ 0,00;R$ 0,00;R$ 0,00;R$ 17.743,12;R$ 17.743,12;R$ 17.743,12;"6ª MEDIÇÃO - OBJETO: CONTRATAÇÃO DE SERVIÇO COMUM DE ENGENHARIA DE MANUTENÇÃO CORRETIVA E EMERGENCIAL DAS SUBESTAÇÕES DO IFCE - GRUPO 01 - CAMPUS CAUCAIA. ""SERVIÇO DE EXECUÇÃO EMERGENCIAL"" CONTRATO Nº 29 / 2023. PROCESSO Nº 23255.001512/2023-00."
1247;1;DINAMICA EMPREENDIMENTOS E SOLUCOES LTDA;NFSE;1347;30/12/2024;6;INSTITUTO FEDERAL DE EDUCAÇÃO, CIÊNCIA E TECNOLOGIA DO CEARÁ;CR;Não;Não;Não;Não;R$ 0,00;R$ 0,00;R$ 0,00;R$ 9.731,96;R$ 9.731,96;R$ 9.731,96;"7ª MEDIÇÃO - OBJETO: CONTRATAÇÃO DE SERVIÇO COMUM DE ENGENHARIA DE MANUTENÇÃO CORRETIVA E EMERGENCIAL DAS SUBESTAÇÕES DO IFCE - GRUPO 01 - CAMPUS CAUCAIA. ""SERVIÇO DE EXECUÇÃO EMERGENCIAL"" CONTRATO Nº 29 / 2023. PROCESSO Nº 23255.001512/2023-00."
1243;1;DINAMICA EMPREENDIMENTOS E SOLUCOES LTDA;NFSE;1348;13/01/2025;86;MUNICIPIO DE ASSARÉ;CR;Não;Não;Não;Não;R$ 0,00;R$ 0,00;R$ 0,00;R$ 78.581,55;R$ 78.581,55;R$ 78.581,55;11ª MEDIÇÃO - OBJETO: CONTRATAÇÃO DE SERVIÇOS PARA EXECUÇÃO DAS OBRAS DE CONSTRUÇÃO DE UNIDADE ESCOLAR COM 12 SALAS DE AULA COM QUADRA POLIESPORTIVA COBERTA - MODELO FNDE, PARA ATENDER AS NECESSIDADES DA SECRETARIA MUNICIPAL DE EDUCAÇÃO DE ASSARÉ/CE.
1239;1;DINAMICA EMPREENDIMENTOS E SOLUCOES LTDA;NFSE;1350;14/01/2025;96;DEPARTAMENTO DE POLICIA RODOVIÁRIA FEDERAL;CR;Não;Não;Não;Não;R$ 0,00;R$ 0,00;R$ 0,00;R$ 37.104,82;R$ 37.104,82;R$ 37.104,82;REFERENTE A 11ª MEDIÇÃO DO OBJETO: CONSTRUÇÃO DA UNIDADE OPERACIONAL DA POLÍCIA RODOVIÁRIA FEDERAL EM POCINHOS / PB. VALOR MEDIDO R$ 37.104,82 (PREÇOS UNITÁRIOS DA PROPOSTA ORIGINAL R$ 34.620,10) E R$ 2.484,72 (CORREÇÃO MONETÁRIA). CONFORME TERMO DE APOSTILAMENTO 13 - SEI Nº 53039614 (7,1771%). CONTRATO Nº 78 / 2022. PROCESSO Nº 08650.037267/2022-23.
1248;1;DINAMICA EMPREENDIMENTOS E SOLUCOES LTDA;NFSE;1349;14/01/2025;6;INSTITUTO FEDERAL DE EDUCAÇÃO, CIÊNCIA E TECNOLOGIA DO CEARÁ;CR;Não;Não;Não;Não;R$ 0,00;R$ 0,00;R$ 0,00;R$ 25.501,95;R$ 25.501,95;R$ 25.501,95;"3ª MEDIÇÃO - OBJETO: CONTRATAÇÃO DE SERVIÇO COMUM DE ENGENHARIA DE MANUTENÇÃO PREVENTIVA DAS SUBESTAÇÕES DO IFCE - GRUPO 01 - CAMPUS FORTALEZA. ""SERVIÇO DE EXECUÇÃO PREVENTIVA"" CONTRATO Nº 29 / 2023. PROCESSO Nº 23255.001512/2023-00."
1240;1;DINAMICA EMPREENDIMENTOS E SOLUCOES LTDA;NFSE;1351;15/01/2025;6;INSTITUTO FEDERAL DE EDUCAÇÃO, CIÊNCIA E TECNOLOGIA DO CEARÁ;CR;Não;Não;Não;Não;R$ 0,00;R$ 0,00;R$ 0,00;R$ 34.726,76;R$ 34.726,76;R$ 34.726,76;"6ª MEDIÇÃO - OBJETO: CONTRATAÇÃO DE SERVIÇO COMUM DE ENGENHARIA DE MANUTENÇÃO PREVENTIVA DAS SUBESTAÇÕES DO IFCE - GRUPO 03 - CAMPUS QUIXADÁ. ""SERVIÇO DE EXECUÇÃO PREVENTIVA."" - 1351"
1244;1;DINAMICA EMPREENDIMENTOS E SOLUCOES LTDA;NFSE;1352;17/01/2025;6;INSTITUTO FEDERAL DE EDUCAÇÃO, CIÊNCIA E TECNOLOGIA DO CEARÁ;CR;Não;Não;Não;Não;R$ 0,00;R$ 0,00;R$ 0,00;R$ 165.780,62;R$ 165.780,62;R$ 165.780,62;REFERENTE A 8° MEDIÇÃO DO OBJETO: CONTRATAÇÃO DA OBRA DE ENGENHARIA PARA CONSTRUÇÃO DA UNIDADE DE ALIMENTAÇÃO NUTRICIONAL NO CAMPUS ACARAU. CONTRATO DE OBRA DE ENGENHARIA Nº 13/2024. PROCESSO Nº 23255.001689/2023-06.
1245;1;DINAMICA EMPREENDIMENTOS E SOLUCOES LTDA;NFSE;1354;17/01/2025;6;INSTITUTO FEDERAL DE EDUCAÇÃO, CIÊNCIA E TECNOLOGIA DO CEARÁ;CR;Não;Não;Não;Não;R$ 0,00;R$ 0,00;R$ 0,00;R$ 22.321,41;R$ 22.321,41;R$ 22.321,41;REFERENTE AO 2° ADITIVO DO OBJETO: CONTRATAÇÃO DA OBRA DE ENGENHARIA PARA CONSTRUÇÃO DA UNIDADE DE ALIMENTAÇÃO NUTRICIONAL NO CAMPUS ACARAU. CONTRATO DE OBRA DE ENGENHARIA Nº 13/2024. PROCESSO Nº 23255.001689/2023-06.
1249;1;DINAMICA EMPREENDIMENTOS E SOLUCOES LTDA;NFSE;1355;24/01/2025;6;INSTITUTO FEDERAL DE EDUCAÇÃO, CIÊNCIA E TECNOLOGIA DO CEARÁ;CR;Não;Não;Não;Não;R$ 0,00;R$ 0,00;R$ 0,00;R$ 60.223,11;R$ 60.223,11;R$ 60.223,11;"2ª MEDIÇÃO e 3° MEDIÇÃO - OBJETO: CONTRATAÇÃO DE SERVIÇO COMUM DE ENGENHARIA DE MANUTENÇÃO PREVENTIVA E CORRETIVA DAS SUBESTAÇÕES DO IFCE - GRUPO 02 - CAMPUS SOBRAL. ""SERVIÇO DE EXECUÇÃO PRENTIVA"" CONTRATO Nº 30 / 2023. PROCESSO Nº 23255.001512/2023-00"
1250;1;DINAMICA EMPREENDIMENTOS E SOLUCOES LTDA;NFSE;1357;24/01/2025;6;INSTITUTO FEDERAL DE EDUCAÇÃO, CIÊNCIA E TECNOLOGIA DO CEARÁ;CR;Não;Não;Não;Não;R$ 0,00;R$ 0,00;R$ 0,00;R$ 5.013,18;R$ 5.013,18;R$ 5.013,18;"3ª MEDIÇÃO - OBJETO: CONTRATAÇÃO DE SERVIÇO COMUM DE ENGENHARIA DE MANUTENÇÃO CORRETIVA DAS SUBESTAÇÕES DO IFCE - GRUPO 01 - CAMPUS UMIRIM. ""SERVIÇO DE EXECUÇÃO CORRETIVA"" CONTRATO Nº 29 / 2023. PROCESSO Nº 23255.001512/2023-00."
1251;1;DINAMICA EMPREENDIMENTOS E SOLUCOES LTDA;NFSE;1358;27/01/2025;93;UNIVERSIDADE DA INTEGRACAO INTERNACIONAL DA LUSOFONIA AFRO-BRASILEIRA - UNILAB;CR;Não;Não;Não;Não;R$ 0,00;R$ 0,00;R$ 0,00;R$ 1.118.255,72;R$ 1.118.255,72;R$ 1.118.255,72;REFERENTE A 10° MEDIÇÃO DO OBJETO: CONTRATAÇÃO DE SERVIÇOS COMUNS DE ENGENHARIA DE EMPRESA ESPECIALIZADA PARA A OBRA DE CONSTRUÇÃO DOS BLOCOS ANEXOS DO CAMPUS DOS MALÊS. PERÍODO DE 01/12/2024 À 31/12/2024. CONTRATO Nº 16/2023. PROCESSO Nº 23804.000809/2023-86.
1252;1;DINAMICA EMPREENDIMENTOS E SOLUCOES LTDA;NFSE;1359;28/01/2025;6;INSTITUTO FEDERAL DE EDUCAÇÃO, CIÊNCIA E TECNOLOGIA DO CEARÁ;CR;Não;Não;Não;Não;R$ 0,00;R$ 0,00;R$ 0,00;R$ 17.402,53;R$ 17.402,53;R$ 17.402,53;"4ª MEDIÇÃO - OBJETO: CONTRATAÇÃO DE SERVIÇO COMUM DE ENGENHARIA DE MANUTENÇÃO PREVENTIVA DAS SUBESTAÇÕES DO IFCE - GRUPO 01 - CAMPUS UMIRIM. ""SERVIÇO DE EXECUÇÃO PREVENTIVA"" CONTRATO Nº 29 / 2023. PROCESSO Nº 23255.001512/2023-00."
1253;1;DINAMICA EMPREENDIMENTOS E SOLUCOES LTDA;NFSE;1360;30/01/2025;6;INSTITUTO FEDERAL DE EDUCAÇÃO, CIÊNCIA E TECNOLOGIA DO CEARÁ;CR;Não;Não;Não;Não;R$ 0,00;R$ 0,00;R$ 0,00;R$ 404,67;R$ 404,67;R$ 404,67;"2ª MEDIÇÃO - OBJETO: CONTRATAÇÃO DE SERVIÇO COMUM DE ENGENHARIA DE MANUTENÇÃO EMERGENCIAL DAS SUBESTAÇÕES DO IFCE - GRUPO 01 - CAMPUS HORIZONTE. ""SERVIÇO DE EXECUÇÃO PREVENTIVA"" CONTRATO Nº 29 / 2023. PROCESSO Nº 23255.001512/2023-00."
1254;1;DINAMICA EMPREENDIMENTOS E SOLUCOES LTDA;NFSE;1361;30/01/2025;6;INSTITUTO FEDERAL DE EDUCAÇÃO, CIÊNCIA E TECNOLOGIA DO CEARÁ;CR;Não;Não;Não;Não;R$ 0,00;R$ 0,00;R$ 0,00;R$ 17.840,64;R$ 17.840,64;R$ 17.840,64;"3ª MEDIÇÃO - OBJETO: CONTRATAÇÃO DE SERVIÇO COMUM DE ENGENHARIA DE MANUTENÇÃO PREVENTIVA DAS SUBESTAÇÕES DO IFCE - GRUPO 01 - CAMPUS HORIZONTE. ""SERVIÇO DE EXECUÇÃO PREVENTIVA"" CONTRATO Nº 29 / 2023. PROCESSO Nº 23255.001512/2023-00."
1262;1;DINAMICA EMPREENDIMENTOS E SOLUCOES LTDA;NFSE;1362;03/02/2025;95;DISTRITO SANITARIO ESPECIAL INDIGENA CEARA - DSEI/CE;CR;Não;Não;Não;Não;R$ 0,00;R$ 0,00;R$ 0,00;R$ 23.775,98;R$ 23.775,98;R$ 23.775,98;REFERENTE A 5° MEDIÇÃO DO OBJETO: CONTRATAÇÃO DA EMPRESA ESPECIALIZADA NA EXECUÇÃO DA CONSTRUÇÃO DA UNIDADE BÁSICA DE SAÚDE INDÍGENA TIPO III NA ALDEIA VILA VITORIA EM CRATEÚS/CE. CONTRATO Nº 22/2023. PROCESSO Nº 25044.000935/2019-29.
1255;1;DINAMICA EMPREENDIMENTOS E SOLUCOES LTDA;NFSE;1364;04/02/2025;6;INSTITUTO FEDERAL DE EDUCAÇÃO, CIÊNCIA E TECNOLOGIA DO CEARÁ;CR;Não;Não;Não;Não;R$ 0,00;R$ 0,00;R$ 0,00;R$ 4.658,20;R$ 4.658,20;R$ 4.658,20;"2ª MEDIÇÃO - OBJETO: CONTRATAÇÃO DE SERVIÇO COMUM DE ENGENHARIA DE MANUTENÇÃO CORRETIVA DAS SUBESTAÇÕES DO IFCE - GRUPO 04 - CAMPUS MOMBAÇA. ""SERVIÇO DE EXECUÇÃO CORRETIVA"" CONTRATO Nº 32 / 2023. PROCESSO Nº 23255.001512/2023-00."
1257;1;DINAMICA EMPREENDIMENTOS E SOLUCOES LTDA;NFSE;1365;14/02/2025;6;INSTITUTO FEDERAL DE EDUCAÇÃO, CIÊNCIA E TECNOLOGIA DO CEARÁ;CR;Não;Não;Não;Não;R$ 0,00;R$ 0,00;R$ 0,00;R$ 166.293,39;R$ 166.293,39;R$ 166.293,39;REFERENTE A 9° MEDIÇÃO DO OBJETO: CONTRATAÇÃO DA OBRA DE ENGENHARIA PARA CONSTRUÇÃO DA UNIDADE DE ALIMENTAÇÃO NUTRICIONAL NO CAMPUS ACARAU. CONTRATO DE OBRA DE ENGENHARIA Nº 13/2024. PROCESSO Nº 23255.001689/2023-06.
1258;1;DINAMICA EMPREENDIMENTOS E SOLUCOES LTDA;NFSE;1366;14/02/2025;6;INSTITUTO FEDERAL DE EDUCAÇÃO, CIÊNCIA E TECNOLOGIA DO CEARÁ;CR;Não;Não;Não;Não;R$ 0,00;R$ 0,00;R$ 0,00;R$ 45.086,44;R$ 45.086,44;R$ 45.086,44;REFERENTE AO 3° ADITIVO DO OBJETO: CONTRATAÇÃO DA OBRA DE ENGENHARIA PARA CONSTRUÇÃO DA UNIDADE DE ALIMENTAÇÃO NUTRICIONAL NO CAMPUS ACARAU. CONTRATO DE OBRA DE ENGENHARIA Nº 13/2024. PROCESSO Nº 23255.001689/2023-06.
1270;1;DINAMICA EMPREENDIMENTOS E SOLUCOES LTDA;NFSE;1367;14/02/2025;6;INSTITUTO FEDERAL DE EDUCAÇÃO, CIÊNCIA E TECNOLOGIA DO CEARÁ;CR;Não;Não;Não;Não;R$ 0,00;R$ 0,00;R$ 0,00;R$ 11.016,10;R$ 11.016,10;R$ 11.016,10;"3ª MEDIÇÃO - OBJETO: CONTRATAÇÃO DE SERVIÇO COMUM DE ENGENHARIA DE MANUTENÇÃO PREVENTIVA E CORRETIVA DAS SUBESTAÇÕES DO IFCE - GRUPO 01 - CAMPUS MARACANAÚ. ""SERVIÇO DE EXECUÇÃO EMERGENCIAL"" CONTRATO Nº 29 / 2023. PROCESSO Nº 23255.001512/2023-00."
1260;1;DINAMICA EMPREENDIMENTOS E SOLUCOES LTDA;NFSE;1369;17/02/2025;6;INSTITUTO FEDERAL DE EDUCAÇÃO, CIÊNCIA E TECNOLOGIA DO CEARÁ;CR;Não;Não;Não;Não;R$ 0,00;R$ 0,00;R$ 0,00;R$ 3.837,14;R$ 3.837,14;R$ 3.837,14;"4ª MEDIÇÃO - OBJETO: CONTRATAÇÃO DE SERVIÇO COMUM DE ENGENHARIA DE MANUTENÇÃO PREVENTIVA E CORRETIVA DAS SUBESTAÇÕES DO IFCE - GRUPO 02 - CAMPUS CRATEÚS. ""SERVIÇO DE EXECUÇÃO BANCO DE CAPACITORES"" CONTRATO Nº 30 / 2023. PROCESSO Nº 23255.001512/2023-00."
1261;1;DINAMICA EMPREENDIMENTOS E SOLUCOES LTDA;NFSE;1370;17/02/2025;6;INSTITUTO FEDERAL DE EDUCAÇÃO, CIÊNCIA E TECNOLOGIA DO CEARÁ;CR;Não;Não;Não;Não;R$ 0,00;R$ 0,00;R$ 0,00;R$ 8.699,01;R$ 8.699,01;R$ 8.699,01;"5ª MEDIÇÃO - OBJETO: CONTRATAÇÃO DE SERVIÇO COMUM DE ENGENHARIA DE MANUTENÇÃO PREVENTIVA SUBESTAÇÕES DO IFCE - GRUPO 02 - CAMPUS CRATEÚS. ""SERVIÇO DE EXECUÇÃO BANCO DE CAPACITORES"" CONTRATO Nº 30 / 2023. PROCESSO Nº 23255.001512/2023-00."
1264;1;DINAMICA EMPREENDIMENTOS E SOLUCOES LTDA;NFSE;1368;17/02/2025;81;MUNICIPIO DE SENADOR POMPEU - SECRETARIA DE EDUCAÇÃO, CULTURA E DESPORTO;CR;Não;Não;Não;Não;R$ 0,00;R$ 0,00;R$ 0,00;R$ 61.319,57;R$ 61.319,57;R$ 61.319,57;13ª MEDIÇÃO - OBJETO: CONTRATAÇÃO DE EMPRESA ESPECIALIZADA PARA A CONSTRUÇÃO DE UM GALPÃO INDUSTRIAL NO MUNICÍPIO DE SENADOR POMPEU-CE, ATRAVÉS DA SECRETARIA DE INFRAESTRUTURA, DESTE MUNICÍPIO. CONTRATO N° SI-CP001/2022-01. CONCORRÊNCIA Nº SI´CP001/2022. 50% MATERIAIS 50% MÃO DE OBRA CNO: 90.013.60977/75. DADOS BANCÁRIOS: BANCO: (104) CAIXA ECONÔMICA FEDERAL AGÊNCIA: 1977. OPERAÇÃO: 003. CONTA: 3274-3. CNPJ / PIX: 25.025.604/0001-13.
1265;1;DINAMICA EMPREENDIMENTOS E SOLUCOES LTDA;NFSE;1371;19/02/2025;91;MUNICIPIO DE JUCAS - SECRETARIA MUNICIPAL DE EDUCACAO;CR;Não;Não;Não;Não;R$ 0,00;R$ 0,00;R$ 0,00;R$ 12.728,61;R$ 12.728,61;R$ 12.728,61;7ª MEDIÇÃO - OBJETO: CONTRATAÇÃO DE EMPRESA PARA EXECUÇÃO DE SERVIÇOS DE CONSTRUÇÃO DE UMA ESCOLA COM 12 SALAS DE AULA  PADRÃO FNDE, DE ACORDO COM AS ESPECIFICAÇÕES CONTIDAS NO PROJETO BÁSICO EM ANEXO, DE RESPONSABILIDADE DA SECRETARIA MUNICIPAL DE EDUCAÇÃO. CONTRATO N° 001/2022. MATERIAL 50% - R$ 42.428,68. MÃO DE OBRA 50% - R$ 42.428,68. DADOS BANCÁRIOS: BANCO: (104) CAIXA ECONÔMICA FEDERAL AGÊNCIA: 1977. OPERAÇÃO: 003. CONTA: 3274-3. CNPJ / PIX: 25.025.604/0001-13
1263;1;DINAMICA EMPREENDIMENTOS E SOLUCOES LTDA;NFSE;1373;20/02/2025;6;INSTITUTO FEDERAL DE EDUCAÇÃO, CIÊNCIA E TECNOLOGIA DO CEARÁ;CR;Não;Não;Não;Não;R$ 0,00;R$ 0,00;R$ 0,00;R$ 17.248,90;R$ 17.248,90;R$ 17.248,90;"4ª MEDIÇÃO - OBJETO: CONTRATAÇÃO DE SERVIÇO COMUM DE ENGENHARIA DE MANUTENÇÃO PREVENTIVA E CORRETIVA DAS SUBESTAÇÕES DO IFCE - GRUPO 01 - CAMPUS MARACANAÚ. ""SERVIÇO DE EXECUÇÃO EMERGENCIAL"" CONTRATO Nº 29 / 2023. PROCESSO Nº 23255.001512/2023-00."
1267;1;DINAMICA EMPREENDIMENTOS E SOLUCOES LTDA;NFSE;1372;20/02/2025;86;MUNICIPIO DE ASSARÉ;CR;Não;Não;Não;Não;R$ 0,00;R$ 0,00;R$ 0,00;R$ 126.050,57;R$ 126.050,57;R$ 126.050,57;12ª MEDIÇÃO - OBJETO: CONTRATAÇÃO DE SERVIÇOS PARA EXECUÇÃO DAS OBRAS DE CONSTRUÇÃO DE UNIDADE ESCOLAR COM 12 SALAS DE AULA COM QUADRA POLIESPORTIVA COBERTA - MODELO FNDE, PARA ATENDER AS NECESSIDADES DA SECRETARIA MUNICIPAL DE EDUCAÇÃO DE ASSARÉ/CE.
1266;1;DINAMICA EMPREENDIMENTOS E SOLUCOES LTDA;NFSE;1375;22/02/2025;96;DEPARTAMENTO DE POLICIA RODOVIÁRIA FEDERAL;CR;Não;Não;Não;Não;R$ 0,00;R$ 0,00;R$ 0,00;R$ 148.695,18;R$ 148.695,18;R$ 148.695,18;REFERENTE A 12ª MEDIÇÃO DO OBJETO: CONSTRUÇÃO DA UNIDADE OPERACIONAL DA POLÍCIA RODOVIÁRIA FEDERAL EM POCINHOS / PB. VALOR MEDIDO R$ 148.695,18 (PREÇOS UNITÁRIOS DA PROPOSTA ORIGINAL R$ 138.737,83) E R$ 9.957,35(CORREÇÃO MONETÁRIA). CONFORME TERMO DE APOSTILAMENTO 13 - SEI Nº 53039614 (7,1771%). CONTRATO Nº 78 / 2022. PROCESSO Nº 08650.037267/2022-23.
1268;1;DINAMICA EMPREENDIMENTOS E SOLUCOES LTDA;NFSE;1376;25/02/2025;6;INSTITUTO FEDERAL DE EDUCAÇÃO, CIÊNCIA E TECNOLOGIA DO CEARÁ;CR;Não;Não;Não;Não;R$ 0,00;R$ 0,00;R$ 0,00;R$ 32.107,15;R$ 32.107,15;R$ 32.107,15;"3ª E 4ª MEDIÇÃO - OBJETO: CONTRATAÇÃO DE SERVIÇO COMUM DE ENGENHARIA DE MANUTENÇÃO PREVENTIVA E CORRETIVA DAS SUBESTAÇÕES DO IFCE - GRUPO 01 - CAMPUS BATURITÉ. ""SERVIÇO DE EXECUÇÃO CORRETIVA, PREVENTIVA E QGBT"" CONTRATO Nº 29 / 2023. PROCESSO Nº 23255.001512/2023-00."
1269;1;DINAMICA EMPREENDIMENTOS E SOLUCOES LTDA;NFSE;1379;25/02/2025;93;UNIVERSIDADE DA INTEGRACAO INTERNACIONAL DA LUSOFONIA AFRO-BRASILEIRA - UNILAB;CR;Não;Não;Não;Não;R$ 0,00;R$ 0,00;R$ 0,00;R$ 786.278,04;R$ 786.278,04;R$ 786.278,04;REFERENTE A 11° MEDIÇÃO DO OBJETO: CONTRATAÇÃO DE SERVIÇOS COMUNS DE ENGENHARIA DE EMPRESA ESPECIALIZADA PARA A OBRA DE CONSTRUÇÃO DOS BLOCOS ANEXOS DO CAMPUS DOS MALÊS. PERÍODO DE 01/01/2025 À 31/01/2025. CONTRATO Nº 16/2023. PROCESSO Nº 23804.000809/2023-86.
1272;1;DINAMICA EMPREENDIMENTOS E SOLUCOES LTDA;NFSE;1380;17/03/2025;6;INSTITUTO FEDERAL DE EDUCAÇÃO, CIÊNCIA E TECNOLOGIA DO CEARÁ;CR;Não;Não;Não;Não;R$ 0,00;R$ 0,00;R$ 0,00;R$ 162.481,50;R$ 162.481,50;R$ 162.481,50;REFERENTE A 10° MEDIÇÃO DO OBJETO: CONTRATAÇÃO DA OBRA DE ENGENHARIA PARA CONSTRUÇÃO DA UNIDADE DE ALIMENTAÇÃO NUTRICIONAL NO CAMPUS ACARAU. CONTRATO DE OBRA DE ENGENHARIA Nº 13/2024. PROCESSO Nº 23255.001689/2023-06.
1273;1;DINAMICA EMPREENDIMENTOS E SOLUCOES LTDA;NFSE;1393;17/03/2025;6;INSTITUTO FEDERAL DE EDUCAÇÃO, CIÊNCIA E TECNOLOGIA DO CEARÁ;CR;Não;Não;Não;Não;R$ 0,00;R$ 0,00;R$ 0,00;R$ 8.817,28;R$ 8.817,28;R$ 8.817,28;"3ª MEDIÇÃO - OBJETO: CONTRATAÇÃO DE SERVIÇO COMUM DE ENGENHARIA DE MANUTENÇÃO PREVENTIVA E CORRETIVA DAS SUBESTAÇÕES DO IFCE - GRUPO 02 - CAMPUS BOA VIAGEM. ""SERVIÇO DE EXECUÇÃO PREVENTIVA"" CONTRATO Nº 30 / 2023. PROCESSO Nº 23255.001512/2023-00."
1274;1;DINAMICA EMPREENDIMENTOS E SOLUCOES LTDA;NFSE;1396;17/03/2025;6;INSTITUTO FEDERAL DE EDUCAÇÃO, CIÊNCIA E TECNOLOGIA DO CEARÁ;CR;Não;Não;Não;Não;R$ 0,00;R$ 0,00;R$ 0,00;R$ 16.460,55;R$ 16.460,55;R$ 16.460,55;"2ª MEDIÇÃO - OBJETO: CONTRATAÇÃO DE SERVIÇO COMUM DE ENGENHARIA DE MANUTENÇÃO PREVENTIVA E CORRETIVA DAS SUBESTAÇÕES DO IFCE - GRUPO 02 - CAMPUS UBAJARA. ""SERVIÇO DE EXECUÇÃO PREVENTIVA"" CONTRATO Nº 30 / 2023. PROCESSO Nº 23255.001512/2023-00."
1275;1;DINAMICA EMPREENDIMENTOS E SOLUCOES LTDA;NFSE;1397;17/03/2025;6;INSTITUTO FEDERAL DE EDUCAÇÃO, CIÊNCIA E TECNOLOGIA DO CEARÁ;CR;Não;Não;Não;Não;R$ 0,00;R$ 0,00;R$ 0,00;R$ 18.271,94;R$ 18.271,94;R$ 18.271,94;"3ª MEDIÇÃO - OBJETO: CONTRATAÇÃO DE SERVIÇO COMUM DE ENGENHARIA DE MANUTENÇÃO PREVENTIVA E CORRETIVA DAS SUBESTAÇÕES DO IFCE - GRUPO 02 - CAMPUS UBAJARA. ""SERVIÇO DE EXECUÇÃO PREVENTIVA"" CONTRATO Nº 30 / 2023. PROCESSO Nº 23255.001512/2023-00."
1276;1;DINAMICA EMPREENDIMENTOS E SOLUCOES LTDA;NFSE;1398;17/03/2025;6;INSTITUTO FEDERAL DE EDUCAÇÃO, CIÊNCIA E TECNOLOGIA DO CEARÁ;CR;Não;Não;Não;Não;R$ 0,00;R$ 0,00;R$ 0,00;R$ 17.386,94;R$ 17.386,94;R$ 17.386,94;"4ª MEDIÇÃO - OBJETO: CONTRATAÇÃO DE SERVIÇO COMUM DE ENGENHARIA DE MANUTENÇÃO PREVENTIVA E CORRETIVA DAS SUBESTAÇÕES DO IFCE - GRUPO 02 - CAMPUS UBAJARA. ""SERVIÇO DE EXECUÇÃO PREVENTIVA"" CONTRATO Nº 30 / 2023. PROCESSO Nº 23255.001512/2023-00."
1277;1;DINAMICA EMPREENDIMENTOS E SOLUCOES LTDA;NFSE;1394;18/03/2025;6;INSTITUTO FEDERAL DE EDUCAÇÃO, CIÊNCIA E TECNOLOGIA DO CEARÁ;CR;Não;Não;Não;Não;R$ 0,00;R$ 0,00;R$ 0,00;R$ 33.262,52;R$ 33.262,52;R$ 33.262,52;"3ª E 4ª MEDIÇÃO - OBJETO: CONTRATAÇÃO DE SERVIÇO COMUM DE ENGENHARIA DE MANUTENÇÃO PREVENTIVA E CORRETIVA DAS SUBESTAÇÕES DO IFCE - GRUPO 02 - CAMPUS TIANGUÁ. ""SERVIÇO DE EXECUÇÃO PREVENTIVA"" CONTRATO Nº 30 / 2023. PROCESSO Nº 23255.001512/2023-00."
1278;1;DINAMICA EMPREENDIMENTOS E SOLUCOES LTDA;NFSE;1395;20/03/2025;6;INSTITUTO FEDERAL DE EDUCAÇÃO, CIÊNCIA E TECNOLOGIA DO CEARÁ;CR;Não;Não;Não;Não;R$ 0,00;R$ 0,00;R$ 0,00;R$ 51.665,50;R$ 51.665,50;R$ 51.665,50;"6ª, 7ª E 8ª MEDIÇÃO - OBJETO: CONTRATAÇÃO DE SERVIÇO COMUM DE ENGENHARIA DE MANUTENÇÃO PREVENTIVA E CORRETIVA DAS SUBESTAÇÕES DO IFCE - GRUPO 03 - CAMPUS JAGUARIBE. ""SERVIÇO DE EXECUÇÃO CORRETIVA E PREVENTIVA"" CONTRATO Nº 31 / 2023. PROCESSO Nº 23255.001512/2023-00."
1283;1;DINAMICA EMPREENDIMENTOS E SOLUCOES LTDA;NFSE;1399;20/03/2025;6;INSTITUTO FEDERAL DE EDUCAÇÃO, CIÊNCIA E TECNOLOGIA DO CEARÁ;CR;Não;Não;Não;Não;R$ 0,00;R$ 0,00;R$ 0,00;R$ 2.508,16;R$ 2.508,16;R$ 2.508,16;"9ª MEDIÇÃO - OBJETO: CONTRATAÇÃO DE SERVIÇO COMUM DE ENGENHARIA DE MANUTENÇÃO PREVENTIVA E CORRETIVA DAS SUBESTAÇÕES DO IFCE - GRUPO 03 - CAMPUS JAGUARIBE. ""SERVIÇO DE EXECUÇÃO CORRETIVA E PREVENTIVA"" CONTRATO Nº 31 / 2023. PROCESSO Nº 23255.001512/2023-00."
1280;1;DINAMICA EMPREENDIMENTOS E SOLUCOES LTDA;NFSE;1390;21/03/2025;68;PREFEITURA MUNICIPAL DE VARZEA ALEGRE;CR;Não;Não;Não;Não;R$ 0,00;R$ 0,00;R$ 0,00;R$ 216.349,55;R$ 216.349,55;R$ 216.349,55;REFERENTE A 3° MEDIÇÃO DO OBJETO: CONTRATAÇÃO DE EMPRESA PARA EXECUÇÃO DAS OBRAS DE CONSTRUÇÃO DE UMA ESCOLA (ESPAÇO EDUCATIVO URBANO - 12 SALAS DE AULA) ATRAVÉS DA SECRETARIA DE EDUCAÇÃO DO MUNICÍPIO DE VÁRZEA ALEGRE-CE. CONTRATO Nº 2024.09.26.1 CONCORRÊNCIA Nº 2023.12.28.1
1281;1;DINAMICA EMPREENDIMENTOS E SOLUCOES LTDA;NFSE;1392;21/03/2025;6;INSTITUTO FEDERAL DE EDUCAÇÃO, CIÊNCIA E TECNOLOGIA DO CEARÁ;CR;Não;Não;Não;Não;R$ 0,00;R$ 0,00;R$ 0,00;R$ 25.785,27;R$ 25.785,27;R$ 25.785,27;"4ª MEDIÇÃO - OBJETO: CONTRATAÇÃO DE SERVIÇO COMUM DE ENGENHARIA DE MANUTENÇÃO PREVENTIVA E CORRETIVA DAS SUBESTAÇÕES DO IFCE - GRUPO 03 - CAMPUS LIMOEIRO DO NORTE. ""SERVIÇO DE EXECUÇÃO PREVENTIVA"" CONTRATO Nº 31 / 2023. PROCESSO Nº 23255.001512/2023-00."
1282;1;DINAMICA EMPREENDIMENTOS E SOLUCOES LTDA;NFSE;1400;24/03/2025;6;INSTITUTO FEDERAL DE EDUCAÇÃO, CIÊNCIA E TECNOLOGIA DO CEARÁ;CR;Não;Não;Não;Não;R$ 0,00;R$ 0,00;R$ 0,00;R$ 14.224,45;R$ 14.224,45;R$ 14.224,45;"2ª E 4ª MEDIÇÃO - OBJETO: CONTRATAÇÃO DE SERVIÇO COMUM DE ENGENHARIA DE MANUTENÇÃO PREVENTIVA E CORRETIVA DAS SUBESTAÇÕES DO IFCE - GRUPO 01 - CAMPUS GUARAMIRANGA. ""SERVIÇO DE EXECUÇÃO PREVENTIVA"" CONTRATO Nº 29 / 2023. PROCESSO Nº 23255.001512/2023-00."
1284;1;DINAMICA EMPREENDIMENTOS E SOLUCOES LTDA;NFSE;1401;01/04/2025;96;DEPARTAMENTO DE POLICIA RODOVIÁRIA FEDERAL;CR;Não;Não;Não;Não;R$ 0,00;R$ 0,00;R$ 0,00;R$ 62.881,03;R$ 62.881,03;R$ 62.881,03;REFERENTE A 13ª MEDIÇÃO DO OBJETO: CONSTRUÇÃO DA UNIDADE OPERACIONAL DA POLÍCIA RODOVIÁRIA FEDERAL EM POCINHOS / PB. VALOR MEDIDO R$ 148.695,18 (PREÇOS UNITÁRIOS DA PROPOSTA ORIGINAL R$ 58.670,21) E R$ 4.210,82 (CORREÇÃO MONETÁRIA). CONFORME TERMO DE APOSTILAMENTO 13 - SEI Nº 53039614 (7,1771%). CONTRATO Nº 78 / 2022. PROCESSO Nº 08650.037267/2022-23.
1299;1;DINAMICA EMPREENDIMENTOS E SOLUCOES LTDA;NEG;EMPRÉSTIMO CAIXA;01/04/2025;79;CAIXA ECONOMICA FEDERAL;CR;Não;Não;Não;Não;R$ 0,00;R$ 0,00;R$ 0,00;R$ 481.017,50;R$ 481.017,50;R$ 481.017,50;EMPRÉSTIMO CAIXA | R$ 500.000,00 | CRÉDITADO R$ 481.017,50 | IOF R$ 18.982,50
1286;1;DINAMICA EMPREENDIMENTOS E SOLUCOES LTDA;NFSE;1403;02/04/2025;86;MUNICIPIO DE ASSARÉ;CR;Não;Não;Não;Não;R$ 0,00;R$ 0,00;R$ 0,00;R$ 66.869,68;R$ 66.869,68;R$ 66.869,68;13ª MEDIÇÃO - OBJETO: CONTRATAÇÃO DE SERVIÇOS PARA EXECUÇÃO DAS OBRAS DE CONSTRUÇÃO DE UNIDADE ESCOLAR COM 12 SALAS DE AULA COM QUADRA POLIESPORTIVA COBERTA - MODELO FNDE, PARA ATENDER AS NECESSIDADES DA SECRETARIA MUNICIPAL DE EDUCAÇÃO DE ASSARÉ/CE.
1285;1;DINAMICA EMPREENDIMENTOS E SOLUCOES LTDA;NFSE;1404;03/04/2025;93;UNIVERSIDADE DA INTEGRACAO INTERNACIONAL DA LUSOFONIA AFRO-BRASILEIRA - UNILAB;CR;Não;Não;Não;Não;R$ 0,00;R$ 0,00;R$ 0,00;R$ 580.202,20;R$ 580.202,20;R$ 580.202,20;REFERENTE A 12° MEDIÇÃO DO OBJETO: CONTRATAÇÃO DE SERVIÇOS COMUNS DE ENGENHARIA DE EMPRESA ESPECIALIZADA PARA A OBRA DE CONSTRUÇÃO DOS BLOCOS ANEXOS DO CAMPUS DOS MALÊS. PERÍODO DE 01/01/2025 À 31/01/2025. CONTRATO Nº 16/2023. PROCESSO Nº 23804.000809/2023-86.
1309;1;DINAMICA EMPREENDIMENTOS E SOLUCOES LTDA;NFSE;1405;11/04/2025;90;MUNICIPIO DE SOBRAL;CR;Não;Não;Não;Não;R$ 0,00;R$ 0,00;R$ 0,00;R$ 152.694,02;R$ 152.694,02;R$ 152.694,02;REFERENTE A 31° MEDIÇÃO DO OBJETO: CONTRATAÇÃO DE EMPRESA ESPECIALIZADA PARA CONSTRUÇÃO DE ESCOLA VERTICAL, 12 SALAS, NO BAIRRO ALTO DA BRASILIA, NO MUNICÍPIO DE DE SOBRAL / CE. PERÍODO DE: 01/02/2025 - 28/02/2025. CONTRATO Nº 0094 / 2022 - SME. CONCORRÊNCIA PÚBLICA Nº CP22003 - SME.
1287;1;DINAMICA EMPREENDIMENTOS E SOLUCOES LTDA;NFSE;1406;14/04/2025;6;INSTITUTO FEDERAL DE EDUCAÇÃO, CIÊNCIA E TECNOLOGIA DO CEARÁ;CR;Não;Não;Não;Não;R$ 0,00;R$ 0,00;R$ 0,00;R$ 4.018,52;R$ 4.018,52;R$ 4.018,52;"10ª MEDIÇÃO - OBJETO: CONTRATAÇÃO DE SERVIÇO COMUM DE ENGENHARIA DE MANUTENÇÃO PREVENTIVA E CORRETIVA DAS SUBESTAÇÕES DO IFCE - GRUPO 03 - CAMPUS JAGUARIBE. ""SERVIÇO DE EXECUÇÃO EMERGENCIAL"" CONTRATO Nº 31 / 2023. PROCESSO Nº 23255.001512/2023-00."
1288;1;DINAMICA EMPREENDIMENTOS E SOLUCOES LTDA;NFSE;1407;14/04/2025;6;INSTITUTO FEDERAL DE EDUCAÇÃO, CIÊNCIA E TECNOLOGIA DO CEARÁ;CR;Não;Não;Não;Não;R$ 0,00;R$ 0,00;R$ 0,00;R$ 1.532,37;R$ 1.532,37;R$ 1.532,37;"8ª MEDIÇÃO - OBJETO: CONTRATAÇÃO DE SERVIÇO COMUM DE ENGENHARIA DE MANUTENÇÃO CORRETIVA E EMERGENCIAL DAS SUBESTAÇÕES DO IFCE - GRUPO 01 - CAMPUS CAUCAIA. ""SERVIÇO DE EXECUÇÃO EMERGENCIAL"" CONTRATO Nº 29 / 2023. PROCESSO Nº 23255.001512/2023-00."
1289;1;DINAMICA EMPREENDIMENTOS E SOLUCOES LTDA;NFSE;1408;14/04/2025;6;INSTITUTO FEDERAL DE EDUCAÇÃO, CIÊNCIA E TECNOLOGIA DO CEARÁ;CR;Não;Não;Não;Não;R$ 0,00;R$ 0,00;R$ 0,00;R$ 421.025,20;R$ 421.025,20;R$ 421.025,20;REFERENTE A 1° MEDIÇÃO DO OBJETO: CONTRATAÇÃO DE EMPRESA PARA EXECUÇÃO DE OBRA PARA CONSTRUÇÃO DE UNIDADES DE ALIMENTAÇÃO NUTRICIONAL NO CAMPUS CAUCAIA DO IFCE NO SISTEMA CONSTRUTIVO STEEL FRAME. CONTRATO DE OBRA DE ENGENHARIA Nº 12/2025. PROCESSO Nº 23255.000875/2025-81.
1290;1;DINAMICA EMPREENDIMENTOS E SOLUCOES LTDA;NFSE;1409;15/04/2025;6;INSTITUTO FEDERAL DE EDUCAÇÃO, CIÊNCIA E TECNOLOGIA DO CEARÁ;CR;Não;Não;Não;Não;R$ 0,00;R$ 0,00;R$ 0,00;R$ 81.334,34;R$ 81.334,34;R$ 81.334,34;REFERENTE A 1° MEDIÇÃO DO OBJETO: CONTRATAÇÃO DE EMPRESA PARA EXECUÇÃO DE OBRA PARA CONSTRUÇÃO DE UNIDADES DE ALIMENTAÇÃO NUTRICIONAL NO CAMPUS PARACURU DO IFCE NO SISTEMA CONSTRUTIVO STEEL FRAME. CONTRATO DE OBRA DE ENGENHARIA Nº 13/2025. PROCESSO Nº 23255.000876/2025-26. PROCESSO Nº 23255.000875/2025-81.
1292;1;DINAMICA EMPREENDIMENTOS E SOLUCOES LTDA;NFSE;1411;15/04/2025;6;INSTITUTO FEDERAL DE EDUCAÇÃO, CIÊNCIA E TECNOLOGIA DO CEARÁ;CR;Não;Não;Não;Não;R$ 0,00;R$ 0,00;R$ 0,00;R$ 2.904,19;R$ 2.904,19;R$ 2.904,19;"10ª MEDIÇÃO - OBJETO: CONTRATAÇÃO DE SERVIÇO COMUM DE ENGENHARIA DE MANUTENÇÃO PREVENTIVA DAS SUBESTAÇÕES DO IFCE - GRUPO 02 - CAMPUS CAMOCIM. ""SERVIÇO DE EXECUÇÃO EMERGENCIAL"" CONTRATO Nº 30 / 2023. PROCESSO Nº 23255.001512/2023-00."
1293;1;DINAMICA EMPREENDIMENTOS E SOLUCOES LTDA;NFSE;1412;16/04/2025;6;INSTITUTO FEDERAL DE EDUCAÇÃO, CIÊNCIA E TECNOLOGIA DO CEARÁ;CR;Não;Não;Não;Não;R$ 0,00;R$ 0,00;R$ 0,00;R$ 43.416,01;R$ 43.416,01;R$ 43.416,01;"4ª MEDIÇÃO - OBJETO: CONTRATAÇÃO DE SERVIÇO COMUM DE ENGENHARIA DE MANUTENÇÃO PREVENTIVA E CORRETIVA DAS SUBESTAÇÕES DO IFCE - GRUPO 03 - CAMPUS ITAPIPOCA. ""SERVIÇO DE EXECUÇÃO CORRETIVA E PREVENTIVA"" CONTRATO Nº 31 / 2023. PROCESSO Nº 23255.001512/2023-00."
1294;1;DINAMICA EMPREENDIMENTOS E SOLUCOES LTDA;NFSE;1413;16/04/2025;6;INSTITUTO FEDERAL DE EDUCAÇÃO, CIÊNCIA E TECNOLOGIA DO CEARÁ;CR;Não;Não;Não;Não;R$ 0,00;R$ 0,00;R$ 0,00;R$ 15.279,61;R$ 15.279,61;R$ 15.279,61;"3ª MEDIÇÃO - OBJETO: CONTRATAÇÃO DE SERVIÇO COMUM DE ENGENHARIA DE MANUTENÇÃO PREVENTIVA E CORRETIVA DAS SUBESTAÇÕES DO IFCE - GRUPO 03 - CAMPUS ITAPIPOCA. ""SERVIÇO DE EXECUÇÃO CORRETIVA E PREVENTIVA"" CONTRATO Nº 31 / 2023. PROCESSO Nº 23255.001512/2023-00."
1295;1;DINAMICA EMPREENDIMENTOS E SOLUCOES LTDA;NFSE;1414;16/04/2025;6;INSTITUTO FEDERAL DE EDUCAÇÃO, CIÊNCIA E TECNOLOGIA DO CEARÁ;CR;Não;Não;Não;Não;R$ 0,00;R$ 0,00;R$ 0,00;R$ 3.624,43;R$ 3.624,43;R$ 3.624,43;"7ª MEDIÇÃO - OBJETO: CONTRATAÇÃO DE SERVIÇO COMUM DE ENGENHARIA DE MANUTENÇÃO PREVENTIVA E CORRETIVA DAS SUBESTAÇÕES DO IFCE - GRUPO 01 - CAMPUS PECEM. ""SERVIÇO DE EXECUÇÃO PREVENTIVA"" CONTRATO Nº 30 / 2023. PROCESSO Nº 23255.001512/2023-00."
1296;1;DINAMICA EMPREENDIMENTOS E SOLUCOES LTDA;NFSE;1415;17/04/2025;96;DEPARTAMENTO DE POLICIA RODOVIÁRIA FEDERAL;CR;Não;Não;Não;Não;R$ 0,00;R$ 0,00;R$ 0,00;R$ 382.873,38;R$ 382.873,38;R$ 382.873,38;REFERENTE A 14ª MEDIÇÃO DO OBJETO: CONSTRUÇÃO DA UNIDADE OPERACIONAL DA POLÍCIA RODOVIÁRIA FEDERAL EM POCINHOS / PB. VALOR MEDIDO R$ 522.201,00 (PREÇOS UNITÁRIOS DA PROPOSTA ORIGINAL R$ 487.231,88) E R$ 34.969,12 (CORREÇÃO MONETÁRIA). CONFORME TERMO DE APOSTILAMENTO 13 - SEI Nº 53039614 (7,1771%). CONTRATO Nº 78 / 2022. PROCESSO Nº 08650.037267/2022-23.
1302;1;DINAMICA EMPREENDIMENTOS E SOLUCOES LTDA;NFSE;1415;17/04/2025;96;DEPARTAMENTO DE POLICIA RODOVIÁRIA FEDERAL;CR;Não;Não;Não;Não;R$ 0,00;R$ 0,00;R$ 0,00;R$ 139.327,62;R$ 139.327,62;R$ 139.327,62;REFERENTE A 14ª MEDIÇÃO DO OBJETO: CONSTRUÇÃO DA UNIDADE OPERACIONAL DA POLÍCIA RODOVIÁRIA FEDERAL EM POCINHOS / PB. VALOR MEDIDO R$ 522.201,00 (PREÇOS UNITÁRIOS DA PROPOSTA ORIGINAL R$ 487.231,88) E R$ 34.969,12 (CORREÇÃO MONETÁRIA). CONFORME TERMO DE APOSTILAMENTO 13 - SEI Nº 53039614 (7,1771%). CONTRATO Nº 78 / 2022. PROCESSO Nº 08650.037267/2022-23.
1297;1;DINAMICA EMPREENDIMENTOS E SOLUCOES LTDA;NFSE;1417;23/04/2025;15;INSTITUTO FEDERAL DE EDUCAÇÃO, CIÊNCIA E TECNOLOGIA DO CEARÁ;CR;Não;Não;Não;Não;R$ 0,00;R$ 0,00;R$ 0,00;R$ 300.000,00;R$ 300.000,00;R$ 300.000,00;REFERENTE A 1° MEDIÇÃO DO OBJETO: CONTRATAÇÃO DE EMPRESA PARA EXECUÇÃO DE OBRA PARA CONSTRUÇÃO DE UNIDADES DE ALIMENTAÇÃO NUTRICIONAL NO CAMPUS HORIZONTE DO IFCE NO SISTEMA CONSTRUTIVO STEEL FRAME. CONTRATO DE OBRA DE ENGENHARIA Nº 07/2025.
1298;1;DINAMICA EMPREENDIMENTOS E SOLUCOES LTDA;NFSE;1418;23/04/2025;15;INSTITUTO FEDERAL DE EDUCAÇÃO, CIÊNCIA E TECNOLOGIA DO CEARÁ;CR;Não;Não;Não;Não;R$ 0,00;R$ 0,00;R$ 0,00;R$ 124.647,04;R$ 124.647,04;R$ 124.647,04;REFERENTE A 1° MEDIÇÃO DO OBJETO: CONTRATAÇÃO DE EMPRESA PARA EXECUÇÃO DE OBRA PARA CONSTRUÇÃO DE UNIDADES DE ALIMENTAÇÃO NUTRICIONAL NO CAMPUS HORIZONTE DO IFCE NO SISTEMA CONSTRUTIVO STEEL FRAME. CONTRATO DE OBRA DE ENGENHARIA Nº 07/2025.
1300;1;DINAMICA EMPREENDIMENTOS E SOLUCOES LTDA;NFSE;1419;25/04/2025;93;UNIVERSIDADE DA INTEGRACAO INTERNACIONAL DA LUSOFONIA AFRO-BRASILEIRA - UNILAB;CR;Não;Não;Não;Não;R$ 0,00;R$ 0,00;R$ 0,00;R$ 488.103,88;R$ 488.103,88;R$ 488.103,88;REFERENTE A 13° MEDIÇÃO DO OBJETO: CONTRATAÇÃO DE SERVIÇOS COMUNS DE ENGENHARIA DE EMPRESA ESPECIALIZADA PARA A OBRA DE CONSTRUÇÃO DOS BLOCOS ANEXOS DO CAMPUS DOS MALÊS. PERÍODO DE 01/03/2025 À 31/03/2025. CONTRATO Nº 16/2023. PROCESSO Nº 23804.000809/2023-86.
1301;1;DINAMICA EMPREENDIMENTOS E SOLUCOES LTDA;NFSE;1420;25/04/2025;6;INSTITUTO FEDERAL DE EDUCAÇÃO, CIÊNCIA E TECNOLOGIA DO CEARÁ;CR;Não;Não;Não;Não;R$ 0,00;R$ 0,00;R$ 0,00;R$ 25.582,97;R$ 25.582,97;R$ 25.582,97;"7ª MEDIÇÃO - OBJETO: CONTRATAÇÃO DE SERVIÇO COMUM DE ENGENHARIA DE MANUTENÇÃO PREVENTIVA DAS SUBESTAÇÕES DO IFCE - GRUPO 03 - CAMPUS QUIXADÁ. ""SERVIÇO DE EXECUÇÃO BANCO CAPACITOR"" ."
1303;1;DINAMICA EMPREENDIMENTOS E SOLUCOES LTDA;NFSE;1421;29/04/2025;6;INSTITUTO FEDERAL DE EDUCAÇÃO, CIÊNCIA E TECNOLOGIA DO CEARÁ;CR;Não;Não;Não;Não;R$ 0,00;R$ 0,00;R$ 0,00;R$ 1.996,93;R$ 1.996,93;R$ 1.996,93;"6ª MEDIÇÃO - OBJETO: CONTRATAÇÃO DE SERVIÇO COMUM DE ENGENHARIA DE MANUTENÇÃO PREVENTIVA E CORRETIVA DAS SUBESTAÇÕES DO IFCE - GRUPO 01 - CAMPUS PECEM. ""SERVIÇO DE EXECUÇÃO PREVENTIVA"" CONTRATO Nº 30 / 2023. PROCESSO Nº 23255.001512/2023-00."
1304;1;DINAMICA EMPREENDIMENTOS E SOLUCOES LTDA;NFSE;1422;29/04/2025;6;INSTITUTO FEDERAL DE EDUCAÇÃO, CIÊNCIA E TECNOLOGIA DO CEARÁ;CR;Não;Não;Não;Não;R$ 0,00;R$ 0,00;R$ 0,00;R$ 8.736,30;R$ 8.736,30;R$ 8.736,30;"3ª MEDIÇÃO - OBJETO: CONTRATAÇÃO DE SERVIÇO COMUM DE ENGENHARIA DE MANUTENÇÃO CORRETIVA DAS SUBESTAÇÕES DO IFCE - GRUPO 04 - CAMPUS MOMBAÇA. ""SERVIÇO DE EXECUÇÃO PREVENTIVA"" CONTRATO Nº 32 / 2023. PROCESSO Nº 23255.001512/2023-00."
1305;1;DINAMICA EMPREENDIMENTOS E SOLUCOES LTDA;NFSE;1423;29/04/2025;6;INSTITUTO FEDERAL DE EDUCAÇÃO, CIÊNCIA E TECNOLOGIA DO CEARÁ;CR;Não;Não;Não;Não;R$ 0,00;R$ 0,00;R$ 0,00;R$ 8.011,51;R$ 8.011,51;R$ 8.011,51;"8ª MEDIÇÃO - OBJETO: CONTRATAÇÃO DE SERVIÇO COMUM DE ENGENHARIA DE MANUTENÇÃO PREVENTIVA DAS SUBESTAÇÕES DO IFCE - GRUPO 03 - CAMPUS QUIXADÁ. ""SERVIÇO DE EXECUÇÃO BANCO CAPACITOR"" ."
1306;1;DINAMICA EMPREENDIMENTOS E SOLUCOES LTDA;NFSE;1424;29/04/2025;15;INSTITUTO FEDERAL DE EDUCAÇÃO, CIÊNCIA E TECNOLOGIA DO CEARÁ;CR;Não;Não;Não;Não;R$ 0,00;R$ 0,00;R$ 0,00;R$ 18.553,46;R$ 18.553,46;R$ 18.553,46;REFERENTE A 1° MEDIÇÃO DO OBJETO: CONTRATAÇÃO DE EMPRESA PARA EXECUÇÃO DE OBRA PARA CONSTRUÇÃO DE UNIDADES DE ALIMENTAÇÃO NUTRICIONAL NO CAMPUS BATURITÉ DO IFCE NO SISTEMA CONSTRUTIVO STEEL FRAME. CONTRATO DE OBRA DE ENGENHARIA Nº 10/2025.
1307;1;DINAMICA EMPREENDIMENTOS E SOLUCOES LTDA;NFSE;1425;05/05/2025;1;INSTITUTO FEDERAL DE EDUCAÇÃO, CIÊNCIA E TECNOLOGIA DO CEARÁ;CR;Não;Não;Não;Não;R$ 0,00;R$ 0,00;R$ 0,00;R$ 60.602,26;R$ 60.602,26;R$ 60.602,26;REFERENTE A 1° MEDIÇÃO DO OBJETO: CONTRATAÇÃO DE EMPRESA PARA EXECUÇÃO DE OBRA PARA CONSTRUÇÃO DE UNIDADES DE ALIMENTAÇÃO NUTRICIONAL NO CAMPUS MORADA NOVA DO IFCE NO SISTEMA CONSTRUTIVO STEEL FRAME. CONTRATO DE OBRA DE ENGENHARIA Nº 06/2025. PROCESSO Nº 23255.007479/2024-02.
1308;1;DINAMICA EMPREENDIMENTOS E SOLUCOES LTDA;NFSE;1426;08/05/2025;41;INSTITUTO FEDERAL DE EDUCAÇÃO, CIÊNCIA E TECNOLOGIA DO CEARÁ;CR;Não;Não;Não;Não;R$ 0,00;R$ 0,00;R$ 0,00;R$ 27.100,07;R$ 27.100,07;R$ 27.100,07;"3ª MEDIÇÃO - OBJETO: CONTRATAÇÃO DE SERVIÇO COMUM DE ENGENHARIA DE MANUTENÇÃO PREVENTIVA E CORRETIVA DAS SUBESTAÇÕES DO IFCE - GRUPO 04 - CAMPUS JUAZEIRO DO NORTE. ""SERVIÇO DE EXECUÇÃO PREVENTIVA"""
1310;1;DINAMICA EMPREENDIMENTOS E SOLUCOES LTDA;NFSE;1428;12/05/2025;6;INSTITUTO FEDERAL DE EDUCAÇÃO, CIÊNCIA E TECNOLOGIA DO CEARÁ;CR;Não;Não;Não;Não;R$ 0,00;R$ 0,00;R$ 0,00;R$ 4.268,25;R$ 4.268,25;R$ 4.268,25;"2ª MEDIÇÃO - OBJETO: CONTRATAÇÃO DE SERVIÇO COMUM DE ENGENHARIA DE MANUTENÇÃO PREVENTIVA E CORRETIVA DAS SUBESTAÇÕES DO IFCE - GRUPO 03 - CAMPUS JAGUARUANA. ""SERVIÇO DE EXECUÇÃO CORRETIVA"" CONTRATO Nº 31 / 2023. PROCESSO Nº 23255.001512/2023-00."
1311;1;DINAMICA EMPREENDIMENTOS E SOLUCOES LTDA;NFSE;1429;12/05/2025;6;INSTITUTO FEDERAL DE EDUCAÇÃO, CIÊNCIA E TECNOLOGIA DO CEARÁ;CR;Não;Não;Não;Não;R$ 0,00;R$ 0,00;R$ 0,00;R$ 8.619,34;R$ 8.619,34;R$ 8.619,34;"3ª MEDIÇÃO - OBJETO: CONTRATAÇÃO DE SERVIÇO COMUM DE ENGENHARIA DE MANUTENÇÃO PREVENTIVA E CORRETIVA DAS SUBESTAÇÕES DO IFCE - GRUPO 03 - CAMPUS JAGUARUANA. ""SERVIÇO DE EXECUÇÃO PREVENTIVA"" CONTRATO Nº 31 / 2023. PROCESSO Nº 23255.001512/2023-00."
1313;1;DINAMICA EMPREENDIMENTOS E SOLUCOES LTDA;NFSE;1427;12/05/2025;86;MUNICIPIO DE ASSARÉ;CR;Não;Não;Não;Não;R$ 0,00;R$ 0,00;R$ 0,00;R$ 97.470,94;R$ 97.470,94;R$ 97.470,94;14ª MEDIÇÃO - OBJETO: CONTRATAÇÃO DE SERVIÇOS PARA EXECUÇÃO DAS OBRAS DE CONSTRUÇÃO DE UNIDADE ESCOLAR COM 12 SALAS DE AULA COM QUADRA POLIESPORTIVA COBERTA - MODELO FNDE, PARA ATENDER AS NECESSIDADES DA SECRETARIA MUNICIPAL DE EDUDAÇÃO DE ASSARÉ/CE.
1312;1;DINAMICA EMPREENDIMENTOS E SOLUCOES LTDA;NFSE;1430;13/05/2025;6;INSTITUTO FEDERAL DE EDUCAÇÃO, CIÊNCIA E TECNOLOGIA DO CEARÁ;CR;Não;Não;Não;Não;R$ 0,00;R$ 0,00;R$ 0,00;R$ 4.596,92;R$ 4.596,92;R$ 4.596,92;"5ª MEDIÇÃO - OBJETO: CONTRATAÇÃO DE SERVIÇO COMUM DE ENGENHARIA DE MANUTENÇÃO PREVENTIVA DAS SUBESTAÇÕES DO IFCE - GRUPO 02 - CAMPUS UBAJARA. ""SERVIÇO DE EXECUÇÃO EMERGENCIAL"" CONTRATO Nº 30 / 2023. PROCESSO Nº 23255.001512/2023-00."
1314;1;DINAMICA EMPREENDIMENTOS E SOLUCOES LTDA;NFSE;1431;19/05/2025;77;SECRETARIA DA PROTEÇÃO SOCIAL, JUSTIÇA, CIDADANIA, MULHERES E DIREITOS HUMANOS;CR;Não;Não;Não;Não;R$ 0,00;R$ 0,00;R$ 0,00;R$ 73.900,81;R$ 73.900,81;R$ 73.900,81;REFERENTE A DESPESA DO EXERCÍCIO ANTERIOR (DEA) AO REAJUSTE DAS 12ª, 15ª, 17ª, 18ª, 19ª MEDIÇÕES NOS PERÍODOS 21/07/2023- 20/08/2023, 21/10/2023-20/11/2023, 21/12/2023-15/01/2024, 21/01/2024-20/02/2024, 21/02/2024-20/03/2024 CUJO OBJETO É A CONSTRUÇÃO DE 01 (UM) CENTRO DE EDUCAÇÃO INFANTIL - CEI, PADRÃO IV, NO MUNICÍPIO DE CANINDÉ/CE, RELATIVO AO CONTRATO Nº 60/2022 - TERMO DE RECONHECIMENTO DE DÍVIDA 27/2024.
1315;1;DINAMICA EMPREENDIMENTOS E SOLUCOES LTDA;NFSE;1432;21/05/2025;13;INSTITUTO FEDERAL DE EDUCAÇÃO, CIÊNCIA E TECNOLOGIA DO CEARÁ - CAMPUS UMIRIM;CR;Não;Não;Não;Não;R$ 0,00;R$ 0,00;R$ 0,00;R$ 18.381,34;R$ 18.381,34;R$ 18.381,34;"5ª MEDIÇÃO - OBJETO: CONTRATAÇÃO DE SERVIÇO COMUM DE ENGENHARIA DE MANUTENÇÃO CORRETIVA DAS SUBESTAÇÕES DO IFCE - GRUPO 01 - CAMPUS UMIRIM. ""SERVIÇO DE EXECUÇÃO CORRETIVA"" CONTRATO Nº 29 / 2023. PROCESSO Nº 23255.001512/2023-00."
1316;1;DINAMICA EMPREENDIMENTOS E SOLUCOES LTDA;NFSE;1433;22/05/2025;6;INSTITUTO FEDERAL DE EDUCAÇÃO, CIÊNCIA E TECNOLOGIA DO CEARÁ;CR;Não;Não;Não;Não;R$ 0,00;R$ 0,00;R$ 0,00;R$ 4.443,57;R$ 4.443,57;R$ 4.443,57;"11ª MEDIÇÃO - OBJETO: CONTRATAÇÃO DE SERVIÇO COMUM DE ENGENHARIA DE MANUTENÇÃO PREVENTIVA DAS SUBESTAÇÕES DO IFCE - GRUPO 02 - CAMPUS CAMOCIM. ""SERVIÇO DE EXECUÇÃO EMERGENCIAL"" CONTRATO Nº 30 / 2023. PROCESSO Nº 23255.001512/2023-00"
1317;1;DINAMICA EMPREENDIMENTOS E SOLUCOES LTDA;NFSE;1434;22/05/2025;96;DEPARTAMENTO DE POLICIA RODOVIÁRIA FEDERAL;CR;Não;Não;Não;Não;R$ 0,00;R$ 0,00;R$ 0,00;R$ 426.463,72;R$ 426.463,72;R$ 426.463,72;REFERENTE A 15ª MEDIÇÃO DO OBJETO: CONSTRUÇÃO DA UNIDADE OPERACIONAL DA POLÍCIA RODOVIÁRIA FEDERAL EM POCINHOS / PB. VALOR MEDIDO R$ 426.463,73 (PREÇOS UNITÁRIOS DA PROPOSTA ORIGINAL R$ 397.905,64) E (R$ 28.558,09 CORREÇÃO MONETÁRIA). CONFORME TERMO DE APOSTILAMENTO 13 - SEI Nº 53039614 (7,1771%). CONTRATO Nº 78 / 2022. PROCESSO Nº 08650.037267/2022-23.
1318;1;DINAMICA EMPREENDIMENTOS E SOLUCOES LTDA;NFSE;1435;26/05/2025;6;INSTITUTO FEDERAL DE EDUCAÇÃO, CIÊNCIA E TECNOLOGIA DO CEARÁ;CR;Não;Não;Não;Não;R$ 0,00;R$ 0,00;R$ 0,00;R$ 31.606,06;R$ 31.606,06;R$ 31.606,06;"3ª E 4ª MEDIÇÃO - OBJETO: CONTRATAÇÃO DE SERVIÇO COMUM DE ENGENHARIA DE MANUTENÇÃO PREVENTIVA E CORRETIVA DAS SUBESTAÇÕES DO IFCE - GRUPO 01 - CAMPUS MARANGUAPE. ""SERVIÇO DE EXECUÇÃO PREVENTIVA E CORRETIVA"" CONTRATO Nº 29 / 2023. PROCESSO Nº 23255.001512/2023-00."
1319;1;DINAMICA EMPREENDIMENTOS E SOLUCOES LTDA;NFSE;1436;26/05/2025;6;INSTITUTO FEDERAL DE EDUCAÇÃO, CIÊNCIA E TECNOLOGIA DO CEARÁ;CR;Não;Não;Não;Não;R$ 0,00;R$ 0,00;R$ 0,00;R$ 140.300,61;R$ 140.300,61;R$ 140.300,61;REFERENTE A 2° MEDIÇÃO DO OBJETO: CONTRATAÇÃO DE EMPRESA PARA EXECUÇÃO DE OBRA PARA CONSTRUÇÃO DE UNIDADES DE ALIMENTAÇÃO NUTRICIONAL NO CAMPUS HORIZONTE DO IFCE NO SISTEMA CONSTRUTIVO STEEL FRAME. CONTRATO DE OBRA DE ENGENHARIA Nº 13/2025. PROCESSO Nº 23255.000876/2025-26.
1320;1;DINAMICA EMPREENDIMENTOS E SOLUCOES LTDA;NFSE;1437;26/05/2025;6;INSTITUTO FEDERAL DE EDUCAÇÃO, CIÊNCIA E TECNOLOGIA DO CEARÁ;CR;Não;Não;Não;Não;R$ 0,00;R$ 0,00;R$ 0,00;R$ 17.434,44;R$ 17.434,44;R$ 17.434,44;"3ª MEDIÇÃO - OBJETO: CONTRATAÇÃO DE SERVIÇO COMUM DE ENGENHARIA DE MANUTENÇÃO PREVENTIVA E CORRETIVA DAS SUBESTAÇÕES DO IFCE - GRUPO 03 - CAMPUS MORADA NOVA. ""SERVIÇO DE EXECUÇÃO PREVENTIVA"" CONTRATO Nº 31 / 2023. PROCESSO Nº 23255.001512/2023-00."
1321;1;DINAMICA EMPREENDIMENTOS E SOLUCOES LTDA;NFSE;1438;27/05/2025;6;INSTITUTO FEDERAL DE EDUCAÇÃO, CIÊNCIA E TECNOLOGIA DO CEARÁ;CR;Não;Não;Não;Não;R$ 0,00;R$ 0,00;R$ 0,00;R$ 17.731,81;R$ 17.731,81;R$ 17.731,81;"2ª MEDIÇÃO - OBJETO: CONTRATAÇÃO DE SERVIÇO COMUM DE ENGENHARIA DE MANUTENÇÃO PREVENTIVA E CORRETIVA DAS SUBESTAÇÕES DO IFCE - GRUPO 03 - CAMPUS MORADA NOVA. ""SERVIÇO DE EXECUÇÃO PREVENTIVA"" CONTRATO Nº 31 / 2023. PROCESSO Nº 23255.001512/2023-00."
1322;1;DINAMICA EMPREENDIMENTOS E SOLUCOES LTDA;NFSE;1440;27/05/2025;6;INSTITUTO FEDERAL DE EDUCAÇÃO, CIÊNCIA E TECNOLOGIA DO CEARÁ;CR;Não;Não;Não;Não;R$ 0,00;R$ 0,00;R$ 0,00;R$ 174.453,91;R$ 174.453,91;R$ 174.453,91;REFERENTE A 2° MEDIÇÃO DO OBJETO: CONTRATAÇÃO DE EMPRESA PARA EXECUÇÃO DE OBRA PARA CONSTRUÇÃO DE UNIDADES DE ALIMENTAÇÃO NUTRICIONAL NO CAMPUS CAUCAIA DO IFCE NO SISTEMA CONSTRUTIVO STEEL FRAME. CONTRATO DE OBRA DE ENGENHARIA Nº 12/2025. PROCESSO Nº 23255.000875/2025-81.
1323;1;DINAMICA EMPREENDIMENTOS E SOLUCOES LTDA;NFSE;1439;27/05/2025;6;INSTITUTO FEDERAL DE EDUCAÇÃO, CIÊNCIA E TECNOLOGIA DO CEARÁ;CR;Não;Não;Não;Não;R$ 0,00;R$ 0,00;R$ 0,00;R$ 14.901,86;R$ 14.901,86;R$ 14.901,86;"3ª MEDIÇÃO - OBJETO: CONTRATAÇÃO DE SERVIÇO COMUM DE ENGENHARIA DE MANUTENÇÃO CORRETIVA DAS SUBESTAÇÕES DO IFCE - GRUPO 04 - CAMPUS IGUATU. ""SERVIÇO DE EXECUÇÃO CORRETIVA"" CONTRATO Nº 32 / 2023. PROCESSO Nº 23255.001512/2023-00."
1324;1;DINAMICA EMPREENDIMENTOS E SOLUCOES LTDA;NFSE;1441;28/05/2025;6;INSTITUTO FEDERAL DE EDUCAÇÃO, CIÊNCIA E TECNOLOGIA DO CEARÁ;CR;Não;Não;Não;Não;R$ 0,00;R$ 0,00;R$ 0,00;R$ 97.294,47;R$ 97.294,47;R$ 97.294,47;REFERENTE A 11° MEDIÇÃO DO OBJETO: CONTRATAÇÃO DA OBRA DE ENGENHARIA PARA CONSTRUÇÃO DA UNIDADE DE ALIMENTAÇÃO NUTRICIONAL NO CAMPUS ACARAU. CONTRATO DE OBRA DE ENGENHARIA Nº 13/2024. PROCESSO Nº 23255.001689/2023-06.
1325;1;DINAMICA EMPREENDIMENTOS E SOLUCOES LTDA;NFSE;1442;28/05/2025;6;INSTITUTO FEDERAL DE EDUCAÇÃO, CIÊNCIA E TECNOLOGIA DO CEARÁ;CR;Não;Não;Não;Não;R$ 0,00;R$ 0,00;R$ 0,00;R$ 31.511,46;R$ 31.511,46;R$ 31.511,46;REFERENTE AO 4° ADITIVO DO OBJETO: CONTRATAÇÃO DA OBRA DE ENGENHARIA PARA CONSTRUÇÃO DA UNIDADE DE ALIMENTAÇÃO NUTRICIONAL NO CAMPUS ACARAU. CONTRATO DE OBRA DE ENGENHARIA Nº 13/2024. PROCESSO Nº 23255.001689/2023-06.
1326;1;DINAMICA EMPREENDIMENTOS E SOLUCOES LTDA;NFSE;1443;28/05/2025;6;INSTITUTO FEDERAL DE EDUCAÇÃO, CIÊNCIA E TECNOLOGIA DO CEARÁ;CR;Não;Não;Não;Não;R$ 0,00;R$ 0,00;R$ 0,00;R$ 435.837,33;R$ 435.837,33;R$ 435.837,33;REFERENTE A 2° MEDIÇÃO DO OBJETO: CONTRATAÇÃO DE EMPRESA PARA EXECUÇÃO DE OBRA PARA CONSTRUÇÃO DE UNIDADES DE ALIMENTAÇÃO NUTRICIONAL NO CAMPUS PARACURU DO IFCE NO SISTEMA CONSTRUTIVO STEEL FRAME. CONTRATO DE OBRA DE ENGENHARIA Nº 13/2025. PROCESSO Nº 23255.000876/2025-26.
1327;1;DINAMICA EMPREENDIMENTOS E SOLUCOES LTDA;NFSE;1444;29/05/2025;93;UNIVERSIDADE DA INTEGRACAO INTERNACIONAL DA LUSOFONIA AFRO-BRASILEIRA - UNILAB;CR;Não;Não;Não;Não;R$ 0,00;R$ 0,00;R$ 0,00;R$ 276.367,39;R$ 276.367,39;R$ 276.367,39;REFERENTE A 14° MEDIÇÃO DO OBJETO: CONTRATAÇÃO DE SERVIÇOS COMUNS DE ENGENHARIA DE EMPRESA ESPECIALIZADA PARA A OBRA DE CONSTRUÇÃO DOS BLOCOS ANEXOS DO CAMPUS DOS MALÊS. PERÍODO DE 01/04/2025 À 30/04/2025. CONTRATO Nº 16/2023. PROCESSO Nº 23804.000809/2023-86.
1328;1;DINAMICA EMPREENDIMENTOS E SOLUCOES LTDA;NFSE;1445;30/05/2025;6;INSTITUTO FEDERAL DE EDUCAÇÃO, CIÊNCIA E TECNOLOGIA DO CEARÁ;CR;Não;Não;Não;Não;R$ 0,00;R$ 0,00;R$ 0,00;R$ 77.796,27;R$ 77.796,27;R$ 77.796,27;"4ª MEDIÇÃO - OBJETO: CONTRATAÇÃO DE SERVIÇO COMUM DE ENGENHARIA DE MANUTENÇÃO CORRETIVA DAS SUBESTAÇÕES DO IFCE - GRUPO 04 - CAMPUS IGUATU. ""SERVIÇO DE EXECUÇÃO CORRETIVA"" CONTRATO Nº 32 / 2023. PROCESSO Nº 23255.001512/2023-00."
1329;1;DINAMICA EMPREENDIMENTOS E SOLUCOES LTDA;NFSE;1446;30/05/2025;6;INSTITUTO FEDERAL DE EDUCAÇÃO, CIÊNCIA E TECNOLOGIA DO CEARÁ;CR;Não;Não;Não;Não;R$ 0,00;R$ 0,00;R$ 0,00;R$ 69.813,32;R$ 69.813,32;R$ 69.813,32;"5ª MEDIÇÃO - OBJETO: CONTRATAÇÃO DE SERVIÇO COMUM DE ENGENHARIA DE MANUTENÇÃO CORRETIVA DAS SUBESTAÇÕES DO IFCE - GRUPO 04 - CAMPUS CRATO. ""SERVIÇO DE EXECUÇÃO PREVENTIVA"" CONTRATO Nº 32 / 2023. PROCESSO Nº 23255.001512/2023-00."
1343;1;DINAMICA EMPREENDIMENTOS E SOLUCOES LTDA;NFSE;1459;01/06/2025;6;INSTITUTO FEDERAL DE EDUCAÇÃO, CIÊNCIA E TECNOLOGIA DO CEARÁ;CR;Não;Não;Não;Não;R$ 0,00;R$ 0,00;R$ 0,00;R$ 4.370,96;R$ 4.370,96;R$ 4.370,96;REFERENTE A 3° MEDIÇÃO DO OBJETO: CONTRATAÇÃO DE EMPRESA PARA EXECUÇÃO DE OBRA PARA CONSTRUÇÃO DE UNIDADES DE ALIMENTAÇÃO NUTRICIONAL NO CAMPUS CAUCAIA DO IFCE NO SISTEMA CONSTRUTIVO STEEL FRAME. CONTRATO DE OBRA DE ENGENHARIA No 12/2025. PROCESSO No 23255.000875/2025-81.
1330;1;DINAMICA EMPREENDIMENTOS E SOLUCOES LTDA;NFSE;1447;05/06/2025;6;INSTITUTO FEDERAL DE EDUCAÇÃO, CIÊNCIA E TECNOLOGIA DO CEARÁ;CR;Não;Não;Não;Não;R$ 0,00;R$ 0,00;R$ 0,00;R$ 52.870,17;R$ 52.870,17;R$ 52.870,17;MEDIÇÃO REFERENTE AO APOSTILAMENTO DO REAJUSTE CONTRATUAL - OBJETO: CONTRATAÇÃO DA OBRA DE ENGENHARIA PARA CONSTRUÇÃO DA UNIDADE DE ALIMENTAÇÃO NUTRICIONAL NO CAMPUS ACARAU. CONTRATO DE OBRA DE ENGENHARIA Nº 13/2024. PROCESSO Nº 23255.001689/2023-06.
1331;1;DINAMICA EMPREENDIMENTOS E SOLUCOES LTDA;NFSE;1448;09/06/2025;96;DEPARTAMENTO DE POLICIA RODOVIÁRIA FEDERAL;CR;Não;Não;Não;Não;R$ 0,00;R$ 0,00;R$ 0,00;R$ 266.762,76;R$ 266.762,76;R$ 266.762,76;REFERENTE A 16ª MEDIÇÃO DO OBJETO: CONSTRUÇÃO DA UNIDADE OPERACIONAL DA POLÍCIA RODOVIÁRIA FEDERAL EM POCINHOS / PB. VALOR MEDIDO R$ 266.762,76 (PREÇOS UNITÁRIOS DA PROPOSTA ORIGINAL R$ 239.914,20) E (R$ 26.848,56 CORREÇÃO MONETÁRIA). CONFORME TERMO DE APOSTILAMENTO 10 (11,1909%). CONTRATO Nº 78 / 2022. PROCESSO Nº 08650.037267/2022-23.
1335;1;DINAMICA EMPREENDIMENTOS E SOLUCOES LTDA;NFSE;1449;10/06/2025;86;MUNICIPIO DE ASSARÉ;CR;Não;Não;Não;Não;R$ 0,00;R$ 0,00;R$ 0,00;R$ 27.048,00;R$ 27.048,00;R$ 27.048,00;15ª MEDIÇÃO - OBJETO: CONTRATAÇÃO DE SERVIÇOS PARA EXECUÇÃO DAS OBRAS DE CONSTRUÇÃO DE UNIDADE ESCOLAR COM 12 SALAS DE AULA COM QUADRA POLIESPORTIVA COBERTA - MODELO FNDE, PARA ATENDER AS NECESSIDADES DA SECRETARIA MUNICIPAL DE EDUCAÇÃO DE ASSARÉ/CE.
1336;1;DINAMICA EMPREENDIMENTOS E SOLUCOES LTDA;NFSE;1450;10/06/2025;95;DISTRITO SANITARIO ESPECIAL INDIGENA CEARA - DSEI/CE;CR;Não;Não;Não;Não;R$ 0,00;R$ 0,00;R$ 0,00;R$ 72.605,40;R$ 72.605,40;R$ 72.605,40;REFERENTE A 6° MEDIÇÃO DO OBJETO: CONTRATAÇÃO DA EMPRESA ESPECIALIZADA NA EXECUÇÃO DA CONSTRUÇÃO DA UNIDADE BÁSICA DE SAÚDE INDÍGENA TIPO III NA ALDEIA VILA VITORIA EM CRATEÚS/CE. CONTRATO Nº 22/2023. PROCESSO Nº 25044.000935/2019-29.
1332;1;DINAMICA EMPREENDIMENTOS E SOLUCOES LTDA;NFSE;1451;11/06/2025;15;INSTITUTO FEDERAL DE EDUCAÇÃO, CIÊNCIA E TECNOLOGIA DO CEARÁ;CR;Não;Não;Não;Não;R$ 0,00;R$ 0,00;R$ 0,00;R$ 20.986,62;R$ 20.986,62;R$ 20.986,62;REFERENTE A 2° MEDIÇÃO DO OBJETO: CONTRATAÇÃO DE EMPRESA PARA EXECUÇÃO DE OBRA PARA CONSTRUÇÃO DE UNIDADES DE ALIMENTAÇÃO NUTRICIONAL NO CAMPUS BATURITÉ DO IFCE NO SISTEMA CONSTRUTIVO STEEL FRAME. CONTRATO DE OBRA DE ENGENHARIA Nº 10/2025.
1333;1;DINAMICA EMPREENDIMENTOS E SOLUCOES LTDA;NFSE;1452;11/06/2025;1;INSTITUTO FEDERAL DE EDUCAÇÃO, CIÊNCIA E TECNOLOGIA DO CEARÁ;CR;Não;Não;Não;Não;R$ 0,00;R$ 0,00;R$ 0,00;R$ 60.331,00;R$ 60.331,00;R$ 60.331,00;REFERENTE A 2° MEDIÇÃO DO OBJETO: CONTRATAÇÃO DE EMPRESA PARA EXECUÇÃO DE OBRA PARA CONSTRUÇÃO DE UNIDADES DE ALIMENTAÇÃO NUTRICIONAL NO CAMPUS MORADA NOVA DO IFCE NO SISTEMA CONSTRUTIVO STEEL FRAME. CONTRATO DE OBRA DE ENGENHARIA Nº 06/2025. PROCESSO Nº 23255.007479/2024-02.
1337;1;DINAMICA EMPREENDIMENTOS E SOLUCOES LTDA;NFSE;1453;24/06/2025;6;INSTITUTO FEDERAL DE EDUCAÇÃO, CIÊNCIA E TECNOLOGIA DO CEARÁ;CR;Não;Não;Não;Não;R$ 0,00;R$ 0,00;R$ 0,00;R$ 84.002,91;R$ 84.002,91;R$ 84.002,91;REFERENTE A 1ª MEDIÇÃO DO OBJETO: CONTRATAÇÃO DE EMPRESA PARA EXECUÇÃO DE OBRA PARA CONSTRUÇÃO DE UNIDADES DE ALIMENTAÇÃO NUTRICIONAL NO CAMPUS TIANGUÁ DO IFCE NO SISTEMA CONSTRUTIVO STEEL FRAME. CONTRATO DE OBRA DE ENGENHARIA Nº 08/2025. PROCESSO Nº 23255.000868/2025-80.
1338;1;DINAMICA EMPREENDIMENTOS E SOLUCOES LTDA;NFSE;1454;24/06/2025;6;INSTITUTO FEDERAL DE EDUCAÇÃO, CIÊNCIA E TECNOLOGIA DO CEARÁ;CR;Não;Não;Não;Não;R$ 0,00;R$ 0,00;R$ 0,00;R$ 38.265,26;R$ 38.265,26;R$ 38.265,26;REFERENTE A 1ª MEDIÇÃO DO OBJETO: CONTRATAÇÃO DE EMPRESA PARA EXECUÇÃO DE OBRA PARA CONSTRUÇÃO DE UNIDADES DE ALIMENTAÇÃO NUTRICIONAL NO CAMPUS CAMOCIM DO IFCE NO SISTEMA CONSTRUTIVO STEEL FRAME. CONTRATO DE OBRA DE ENGENHARIA Nº 11/2025. PROCESSO Nº 23255.000873/2025-92.
1339;1;DINAMICA EMPREENDIMENTOS E SOLUCOES LTDA;NFSE;1455;25/06/2025;6;INSTITUTO FEDERAL DE EDUCAÇÃO, CIÊNCIA E TECNOLOGIA DO CEARÁ;CR;Não;Não;Não;Não;R$ 0,00;R$ 0,00;R$ 0,00;R$ 64.311,88;R$ 64.311,88;R$ 64.311,88;REFERENTE A 1ª MEDIÇÃO DO OBJETO: CONTRATAÇÃO DE EMPRESA PARA EXECUÇÃO DE OBRA PARA CONSTRUÇÃO DE UNIDADES DE ALIMENTAÇÃO NUTRICIONAL NO CAMPUS UBAJARA DO IFCE NO SISTEMA CONSTRUTIVO STEEL FRAME. CONTRATO DE OBRA DE ENGENHARIA Nº 09/2025. PROCESSO Nº 23255.000870/2025-59
1341;1;DINAMICA EMPREENDIMENTOS E SOLUCOES LTDA;NFSE;1456;26/06/2025;6;INSTITUTO FEDERAL DE EDUCAÇÃO, CIÊNCIA E TECNOLOGIA DO CEARÁ;CR;Não;Não;Não;Não;R$ 0,00;R$ 0,00;R$ 0,00;R$ 33.341,17;R$ 33.341,17;R$ 33.341,17;REFERENTE A 3° MEDIÇÃO DO OBJETO: CONTRATAÇÃO DE EMPRESA PARA EXECUÇÃO DE OBRA PARA CONSTRUÇÃO DE UNIDADES DE ALIMENTAÇÃO NUTRICIONAL NO CAMPUS PARACURU DO IFCE NO SISTEMA CONSTRUTIVO STEEL FRAME. CONTRATO DE OBRA DE ENGENHARIA Nº 13/2025. PROCESSO Nº 23255.000876/2025-26.
1342;1;DINAMICA EMPREENDIMENTOS E SOLUCOES LTDA;NFSE;1457;26/06/2025;6;INSTITUTO FEDERAL DE EDUCAÇÃO, CIÊNCIA E TECNOLOGIA DO CEARÁ;CR;Não;Não;Não;Não;R$ 0,00;R$ 0,00;R$ 0,00;R$ 133.553,86;R$ 133.553,86;R$ 133.553,86;REFERENTE A 3° MEDIÇÃO DO OBJETO: CONTRATAÇÃO DE EMPRESA PARA EXECUÇÃO DE OBRA PARA CONSTRUÇÃO DE UNIDADES DE ALIMENTAÇÃO NUTRICIONAL NO CAMPUS HORIZONTE DO IFCE NO SISTEMA CONSTRUTIVO STEEL FRAME. CONTRATO DE OBRA DE ENGENHARIA Nº 13/2025. PROCESSO Nº 23255.000876/2025-26. PROCESSO Nº 23255.000876/2025-26.
1345;1;DINAMICA EMPREENDIMENTOS E SOLUCOES LTDA;NFSE;1458;26/06/2025;68;PREFEITURA MUNICIPAL DE VARZEA ALEGRE;CR;Não;Não;Não;Não;R$ 0,00;R$ 0,00;R$ 0,00;R$ 106.796,69;R$ 106.796,69;R$ 106.796,69;REFERENTE A 4° MEDIÇÃO DO OBJETO: CONTRATAÇÃO DE EMPRESA PARA EXECUÇÃO DAS OBRAS DE CONSTRUÇÃO DE UMA ESCOLA (ESPAÇO EDUCATIVO URBANO - 12 SALAS DE AULA) ATRAVÉS DA SECRETARIA DE EDUCAÇÃO DO MUNICÍPIO DE VÁRZEA ALEGRE-CE. CONTRATO Nº 2024.09.26.1
1344;1;DINAMICA EMPREENDIMENTOS E SOLUCOES LTDA;NFSE;1460;01/07/2025;93;UNIVERSIDADE DA INTEGRACAO INTERNACIONAL DA LUSOFONIA AFRO-BRASILEIRA - UNILAB;CR;Não;Não;Não;Não;R$ 0,00;R$ 0,00;R$ 0,00;R$ 157.150,61;R$ 157.150,61;R$ 157.150,61;REFERENTE A 17° MEDIÇÃO DO OBJETO: CONTRATAÇÃO DE SERVIÇOS COMUNS DE ENGENHARIA DE EMPRESA ESPECIALIZADA PARA A OBRA DE CONSTRUÇÃO DOS BLOCOS ANEXOS DO CAMPUS DOS MALÊS. PERÍODO DE 01/05/2025 À 31/05/2025. CONTRATO Nº 16/2023. PROCESSO Nº 23804.000809/2023-86.
1364;1;DINAMICA EMPREENDIMENTOS E SOLUCOES LTDA;NFSE;1461;11/07/2025;86;MUNICIPIO DE ASSARÉ;CR;Não;Não;Não;Não;R$ 0,00;R$ 0,00;R$ 0,00;R$ 138.104,05;R$ 138.104,05;R$ 138.104,05;15ª MEDIÇÃO - OBJETO: CONTRATAÇÃO DE SERVIÇOS PARA EXECUÇÃO DAS OBRAS DE CONSTRUÇÃO DE UNIDADE ESCOLAR COM 12 SALAS DE AULA COM QUADRA POLIESPORTIVA COBERTA - MODELO FNDE, PARA ATENDER AS NECESSIDADES DA SECRETARIA MUNICIPAL DE EDUCAÇÃO DE ASSARÉ/CE.
1346;1;DINAMICA EMPREENDIMENTOS E SOLUCOES LTDA;NFSE;1462;15/07/2025;96;DEPARTAMENTO DE POLICIA RODOVIÁRIA FEDERAL;CR;Não;Não;Não;Não;R$ 0,00;R$ 0,00;R$ 0,00;R$ 73.895,07;R$ 73.895,07;R$ 73.895,07;REFERENTE A 17ª MEDIÇÃO DO OBJETO: CONSTRUÇÃO DA UNIDADE OPERACIONAL DA POLÍCIA RODOVIÁRIA FEDERAL EM POCINHOS / PB. VALOR MEDIDO R$ 73.895,07 (PREÇOS UNITÁRIOS DA PROPOSTA ORIGINAL R$ 66.457,84) E (R$ 7.437,23 CORREÇÃO MONETÁRIA). CONFORME TERMO DE APOSTILAMENTO 10 (11,1909%). CONTRATO Nº 78 / 2022. PROCESSO Nº 08650.037267/2022-23.
1354;1;DINAMICA EMPREENDIMENTOS E SOLUCOES LTDA;NFSE;1464;22/07/2025;1;INSTITUTO FEDERAL DE EDUCAÇÃO, CIÊNCIA E TECNOLOGIA DO CEARÁ;CR;Não;Não;Não;Não;R$ 0,00;R$ 0,00;R$ 0,00;R$ 27.467,25;R$ 27.467,25;R$ 27.467,25;REFERENTE A 3° MEDIÇÃO DO OBJETO: CONTRATAÇÃO DE EMPRESA PARA EXECUÇÃO DE OBRA PARA CONSTRUÇÃO DE UNIDADES DE ALIMENTAÇÃO NUTRICIONAL NO CAMPUS MORADA NOVA DO IFCE NO SISTEMA CONSTRUTIVO STEEL FRAME. CONTRATO DE OBRA DE ENGENHARIA Nº 06/2025. PROCESSO Nº 23255.007479/2024-02.
1347;1;DINAMICA EMPREENDIMENTOS E SOLUCOES LTDA;NFSE;1465;23/07/2025;93;UNIVERSIDADE DA INTEGRACAO INTERNACIONAL DA LUSOFONIA AFRO-BRASILEIRA - UNILAB;CR;Não;Não;Não;Não;R$ 0,00;R$ 0,00;R$ 0,00;R$ 155.410,61;R$ 155.410,61;R$ 155.410,61;REFERENTE A 16° MEDIÇÃO DO OBJETO: CONTRATAÇÃO DE SERVIÇOS COMUNS DE ENGENHARIA DE EMPRESA ESPECIALIZADA PARA A OBRA DE CONSTRUÇÃO DOS BLOCOS ANEXOS DO CAMPUS DOS MALÊS. PERÍODO DE 01/06/2025 À 30/06/2025. CONTRATO Nº 16/2023. PROCESSO Nº 23804.000809/2023-86.
1355;1;DINAMICA EMPREENDIMENTOS E SOLUCOES LTDA;NFSE;1466;29/07/2025;6;INSTITUTO FEDERAL DE EDUCAÇÃO, CIÊNCIA E TECNOLOGIA DO CEARÁ;CR;Não;Não;Não;Não;R$ 0,00;R$ 0,00;R$ 0,00;R$ 21.753,19;R$ 21.753,19;R$ 21.753,19;REFERENTE A 2ª MEDIÇÃO DO OBJETO: CONTRATAÇÃO DE EMPRESA PARA EXECUÇÃO DE OBRA PARA CONSTRUÇÃO DE UNIDADES DE ALIMENTAÇÃO NUTRICIONAL NO CAMPUS CAMOCIM DO IFCE NO SISTEMA CONSTRUTIVO STEEL FRAME. CONTRATO DE OBRA DE ENGENHARIA Nº 11/2025. PROCESSO Nº 23255.000873/2025-92.
1356;1;DINAMICA EMPREENDIMENTOS E SOLUCOES LTDA;NFSE;1468;29/07/2025;6;INSTITUTO FEDERAL DE EDUCAÇÃO, CIÊNCIA E TECNOLOGIA DO CEARÁ;CR;Não;Não;Não;Não;R$ 0,00;R$ 0,00;R$ 0,00;R$ 32.640,85;R$ 32.640,85;R$ 32.640,85;REFERENTE A 2ª MEDIÇÃO DO OBJETO: CONTRATAÇÃO DE EMPRESA PARA EXECUÇÃO DE OBRA PARA CONSTRUÇÃO DE UNIDADES DE ALIMENTAÇÃO NUTRICIONAL NO CAMPUS UBAJARA DO IFCE NO SISTEMA CONSTRUTIVO STEEL FRAME. CONTRATO DE OBRA DE ENGENHARIA Nº 09/2025. PROCESSO Nº 23255.000870/2025-59
1357;1;DINAMICA EMPREENDIMENTOS E SOLUCOES LTDA;NFSE;1469;29/07/2025;6;INSTITUTO FEDERAL DE EDUCAÇÃO, CIÊNCIA E TECNOLOGIA DO CEARÁ;CR;Não;Não;Não;Não;R$ 0,00;R$ 0,00;R$ 0,00;R$ 387.829,35;R$ 387.829,35;R$ 387.829,35;REFERENTE A 4° MEDIÇÃO DO OBJETO: CONTRATAÇÃO DE EMPRESA PARA EXECUÇÃO DE OBRA PARA CONSTRUÇÃO DE UNIDADES DE ALIMENTAÇÃO NUTRICIONAL NO CAMPUS HORIZONTE DO IFCE NO SISTEMA CONSTRUTIVO STEEL FRAME. CONTRATO DE OBRA DE ENGENHARIA Nº 13/2025. PROCESSO Nº 23255.000876/2025-26.
1358;1;DINAMICA EMPREENDIMENTOS E SOLUCOES LTDA;NFSE;1470;30/07/2025;6;INSTITUTO FEDERAL DE EDUCAÇÃO, CIÊNCIA E TECNOLOGIA DO CEARÁ;CR;Não;Não;Não;Não;R$ 0,00;R$ 0,00;R$ 0,00;R$ 82.005,73;R$ 82.005,73;R$ 82.005,73;REFERENTE A 4° MEDIÇÃO DO OBJETO: CONTRATAÇÃO DE EMPRESA PARA EXECUÇÃO DE OBRA PARA CONSTRUÇÃO DE UNIDADES DE ALIMENTAÇÃO NUTRICIONAL NO CAMPUS PARACURU DO IFCE NO SISTEMA CONSTRUTIVO STEEL FRAME. CONTRATO DE OBRA DE ENGENHARIA Nº 13/2025. PROCESSO Nº 23255.000876/2025-26.
1359;1;DINAMICA EMPREENDIMENTOS E SOLUCOES LTDA;NFSE;1471;01/08/2025;6;INSTITUTO FEDERAL DE EDUCAÇÃO, CIÊNCIA E TECNOLOGIA DO CEARÁ;CR;Não;Não;Não;Não;R$ 0,00;R$ 0,00;R$ 0,00;R$ 85.747,74;R$ 85.747,74;R$ 85.747,74;REFERENTE A 4° MEDIÇÃO DO OBJETO: CONTRATAÇÃO DE EMPRESA PARA EXECUÇÃO DE OBRA PARA CONSTRUÇÃO DE UNIDADES DE ALIMENTAÇÃO NUTRICIONAL NO CAMPUS CAUCAIA DO IFCE NO SISTEMA CONSTRUTIVO STEEL FRAME. CONTRATO DE OBRA DE ENGENHARIA No 12/2025. PROCESSO No 23255.000875/2025-81.
1360;1;DINAMICA EMPREENDIMENTOS E SOLUCOES LTDA;NFSE;1472;01/08/2025;6;INSTITUTO FEDERAL DE EDUCAÇÃO, CIÊNCIA E TECNOLOGIA DO CEARÁ;CR;Não;Não;Não;Não;R$ 0,00;R$ 0,00;R$ 0,00;R$ 12.717,87;R$ 12.717,87;R$ 12.717,87;REFERENTE A 2ª MEDIÇÃO DO OBJETO: CONTRATAÇÃO DE EMPRESA PARA EXECUÇÃO DE OBRA PARA CONSTRUÇÃO DE UNIDADES DE ALIMENTAÇÃO NUTRICIONAL NO CAMPUS TIANGUÁ DO IFCE NO SISTEMA CONSTRUTIVO STEEL FRAME. CONTRATO DE OBRA DE ENGENHARIA Nº 08/2025. PROCESSO Nº 23255.000868/2025-80.
1383;1;DINAMICA EMPREENDIMENTOS E SOLUCOES LTDA;REC;CONTA GARANTIDA;01/08/2025;156;BANCO SANTANDER (BRASIL) S.A.;CR;Não;Não;Não;Não;R$ 0,00;R$ 0,00;R$ 0,00;R$ 150.000,00;R$ 150.000,00;R$ 150.000,00;EMPRÉSTIMO CONTA GARANTIDA | SANTANDER
1363;1;DINAMICA EMPREENDIMENTOS E SOLUCOES LTDA;NFSE;1475;05/08/2025;6;INSTITUTO FEDERAL DE EDUCAÇÃO, CIÊNCIA E TECNOLOGIA DO CEARÁ;CR;Não;Não;Não;Não;R$ 0,00;R$ 0,00;R$ 0,00;R$ 12.389,92;R$ 12.389,92;R$ 12.389,92;"8ª MEDIÇÃO - OBJETO: CONTRATAÇÃO DE SERVIÇO COMUM DE ENGENHARIA DE MANUTENÇÃO CORRETIVA E PREVENTIVA DAS SUBESTAÇÕES DO IFCE - GRUPO 01 - CAMPUS PECEM. ""SERVIÇO DE EXECUÇÃO CORRETIVA"""
1365;1;DINAMICA EMPREENDIMENTOS E SOLUCOES LTDA;NFSE;1474;06/08/2025;6;INSTITUTO FEDERAL DE EDUCAÇÃO, CIÊNCIA E TECNOLOGIA DO CEARÁ;CR;Não;Não;Não;Não;R$ 0,00;R$ 0,00;R$ 0,00;R$ 1.740,78;R$ 1.740,78;R$ 1.740,78;"6ª MEDIÇÃO - OBJETO: CONTRATAÇÃO DE SERVIÇO COMUM DE ENGENHARIA DE MANUTENÇÃO CORRETIVA DAS SUBESTAÇÕES DO IFCE - GRUPO 01 - CAMPUS UMIRIM. ""SERVIÇO DE EXECUÇÃO CORRETIVA"" CONTRATO Nº 29 / 2023. PROCESSO Nº 23255.001512/2023-00."
1366;1;DINAMICA EMPREENDIMENTOS E SOLUCOES LTDA;NFSE;1491;14/08/2025;6;INSTITUTO FEDERAL DE EDUCAÇÃO, CIÊNCIA E TECNOLOGIA DO CEARÁ;CR;Não;Não;Não;Não;R$ 0,00;R$ 0,00;R$ 0,00;R$ 522,64;R$ 522,64;R$ 522,64;MEDIÇÃO REFERENTE AO APOSTILAMENTO DO REAJUSTE CONTRATUAL - OBJETO: CONTRATAÇÃO DE SERVIÇO COMUM DE ENGENHARIA DE MANUTENÇÃO CORRETIVA DAS SUBESTAÇÕES DO IFCE - CAMPUS REITORIA. CONTRATO Nº 28 / 2023. PROCESSO Nº 23255.001512/2023-00.
1367;1;DINAMICA EMPREENDIMENTOS E SOLUCOES LTDA;NFSE;1492;14/08/2025;6;INSTITUTO FEDERAL DE EDUCAÇÃO, CIÊNCIA E TECNOLOGIA DO CEARÁ;CR;Não;Não;Não;Não;R$ 0,00;R$ 0,00;R$ 0,00;R$ 1.293,66;R$ 1.293,66;R$ 1.293,66;MEDIÇÃO REFERENTE AO APOSTILAMENTO DO REAJUSTE CONTRATUAL - OBJETO: CONTRATAÇÃO DE SERVIÇO COMUM DE ENGENHARIA DE MANUTENÇÃO PREVENTIVA E CORRETIVA DAS SUBESTAÇÕES DO IFCE - GRUPO 01 - CAMPUS BATURITÉ CONTRATO Nº 29 / 2023. PROCESSO Nº 23255.001512/2023-00.
1368;1;DINAMICA EMPREENDIMENTOS E SOLUCOES LTDA;NFSE;1493;18/08/2025;6;INSTITUTO FEDERAL DE EDUCAÇÃO, CIÊNCIA E TECNOLOGIA DO CEARÁ;CR;Não;Não;Não;Não;R$ 0,00;R$ 0,00;R$ 0,00;R$ 735,14;R$ 735,14;R$ 735,14;MEDIÇÃO REFERENTE AO APOSTILAMENTO DO REAJUSTE CONTRATUAL - OBJETO: CONTRATAÇÃO DE SERVIÇO COMUM DE ENGENHARIA DE MANUTENÇÃO PREVENTIVA DAS SUBESTAÇÕES DO IFCE - GRUPO 01 - CAMPUS HORIZONTE. CONTRATO Nº 29/2023. PROCESSO Nº 23255.001512/2023-00.
1369;1;DINAMICA EMPREENDIMENTOS E SOLUCOES LTDA;NFSE;1494;18/08/2025;6;INSTITUTO FEDERAL DE EDUCAÇÃO, CIÊNCIA E TECNOLOGIA DO CEARÁ;CR;Não;Não;Não;Não;R$ 0,00;R$ 0,00;R$ 0,00;R$ 487,16;R$ 487,16;R$ 487,16;MEDIÇÃO REFERENTE AO APOSTILAMENTO DO REAJUSTE CONTRATUAL - OBJETO: CONTRATAÇÃO DE SERVIÇO COMUM DE ENGENHARIA DE MANUTENÇÃO PREVENTIVA DAS SUBESTAÇÕES DO IFCE - GRUPO 01 - CAMPUS POLO DE INOVAÇÃO. CONTRATO Nº 29/2023. PROCESSO Nº 23255.001512/2023-00.
1370;1;DINAMICA EMPREENDIMENTOS E SOLUCOES LTDA;NFSE;1495;18/08/2025;6;INSTITUTO FEDERAL DE EDUCAÇÃO, CIÊNCIA E TECNOLOGIA DO CEARÁ;CR;Não;Não;Não;Não;R$ 0,00;R$ 0,00;R$ 0,00;R$ 2.497,41;R$ 2.497,41;R$ 2.497,41;MEDIÇÃO REFERENTE AO APOSTILAMENTO DO REAJUSTE CONTRATUAL - OBJETO: CONTRATAÇÃO DE SERVIÇO COMUM DE ENGENHARIA DE MANUTENÇÃO PREVENTIVA DAS SUBESTAÇÕES DO IFCE - GRUPO 01 - CAMPUS UMIRIM. CONTRATO Nº 29/2023. PROCESSO Nº 23255.001512/2023-00.
1371;1;DINAMICA EMPREENDIMENTOS E SOLUCOES LTDA;NFSE;1496;18/08/2025;6;INSTITUTO FEDERAL DE EDUCAÇÃO, CIÊNCIA E TECNOLOGIA DO CEARÁ;CR;Não;Não;Não;Não;R$ 0,00;R$ 0,00;R$ 0,00;R$ 1.256,13;R$ 1.256,13;R$ 1.256,13;MEDIÇÃO REFERENTE AO APOSTILAMENTO DO REAJUSTE CONTRATUAL - OBJETO: CONTRATAÇÃO DE SERVIÇO COMUM DE ENGENHARIA DE MANUTENÇÃO PREVENTIVA DAS SUBESTAÇÕES DO IFCE - GRUPO 01 - CAMPUS PECÉM. CONTRATO Nº 29/2023. PROCESSO Nº 23255.001512/2023-00.
1372;1;DINAMICA EMPREENDIMENTOS E SOLUCOES LTDA;NFSE;1497;18/08/2025;6;INSTITUTO FEDERAL DE EDUCAÇÃO, CIÊNCIA E TECNOLOGIA DO CEARÁ;CR;Não;Não;Não;Não;R$ 0,00;R$ 0,00;R$ 0,00;R$ 2.485,38;R$ 2.485,38;R$ 2.485,38;MEDIÇÃO REFERENTE AO APOSTILAMENTO DO REAJUSTE CONTRATUAL - OBJETO: CONTRATAÇÃO DE SERVIÇO COMUM DE ENGENHARIA DE MANUTENÇÃO PREVENTIVA DAS SUBESTAÇÕES DO IFCE - GRUPO 01 - CAMPUS PARACURU. CONTRATO Nº 29/2023. PROCESSO Nº 23255.001512/2023-00.
1373;1;DINAMICA EMPREENDIMENTOS E SOLUCOES LTDA;NFSE;1498;18/08/2025;6;INSTITUTO FEDERAL DE EDUCAÇÃO, CIÊNCIA E TECNOLOGIA DO CEARÁ;CR;Não;Não;Não;Não;R$ 0,00;R$ 0,00;R$ 0,00;R$ 1.273,47;R$ 1.273,47;R$ 1.273,47;MEDIÇÃO REFERENTE AO APOSTILAMENTO DO REAJUSTE CONTRATUAL - OBJETO: CONTRATAÇÃO DE SERVIÇO COMUM DE ENGENHARIA DE MANUTENÇÃO PREVENTIVA DAS SUBESTAÇÕES DO IFCE - GRUPO 01 - CAMPUS MARANGUAPE. CONTRATO Nº 29/2023. PROCESSO Nº 23255.001512/2023-00.
1374;1;DINAMICA EMPREENDIMENTOS E SOLUCOES LTDA;NFSE;1499;18/08/2025;6;INSTITUTO FEDERAL DE EDUCAÇÃO, CIÊNCIA E TECNOLOGIA DO CEARÁ;CR;Não;Não;Não;Não;R$ 0,00;R$ 0,00;R$ 0,00;R$ 1.138,85;R$ 1.138,85;R$ 1.138,85;MEDIÇÃO REFERENTE AO APOSTILAMENTO DO REAJUSTE CONTRATUAL - OBJETO: CONTRATAÇÃO DE SERVIÇO COMUM DE ENGENHARIA DE MANUTENÇÃO PREVENTIVA DAS SUBESTAÇÕES DO IFCE - GRUPO 01 - CAMPUS MARACANAÚ. CONTRATO Nº 29/2023. PROCESSO Nº 23255.001512/2023-00.
1375;1;DINAMICA EMPREENDIMENTOS E SOLUCOES LTDA;NFSE;1500;18/08/2025;6;INSTITUTO FEDERAL DE EDUCAÇÃO, CIÊNCIA E TECNOLOGIA DO CEARÁ;CR;Não;Não;Não;Não;R$ 0,00;R$ 0,00;R$ 0,00;R$ 573,13;R$ 573,13;R$ 573,13;MEDIÇÃO REFERENTE AO APOSTILAMENTO DO REAJUSTE CONTRATUAL - OBJETO: CONTRATAÇÃO DE SERVIÇO COMUM DE ENGENHARIA DE MANUTENÇÃO PREVENTIVA DAS SUBESTAÇÕES DO IFCE - GRUPO 01 - CAMPUS GUARAMIRANGA. CONTRATO Nº 29/2023. PROCESSO Nº 23255.001512/2023-00.
1376;1;DINAMICA EMPREENDIMENTOS E SOLUCOES LTDA;NFSE;1501;18/08/2025;6;INSTITUTO FEDERAL DE EDUCAÇÃO, CIÊNCIA E TECNOLOGIA DO CEARÁ;CR;Não;Não;Não;Não;R$ 0,00;R$ 0,00;R$ 0,00;R$ 1.518,93;R$ 1.518,93;R$ 1.518,93;MEDIÇÃO REFERENTE AO APOSTILAMENTO DO REAJUSTE CONTRATUAL - OBJETO: CONTRATAÇÃO DE SERVIÇO COMUM DE ENGENHARIA DE MANUTENÇÃO PREVENTIVA DAS SUBESTAÇÕES DO IFCE - GRUPO 01 - CAMPUS FORTALEZA. CONTRATO Nº 29/2023. PROCESSO Nº 23255.001512/2023-00.
1377;1;DINAMICA EMPREENDIMENTOS E SOLUCOES LTDA;NFSE;1502;18/08/2025;6;INSTITUTO FEDERAL DE EDUCAÇÃO, CIÊNCIA E TECNOLOGIA DO CEARÁ;CR;Não;Não;Não;Não;R$ 0,00;R$ 0,00;R$ 0,00;R$ 1.318,39;R$ 1.318,39;R$ 1.318,39;MEDIÇÃO REFERENTE AO APOSTILAMENTO DO REAJUSTE CONTRATUAL - OBJETO: CONTRATAÇÃO DE SERVIÇO COMUM DE ENGENHARIA DE MANUTENÇÃO PREVENTIVA DAS SUBESTAÇÕES DO IFCE - GRUPO 01 - CAMPUS CAUCAIA. CONTRATO Nº 29/2023. PROCESSO Nº 23255.001512/2023-00.
1379;1;DINAMICA EMPREENDIMENTOS E SOLUCOES LTDA;NFSE;1488;18/08/2025;90;MUNICIPIO DE SOBRAL;CR;Não;Não;Não;Não;R$ 0,00;R$ 0,00;R$ 0,00;R$ 87.455,26;R$ 87.455,26;R$ 87.455,26;REFERENTE A 34° MEDIÇÃO DO OBJETO: CONTRATAÇÃO DE EMPRESA ESPECIALIZADA PARA CONSTRUÇÃO DE ESCOLA VERTICAL, 12 SALAS, NO BAIRRO ALTO DA BRASILIA, NO MUNICÍPIO DE DE SOBRAL / CE. PERÍODO DE: 01/05/2025 - 31/05/2025. CONTRATO Nº 0094 / 2022 - SME. CONCORRÊNCIA PÚBLICA Nº CP22003 - SME.
1380;1;DINAMICA EMPREENDIMENTOS E SOLUCOES LTDA;NFSE;1489;19/08/2025;6;INSTITUTO FEDERAL DE EDUCAÇÃO, CIÊNCIA E TECNOLOGIA DO CEARÁ;CR;Não;Não;Não;Não;R$ 0,00;R$ 0,00;R$ 0,00;R$ 67.550,52;R$ 67.550,52;R$ 67.550,52;REFERENTE A 4ª MEDIÇÃO DO OBJETO: CONTRATAÇÃO DE EMPRESA PARA EXECUÇÃO DE OBRA PARA CONSTRUÇÃO DE UNIDADES DE ALIMENTAÇÃO NUTRICIONAL NO CAMPUS MORADA NOVA DO IFCE NO SISTEMA CONSTRUTIVO STEEL FRAME. CONTRATO DE OBRA DE ENGENHARIA Nº 06/2025. PROCESSO Nº 23255.007479/2024-02
1382;1;DINAMICA EMPREENDIMENTOS E SOLUCOES LTDA;NFSE;1490;19/08/2025;96;DEPARTAMENTO DE POLICIA RODOVIÁRIA FEDERAL;CR;Não;Não;Não;Não;R$ 0,00;R$ 0,00;R$ 0,00;R$ 10.976,57;R$ 10.976,57;R$ 10.976,57;REFERENTE A 18ª MEDIÇÃO DO OBJETO: CONSTRUÇÃO DA UNIDADE OPERACIONAL DA POLÍCIA RODOVIÁRIA FEDERAL EM POCINHOS / PB. VALOR MEDIDO R$ 10.976,57 (PREÇOS UNITÁRIOS DA PROPOSTA ORIGINAL R$ 9.871,82) E (R$ 1.104,75 CORREÇÃO MONETÁRIA). CONFORME TERMO DE APOSTILAMENTO 10 (11,1909%). CONTRATO Nº 78 / 2022. PROCESSO Nº 08650.037267/2022-23.
1399;1;DINAMICA EMPREENDIMENTOS E SOLUCOES LTDA;NFSE;1503;21/08/2025;68;PREFEITURA MUNICIPAL DE VARZEA ALEGRE;CR;Não;Não;Não;Não;R$ 0,00;R$ 0,00;R$ 0,00;R$ 63.865,73;R$ 63.865,73;R$ 63.865,73;REFERENTE A 5° MEDIÇÃO DO OBJETO: CONTRATAÇÃO DE EMPRESA PARA EXECUÇÃO DAS OBRAS DE CONSTRUÇÃO DE UMA ESCOLA (ESPAÇO EDUCATIVO URBANO - 12 SALAS DE AULA) ATRAVÉS DA SECRETARIA DE EDUCAÇÃO DO MUNICÍPIO DE VÁRZEA ALEGRE-CE. CONTRATO Nº 2024.09.26.1 CONCORRÊNCIA Nº 2023.12.28.1
1384;1;DINAMICA EMPREENDIMENTOS E SOLUCOES LTDA;NFSE;1504;25/08/2025;6;INSTITUTO FEDERAL DE EDUCAÇÃO, CIÊNCIA E TECNOLOGIA DO CEARÁ;CR;Não;Não;Não;Não;R$ 0,00;R$ 0,00;R$ 0,00;R$ 152.293,28;R$ 152.293,28;R$ 152.293,28;REFERENTE A 3ª MEDIÇÃO DO OBJETO: CONTRATAÇÃO DE EMPRESA PARA EXECUÇÃO DE OBRA PARA CONSTRUÇÃO DE UNIDADES DE ALIMENTAÇÃO NUTRICIONAL NO CAMPUS TIANGUÁ DO IFCE NO SISTEMA CONSTRUTIVO STEEL FRAME. CONTRATO DE OBRA DE ENGENHARIA Nº 08/2025. PROCESSO Nº 23255.000868/2025-80.
1385;1;DINAMICA EMPREENDIMENTOS E SOLUCOES LTDA;NFSE;1505;25/08/2025;6;INSTITUTO FEDERAL DE EDUCAÇÃO, CIÊNCIA E TECNOLOGIA DO CEARÁ;CR;Não;Não;Não;Não;R$ 0,00;R$ 0,00;R$ 0,00;R$ 181.438,49;R$ 181.438,49;R$ 181.438,49;REFERENTE A 3ª MEDIÇÃO DO OBJETO: CONTRATAÇÃO DE EMPRESA PARA EXECUÇÃO DE OBRA PARA CONSTRUÇÃO DE UNIDADES DE ALIMENTAÇÃO NUTRICIONAL NO CAMPUS CAMOCIM DO IFCE NO SISTEMA CONSTRUTIVO STEEL FRAME. CONTRATO DE OBRA DE ENGENHARIA Nº 11/2025. PROCESSO Nº 23255.000873/2025-92.
1386;1;DINAMICA EMPREENDIMENTOS E SOLUCOES LTDA;NFSE;1506;25/08/2025;6;INSTITUTO FEDERAL DE EDUCAÇÃO, CIÊNCIA E TECNOLOGIA DO CEARÁ;CR;Não;Não;Não;Não;R$ 0,00;R$ 0,00;R$ 0,00;R$ 47.723,44;R$ 47.723,44;R$ 47.723,44;REFERENTE A 3ª MEDIÇÃO DO OBJETO: CONTRATAÇÃO DE EMPRESA PARA EXECUÇÃO DE OBRA PARA CONSTRUÇÃO DE UNIDADES DE ALIMENTAÇÃO NUTRICIONAL NO CAMPUS UBAJARA DO IFCE NO SISTEMA CONSTRUTIVO STEEL FRAME. CONTRATO DE OBRA DE ENGENHARIA Nº 09/2025. PROCESSO Nº 23255.000870/2025-59
1387;1;DINAMICA EMPREENDIMENTOS E SOLUCOES LTDA;NFSE;1512;27/08/2025;6;INSTITUTO FEDERAL DE EDUCAÇÃO, CIÊNCIA E TECNOLOGIA DO CEARÁ;CR;Não;Não;Não;Não;R$ 0,00;R$ 0,00;R$ 0,00;R$ 2.426,51;R$ 2.426,51;R$ 2.426,51;MEDIÇÃO REFERENTE AO APOSTILAMENTO DO REAJUSTE CONTRATUAL - OBJETO: CONTRATAÇÃO DE SERVIÇO COMUM DE ENGENHARIA DE MANUTENÇÃO PREVENTIVA DAS SUBESTAÇÕES DO IFCE - GRUPO 02 - CAMPUS SOBRAL. CONTRATO Nº 29/2023. PROCESSO Nº 23255.001512/2023-00.
1388;1;DINAMICA EMPREENDIMENTOS E SOLUCOES LTDA;NFSE;1508;27/08/2025;6;INSTITUTO FEDERAL DE EDUCAÇÃO, CIÊNCIA E TECNOLOGIA DO CEARÁ;CR;Não;Não;Não;Não;R$ 0,00;R$ 0,00;R$ 0,00;R$ 2.043,94;R$ 2.043,94;R$ 2.043,94;MEDIÇÃO REFERENTE AO APOSTILAMENTO DO REAJUSTE CONTRATUAL - OBJETO: CONTRATAÇÃO DE SERVIÇO COMUM DE ENGENHARIA DE MANUTENÇÃO PREVENTIVA DAS SUBESTAÇÕES DO IFCE - GRUPO 02 - CAMPUS CAMOCIM. CONTRATO Nº 29/2023. PROCESSO Nº 23255.001512/2023-00.
1389;1;DINAMICA EMPREENDIMENTOS E SOLUCOES LTDA;NFSE;1513;27/08/2025;6;INSTITUTO FEDERAL DE EDUCAÇÃO, CIÊNCIA E TECNOLOGIA DO CEARÁ;CR;Não;Não;Não;Não;R$ 0,00;R$ 0,00;R$ 0,00;R$ 1.667,88;R$ 1.667,88;R$ 1.667,88;MEDIÇÃO REFERENTE AO APOSTILAMENTO DO REAJUSTE CONTRATUAL - OBJETO: CONTRATAÇÃO DE SERVIÇO COMUM DE ENGENHARIA DE MANUTENÇÃO PREVENTIVA DAS SUBESTAÇÕES DO IFCE - GRUPO 02 - CAMPUS TAUÁ. CONTRATO Nº 29/2023. PROCESSO Nº 23255.001512/2023-00.
1390;1;DINAMICA EMPREENDIMENTOS E SOLUCOES LTDA;NFSE;1509;27/08/2025;6;INSTITUTO FEDERAL DE EDUCAÇÃO, CIÊNCIA E TECNOLOGIA DO CEARÁ;CR;Não;Não;Não;Não;R$ 0,00;R$ 0,00;R$ 0,00;R$ 507,20;R$ 507,20;R$ 507,20;MEDIÇÃO REFERENTE AO APOSTILAMENTO DO REAJUSTE CONTRATUAL - OBJETO: CONTRATAÇÃO DE SERVIÇO COMUM DE ENGENHARIA DE MANUTENÇÃO PREVENTIVA DAS SUBESTAÇÕES DO IFCE - GRUPO 02 - CAMPUS CANINDÉ. CONTRATO Nº 29/2023. PROCESSO Nº 23255.001512/2023-00.
1391;1;DINAMICA EMPREENDIMENTOS E SOLUCOES LTDA;NFSE;1514;27/08/2025;6;INSTITUTO FEDERAL DE EDUCAÇÃO, CIÊNCIA E TECNOLOGIA DO CEARÁ;CR;Não;Não;Não;Não;R$ 0,00;R$ 0,00;R$ 0,00;R$ 1.340,21;R$ 1.340,21;R$ 1.340,21;MEDIÇÃO REFERENTE AO APOSTILAMENTO DO REAJUSTE CONTRATUAL - OBJETO: CONTRATAÇÃO DE SERVIÇO COMUM DE ENGENHARIA DE MANUTENÇÃO PREVENTIVA DAS SUBESTAÇÕES DO IFCE - GRUPO 02 - CAMPUS TIANGUÁ. CONTRATO Nº 29/2023. PROCESSO Nº 23255.001512/2023-00.
1392;1;DINAMICA EMPREENDIMENTOS E SOLUCOES LTDA;NFSE;1510;27/08/2025;6;INSTITUTO FEDERAL DE EDUCAÇÃO, CIÊNCIA E TECNOLOGIA DO CEARÁ;CR;Não;Não;Não;Não;R$ 0,00;R$ 0,00;R$ 0,00;R$ 1.438,60;R$ 1.438,60;R$ 1.438,60;MEDIÇÃO REFERENTE AO APOSTILAMENTO DO REAJUSTE CONTRATUAL - OBJETO: CONTRATAÇÃO DE SERVIÇO COMUM DE ENGENHARIA DE MANUTENÇÃO PREVENTIVA DAS SUBESTAÇÕES DO IFCE - GRUPO 02 - CAMPUS CRATEUS. CONTRATO Nº 29/2023. PROCESSO Nº 23255.001512/2023-00.
1393;1;DINAMICA EMPREENDIMENTOS E SOLUCOES LTDA;NFSE;1511;27/08/2025;6;INSTITUTO FEDERAL DE EDUCAÇÃO, CIÊNCIA E TECNOLOGIA DO CEARÁ;CR;Não;Não;Não;Não;R$ 0,00;R$ 0,00;R$ 0,00;R$ 2.440,42;R$ 2.440,42;R$ 2.440,42;MEDIÇÃO REFERENTE AO APOSTILAMENTO DO REAJUSTE CONTRATUAL - OBJETO: CONTRATAÇÃO DE SERVIÇO COMUM DE ENGENHARIA DE MANUTENÇÃO PREVENTIVA DAS SUBESTAÇÕES DO IFCE - GRUPO 02 - CAMPUS ITAPIPOCA. CONTRATO Nº 29/2023. PROCESSO Nº 23255.001512/2023-00.
1394;1;DINAMICA EMPREENDIMENTOS E SOLUCOES LTDA;NFSE;1515;27/08/2025;6;INSTITUTO FEDERAL DE EDUCAÇÃO, CIÊNCIA E TECNOLOGIA DO CEARÁ;CR;Não;Não;Não;Não;R$ 0,00;R$ 0,00;R$ 0,00;R$ 2.100,00;R$ 2.100,00;R$ 2.100,00;MEDIÇÃO REFERENTE AO APOSTILAMENTO DO REAJUSTE CONTRATUAL - OBJETO: CONTRATAÇÃO DE SERVIÇO COMUM DE ENGENHARIA DE MANUTENÇÃO PREVENTIVA DAS SUBESTAÇÕES DO IFCE - GRUPO 02 - CAMPUS UBAJARA. CONTRATO Nº 29/2023. PROCESSO Nº 23255.001512/2023-00.
1395;1;DINAMICA EMPREENDIMENTOS E SOLUCOES LTDA;NFSE;1507;27/08/2025;6;INSTITUTO FEDERAL DE EDUCAÇÃO, CIÊNCIA E TECNOLOGIA DO CEARÁ;CR;Não;Não;Não;Não;R$ 0,00;R$ 0,00;R$ 0,00;R$ 1.587,27;R$ 1.587,27;R$ 1.587,27;MEDIÇÃO REFERENTE AO APOSTILAMENTO DO REAJUSTE CONTRATUAL - OBJETO: CONTRATAÇÃO DE SERVIÇO COMUM DE ENGENHARIA DE MANUTENÇÃO PREVENTIVA DAS SUBESTAÇÕES DO IFCE - GRUPO 02 - CAMPUS BOA VIAGEM. CONTRATO Nº 29/2023. PROCESSO Nº 23255.001512/2023-00.
1396;1;DINAMICA EMPREENDIMENTOS E SOLUCOES LTDA;NFSE;1516;27/08/2025;6;INSTITUTO FEDERAL DE EDUCAÇÃO, CIÊNCIA E TECNOLOGIA DO CEARÁ;CR;Não;Não;Não;Não;R$ 0,00;R$ 0,00;R$ 0,00;R$ 365.467,07;R$ 365.467,07;R$ 365.467,07;REFERENTE A 5° MEDIÇÃO DO OBJETO: CONTRATAÇÃO DE EMPRESA PARA EXECUÇÃO DE OBRA PARA CONSTRUÇÃO DE UNIDADES DE ALIMENTAÇÃO NUTRICIONAL NO CAMPUS HORIZONTE DO IFCE NO SISTEMA CONSTRUTIVO STEEL FRAME. CONTRATO DE OBRA DE ENGENHARIA Nº 07/2025. PROCESSO Nº 23255.006679/2024-30.
1398;1;DINAMICA EMPREENDIMENTOS E SOLUCOES LTDA;NFSE;1517;29/08/2025;6;INSTITUTO FEDERAL DE EDUCAÇÃO, CIÊNCIA E TECNOLOGIA DO CEARÁ;CR;Não;Não;Não;Não;R$ 0,00;R$ 0,00;R$ 0,00;R$ 451.610,19;R$ 451.610,19;R$ 451.610,19;REFERENTE A 5° MEDIÇÃO DO OBJETO: CONTRATAÇÃO DE EMPRESA PARA EXECUÇÃO DE OBRA PARA CONSTRUÇÃO DE UNIDADES DE ALIMENTAÇÃO NUTRICIONAL NO CAMPUS PARACURU DO IFCE NO SISTEMA CONSTRUTIVO STEEL FRAME. CONTRATO DE OBRA DE ENGENHARIA Nº 13/2025. PROCESSO Nº 23255.000876/2025-26.
1402;1;DINAMICA EMPREENDIMENTOS E SOLUCOES LTDA;NFSE;1520;01/09/2025;93;UNIVERSIDADE DA INTEGRACAO INTERNACIONAL DA LUSOFONIA AFRO-BRASILEIRA - UNILAB;CR;Não;Não;Não;Não;R$ 0,00;R$ 0,00;R$ 0,00;R$ 102.975,82;R$ 102.975,82;R$ 102.975,82;REFERENTE A 17ª MEDIÇÃO DO OBJETO: CONTRATAÇÃO DE SERVIÇOS COMUNS DE ENGENHARIA DE EMPRESA ESPECIALIZADA PARA A OBRA DE CONSTRUÇÃO DOS BLOCOS ANEXOS DO CAMPUS DOS MALÊS. PERÍODO DE 01/07/2025 À 31/07/2025. CONTRATO Nº 16/2023. PROCESSO Nº 23804.000809/2023-86.
1417;1;DINAMICA EMPREENDIMENTOS E SOLUCOES LTDA;REC;001;01/09/2025;157;ATACADAO DA MADEIRA LTDA;CR;Não;Não;Não;Não;R$ 0,00;R$ 0,00;R$ 0,00;R$ 3.922,00;R$ 3.922,00;R$ 3.922,00;DEVOLUÇÃO ATACADÃO DA MADEIRA (RONALD DAVID)
1400;1;DINAMICA EMPREENDIMENTOS E SOLUCOES LTDA;NFSE;1518;08/09/2025;96;DEPARTAMENTO DE POLICIA RODOVIÁRIA FEDERAL;CR;Não;Não;Não;Não;R$ 0,00;R$ 0,00;R$ 0,00;R$ 11.028,01;R$ 11.028,01;R$ 11.028,01;REFERENTE A 19ª MEDIÇÃO DO OBJETO: CONSTRUÇÃO DA UNIDADE OPERACIONAL DA POLÍCIA RODOVIÁRIA FEDERAL EM POCINHOS / PB. VALOR MEDIDO R$ 11.028,01 (PREÇOS UNITÁRIOS DA PROPOSTA ORIGINAL R$ 9.918,09) E (R$ 1.109,92 CORREÇÃO MONETÁRIA). CONFORME TERMO DE APOSTILAMENTO 10 (11,1909%). CONTRATO Nº 78/2022. PROCESSO Nº 08650.037267/2022-23.
1401;1;DINAMICA EMPREENDIMENTOS E SOLUCOES LTDA;NFSE;1519;10/09/2025;6;INSTITUTO FEDERAL DE EDUCAÇÃO, CIÊNCIA E TECNOLOGIA DO CEARÁ;CR;Não;Não;Não;Não;R$ 0,00;R$ 0,00;R$ 0,00;R$ 154.013,32;R$ 154.013,32;R$ 154.013,32;REFERENTE A 5ª MEDIÇÃO DO OBJETO: CONTRATAÇÃO DE EMPRESA PARA EXECUÇÃO DE OBRA PARA CONSTRUÇÃO DE UNIDADES DE ALIMENTAÇÃO NUTRICIONAL NO CAMPUS MORADA NOVA DO IFCE NO SISTEMA CONSTRUTIVO STEEL FRAME. CONTRATO DE OBRA DE ENGENHARIA Nº 06/2025. PROCESSO Nº 23255.007479/2024-02.
1403;1;DINAMICA EMPREENDIMENTOS E SOLUCOES LTDA;NFSE;1521;12/09/2025;6;INSTITUTO FEDERAL DE EDUCAÇÃO, CIÊNCIA E TECNOLOGIA DO CEARÁ;CR;Não;Não;Não;Não;R$ 0,00;R$ 0,00;R$ 0,00;R$ 663.813,52;R$ 663.813,52;R$ 663.813,52;REFERENTE A 5° MEDIÇÃO DO OBJETO: CONTRATAÇÃO DE EMPRESA PARA EXECUÇÃO DE OBRA PARA CONSTRUÇÃO DE UNIDADES DE ALIMENTAÇÃO NUTRICIONAL NO CAMPUS CAUCAIA DO IFCE NO SISTEMA CONSTRUTIVO STEEL FRAME. CONTRATO DE OBRA DE ENGENHARIA Nº 12/2025. PROCESSO Nº 23255.000875/2025-81.
1404;1;DINAMICA EMPREENDIMENTOS E SOLUCOES LTDA;NFSE;1525;22/09/2025;6;INSTITUTO FEDERAL DE EDUCAÇÃO, CIÊNCIA E TECNOLOGIA DO CEARÁ;CR;Não;Não;Não;Não;R$ 0,00;R$ 0,00;R$ 0,00;R$ 4.085,97;R$ 4.085,97;R$ 4.085,97;MEDIÇÃO REFERENTE AO APOSTILAMENTO DO REAJUSTE CONTRATUAL - OBJETO: CONTRATAÇÃO DE SERVIÇO COMUM DE ENGENHARIA DE MANUTENÇÃO PREVENTIVA DAS SUBESTAÇÕES DO IFCE - GRUPO 04 - CAMPUS CRATO. CONTRATO Nº 29/2023. PROCESSO Nº 23255.001512/2023-00.
1406;1;DINAMICA EMPREENDIMENTOS E SOLUCOES LTDA;NFSE;1540;22/09/2025;6;INSTITUTO FEDERAL DE EDUCAÇÃO, CIÊNCIA E TECNOLOGIA DO CEARÁ;CR;Não;Não;Não;Não;R$ 0,00;R$ 0,00;R$ 0,00;R$ 539,69;R$ 539,69;R$ 539,69;MEDIÇÃO REFERENTE AO APOSTILAMENTO DO REAJUSTE CONTRATUAL - OBJETO: CONTRATAÇÃO DE SERVIÇO COMUM DE ENGENHARIA DE MANUTENÇÃO PREVENTIVA DAS SUBESTAÇÕES DO IFCE - GRUPO 04 - CAMPUS MOMBAÇA. CONTRATO Nº 29/2023. PROCESSO Nº 23255.001512/2023-00.
1407;1;DINAMICA EMPREENDIMENTOS E SOLUCOES LTDA;NFSE;1528;22/09/2025;6;INSTITUTO FEDERAL DE EDUCAÇÃO, CIÊNCIA E TECNOLOGIA DO CEARÁ;CR;Não;Não;Não;Não;R$ 0,00;R$ 0,00;R$ 0,00;R$ 505,50;R$ 505,50;R$ 505,50;MEDIÇÃO REFERENTE AO APOSTILAMENTO DO REAJUSTE CONTRATUAL - OBJETO: CONTRATAÇÃO DE SERVIÇO COMUM DE ENGENHARIA DE MANUTENÇÃO PREVENTIVA DAS SUBESTAÇÕES DO IFCE - GRUPO 04 - CAMPUS CRATO. CONTRATO Nº 29/2023. PROCESSO Nº 23255.001512/2023-00.
1409;1;DINAMICA EMPREENDIMENTOS E SOLUCOES LTDA;NFSE;1530;22/09/2025;6;INSTITUTO FEDERAL DE EDUCAÇÃO, CIÊNCIA E TECNOLOGIA DO CEARÁ;CR;Não;Não;Não;Não;R$ 0,00;R$ 0,00;R$ 0,00;R$ 347,55;R$ 347,55;R$ 347,55;MEDIÇÃO REFERENTE AO APOSTILAMENTO DO REAJUSTE CONTRATUAL - OBJETO: CONTRATAÇÃO DE SERVIÇO COMUM DE ENGENHARIA DE MANUTENÇÃO PREVENTIVA DAS SUBESTAÇÕES DO IFCE - GRUPO 04 - CAMPUS CEDRO. CONTRATO Nº 29/2023. PROCESSO Nº 23255.001512/2023-00.
1410;1;DINAMICA EMPREENDIMENTOS E SOLUCOES LTDA;NFSE;1552;22/09/2025;6;INSTITUTO FEDERAL DE EDUCAÇÃO, CIÊNCIA E TECNOLOGIA DO CEARÁ;CR;Não;Não;Não;Não;R$ 0,00;R$ 0,00;R$ 0,00;R$ 2.344,68;R$ 2.344,68;R$ 2.344,68;MEDIÇÃO REFERENTE AO APOSTILAMENTO DO REAJUSTE CONTRATUAL - OBJETO: CONTRATAÇÃO DE SERVIÇO COMUM DE ENGENHARIA DE MANUTENÇÃO PREVENTIVA DAS SUBESTAÇÕES DO IFCE - GRUPO 03 - CAMPUS JAGUARIBE. CONTRATO Nº 29/2023. PROCESSO Nº 23255.001512/2023-00.
1412;1;DINAMICA EMPREENDIMENTOS E SOLUCOES LTDA;NFSE;1533;22/09/2025;6;INSTITUTO FEDERAL DE EDUCAÇÃO, CIÊNCIA E TECNOLOGIA DO CEARÁ;CR;Não;Não;Não;Não;R$ 0,00;R$ 0,00;R$ 0,00;R$ 3.376,29;R$ 3.376,29;R$ 3.376,29;MEDIÇÃO REFERENTE AO APOSTILAMENTO DO REAJUSTE CONTRATUAL - OBJETO: CONTRATAÇÃO DE SERVIÇO COMUM DE ENGENHARIA DE MANUTENÇÃO PREVENTIVA DAS SUBESTAÇÕES DO IFCE - GRUPO 03 - CAMPUS QUIXADÁ. CONTRATO Nº 29/2023. PROCESSO Nº 23255.001512/2023-00.
1413;1;DINAMICA EMPREENDIMENTOS E SOLUCOES LTDA;NFSE;1534;22/09/2025;6;INSTITUTO FEDERAL DE EDUCAÇÃO, CIÊNCIA E TECNOLOGIA DO CEARÁ;CR;Não;Não;Não;Não;R$ 0,00;R$ 0,00;R$ 0,00;R$ 1.416,92;R$ 1.416,92;R$ 1.416,92;MEDIÇÃO REFERENTE AO APOSTILAMENTO DO REAJUSTE CONTRATUAL - OBJETO: CONTRATAÇÃO DE SERVIÇO COMUM DE ENGENHARIA DE MANUTENÇÃO PREVENTIVA DAS SUBESTAÇÕES DO IFCE - GRUPO 03 - CAMPUS MORADA NOVA. CONTRATO Nº 29/2023. PROCESSO Nº 23255.001512/2023-00.
1415;1;DINAMICA EMPREENDIMENTOS E SOLUCOES LTDA;NFSE;1537;22/09/2025;6;INSTITUTO FEDERAL DE EDUCAÇÃO, CIÊNCIA E TECNOLOGIA DO CEARÁ;CR;Não;Não;Não;Não;R$ 0,00;R$ 0,00;R$ 0,00;R$ 702,26;R$ 702,26;R$ 702,26;MEDIÇÃO REFERENTE AO APOSTILAMENTO DO REAJUSTE CONTRATUAL - OBJETO: CONTRATAÇÃO DE SERVIÇO COMUM DE ENGENHARIA DE MANUTENÇÃO PREVENTIVA DAS SUBESTAÇÕES DO IFCE - GRUPO 03 - CAMPUS ARACATI. CONTRATO Nº 29/2023. PROCESSO Nº 23255.001512/2023-00.
1416;1;DINAMICA EMPREENDIMENTOS E SOLUCOES LTDA;NFSE;1538;22/09/2025;6;INSTITUTO FEDERAL DE EDUCAÇÃO, CIÊNCIA E TECNOLOGIA DO CEARÁ;CR;Não;Não;Não;Não;R$ 0,00;R$ 0,00;R$ 0,00;R$ 519,20;R$ 519,20;R$ 519,20;MEDIÇÃO REFERENTE AO APOSTILAMENTO DO REAJUSTE CONTRATUAL - OBJETO: CONTRATAÇÃO DE SERVIÇO COMUM DE ENGENHARIA DE MANUTENÇÃO PREVENTIVA DAS SUBESTAÇÕES DO IFCE - GRUPO 03 - CAMPUS JAGUARUANA. CONTRATO Nº 29/2023. PROCESSO Nº 23255.001512/2023-00.
1419;1;DINAMICA EMPREENDIMENTOS E SOLUCOES LTDA;NFSE;1542;26/09/2025;6;INSTITUTO FEDERAL DE EDUCAÇÃO, CIÊNCIA E TECNOLOGIA DO CEARÁ;CR;Não;Não;Não;Não;R$ 0,00;R$ 0,00;R$ 0,00;R$ 380.091,42;R$ 380.091,42;R$ 380.091,42;REFERENTE A 4ª MEDIÇÃO DO OBJETO: CONTRATAÇÃO DE EMPRESA PARA EXECUÇÃO DE OBRA PARA CONSTRUÇÃO DE UNIDADES DE ALIMENTAÇÃO NUTRICIONAL NO CAMPUS CAMOCIM DO IFCE NO SISTEMA CONSTRUTIVO STEEL FRAME. CONTRATO DE OBRA DE ENGENHARIA Nº 11/2025. PROCESSO Nº 23255.000873/2025-92.
1420;1;DINAMICA EMPREENDIMENTOS E SOLUCOES LTDA;NFSE;1543;26/09/2025;6;INSTITUTO FEDERAL DE EDUCAÇÃO, CIÊNCIA E TECNOLOGIA DO CEARÁ;CR;Não;Não;Não;Não;R$ 0,00;R$ 0,00;R$ 0,00;R$ 179.399,43;R$ 179.399,43;R$ 179.399,43;REFERENTE A 4ª MEDIÇÃO DO OBJETO: CONTRATAÇÃO DE EMPRESA PARA EXECUÇÃO DE OBRA PARA CONSTRUÇÃO DE UNIDADES DE ALIMENTAÇÃO NUTRICIONAL NO CAMPUS UBAJARA DO IFCE NO SISTEMA CONSTRUTIVO STEEL FRAME. CONTRATO DE OBRA DE ENGENHARIA Nº 09/2025. PROCESSO Nº 23255.000870/2025-59.
1430;1;DINAMICA EMPREENDIMENTOS E SOLUCOES LTDA;NFSE;1544;26/09/2025;68;PREFEITURA MUNICIPAL DE VARZEA ALEGRE;CR;Não;Não;Não;Não;R$ 0,00;R$ 0,00;R$ 0,00;R$ 134.073,40;R$ 134.073,40;R$ 134.073,40;REFERENTE A 6° MEDIÇÃO DO OBJETO: CONTRATAÇÃO DE EMPRESA PARA EXECUÇÃO DAS OBRAS DE CONSTRUÇÃO DE UMA ESCOLA (ESPAÇO EDUCATIVO URBANO - 12 SALAS DE AULA) ATRAVÉS DA SECRETARIA DE EDUCAÇÃO DO MUNICÍPIO DE VÁRZEA ALEGRE-CE. CONTRATO Nº 2024.09.26.1 CONCORRÊNCIA Nº 2023.12.28.1
1405;1;DINAMICA EMPREENDIMENTOS E SOLUCOES LTDA;NFSE;1546;29/09/2025;6;INSTITUTO FEDERAL DE EDUCAÇÃO, CIÊNCIA E TECNOLOGIA DO CEARÁ;CR;Não;Não;Não;Não;R$ 0,00;R$ 0,00;R$ 0,00;R$ 1.091,92;R$ 1.091,92;R$ 1.091,92;MEDIÇÃO REFERENTE AO APOSTILAMENTO DO REAJUSTE CONTRATUAL - OBJETO: CONTRATAÇÃO DE SERVIÇO COMUM DE ENGENHARIA DE MANUTENÇÃO PREVENTIVA DAS SUBESTAÇÕES DO IFCE - GRUPO 04 - CAMPUS JUAZEIRO DO NORTE. CONTRATO Nº 29/2023. PROCESSO Nº 23255.001512/2023-00.
1408;1;DINAMICA EMPREENDIMENTOS E SOLUCOES LTDA;NFSE;1548;30/09/2025;6;INSTITUTO FEDERAL DE EDUCAÇÃO, CIÊNCIA E TECNOLOGIA DO CEARÁ;CR;Não;Não;Não;Não;R$ 0,00;R$ 0,00;R$ 0,00;R$ 3.879,89;R$ 3.879,89;R$ 3.879,89;MEDIÇÃO REFERENTE AO APOSTILAMENTO DO REAJUSTE CONTRATUAL - OBJETO: CONTRATAÇÃO DE SERVIÇO COMUM DE ENGENHARIA DE MANUTENÇÃO PREVENTIVA DAS SUBESTAÇÕES DO IFCE - GRUPO 04 - CAMPUS IGUATU. CONTRATO Nº 29/2023. PROCESSO Nº 23255.001512/2023-00.
1411;1;DINAMICA EMPREENDIMENTOS E SOLUCOES LTDA;NFSE;1547;30/09/2025;6;INSTITUTO FEDERAL DE EDUCAÇÃO, CIÊNCIA E TECNOLOGIA DO CEARÁ;CR;Não;Não;Não;Não;R$ 0,00;R$ 0,00;R$ 0,00;R$ 1.985,78;R$ 1.985,78;R$ 1.985,78;MEDIÇÃO REFERENTE AO APOSTILAMENTO DO REAJUSTE CONTRATUAL - OBJETO: CONTRATAÇÃO DE SERVIÇO COMUM DE ENGENHARIA DE MANUTENÇÃO PREVENTIVA DAS SUBESTAÇÕES DO IFCE - GRUPO 03 - CAMPUS TABULEIRO DO NORTE. CONTRATO Nº 29/2023. PROCESSO Nº 23255.001512/2023-00.
1414;1;DINAMICA EMPREENDIMENTOS E SOLUCOES LTDA;NFSE;1549;30/09/2025;6;INSTITUTO FEDERAL DE EDUCAÇÃO, CIÊNCIA E TECNOLOGIA DO CEARÁ;CR;Não;Não;Não;Não;R$ 0,00;R$ 0,00;R$ 0,00;R$ 4.447,61;R$ 4.447,61;R$ 4.447,61;MEDIÇÃO REFERENTE AO APOSTILAMENTO DO REAJUSTE CONTRATUAL - OBJETO: CONTRATAÇÃO DE SERVIÇO COMUM DE ENGENHARIA DE MANUTENÇÃO PREVENTIVA DAS SUBESTAÇÕES DO IFCE - GRUPO 03 - CAMPUS LIMOEIRO DO NORTE. CONTRATO Nº 29/2023. PROCESSO Nº 23255.001512/2023-00.
1418;1;DINAMICA EMPREENDIMENTOS E SOLUCOES LTDA;NFSE;1550;30/09/2025;6;INSTITUTO FEDERAL DE EDUCAÇÃO, CIÊNCIA E TECNOLOGIA DO CEARÁ;CR;Não;Não;Não;Não;R$ 0,00;R$ 0,00;R$ 0,00;R$ 102.000,11;R$ 102.000,11;R$ 102.000,11;REFERENTE A 4ª MEDIÇÃO DO OBJETO: CONTRATAÇÃO DE EMPRESA PARA EXECUÇÃO DE OBRA PARA CONSTRUÇÃO DE UNIDADES DE ALIMENTAÇÃO NUTRICIONAL NO CAMPUS TIANGUÁ DO IFCE NO SISTEMA CONSTRUTIVO STEEL FRAME. CONTRATO DE OBRA DE ENGENHARIA Nº 08/2025. PROCESSO Nº 23255.000868/2025-80.
1421;1;DINAMICA EMPREENDIMENTOS E SOLUCOES LTDA;NFSE;1551;01/10/2025;96;DEPARTAMENTO DE POLICIA RODOVIÁRIA FEDERAL;CR;Não;Não;Não;Não;R$ 0,00;R$ 0,00;R$ 0,00;R$ 15.906,00;R$ 15.906,00;R$ 15.906,00;REFERENTE A 20ª MEDIÇÃO DO OBJETO: CONSTRUÇÃO DA UNIDADE OPERACIONAL DA POLÍCIA RODOVIÁRIA FEDERAL EM POCINHOS / PB. VALOR MEDIDO R$ 15.906,00 (PREÇOS UNITÁRIOS DA PROPOSTA ORIGINAL R$ 14.305,13) E (R$ 1.600,87 CORREÇÃO MONETÁRIA). CONFORME TERMO DE APOSTILAMENTO 10 (11,1909%). CONTRATO Nº 78/2022. PROCESSO Nº 08650.037267/2022-23.
1429;1;DINAMICA EMPREENDIMENTOS E SOLUCOES LTDA;NFSE;1562;01/10/2025;96;DEPARTAMENTO DE POLICIA RODOVIÁRIA FEDERAL;CR;Não;Não;Não;Não;R$ 0,00;R$ 0,00;R$ 0,00;R$ 17.325,90;R$ 17.325,90;R$ 17.325,90;REFERENTE A 21ª MEDIÇÃO DO OBJETO: CONSTRUÇÃO DA UNIDADE OPERACIONAL DA POLÍCIA RODOVIÁRIA FEDERAL EM POCINHOS / PB. VALOR MEDIDO R$ 17.325,90 (PREÇOS UNITÁRIOS DA PROPOSTA ORIGINAL R$ 15.582,12) E (R$ 1.743,78CORREÇÃO MONETÁRIA). CONFORME TERMO DE APOSTILAMENTO 10 (11,1909%). CONTRATO Nº 78/2022. PROCESSO Nº 08650.037267/2022-23.
1431;1;DINAMICA EMPREENDIMENTOS E SOLUCOES LTDA;NEG;EMPRÉSTIMO CAIXA (2);01/10/2025;79;CAIXA ECONOMICA FEDERAL;CR;Não;Não;Não;Não;R$ 0,00;R$ 0,00;R$ 0,00;R$ 473.508,07;R$ 473.508,07;R$ 473.508,07;EMPRÉSTIMO CAIXA | R$ 500.000,00 | CRÉDITADO R$ 473.508,07 (IOF R$ 16.891,93) (ECG R$ 9.600,00)
1422;1;DINAMICA EMPREENDIMENTOS E SOLUCOES LTDA;NFSE;1553;09/10/2025;6;INSTITUTO FEDERAL DE EDUCAÇÃO, CIÊNCIA E TECNOLOGIA DO CEARÁ;CR;Não;Não;Não;Não;R$ 0,00;R$ 0,00;R$ 0,00;R$ 341.035,45;R$ 341.035,45;R$ 341.035,45;REFERENTE A 6° MEDIÇÃO DO OBJETO: CONTRATAÇÃO DE EMPRESA PARA EXECUÇÃO DE OBRA PARA CONSTRUÇÃO DE UNIDADES DE ALIMENTAÇÃO NUTRICIONAL NO CAMPUS HORIZONTE DO IFCE NO SISTEMA CONSTRUTIVO STEEL FRAME. CONTRATO DE OBRA DE ENGENHARIA Nº 07/2025. PROCESSO Nº 23255.006679/2024-30.
1423;1;DINAMICA EMPREENDIMENTOS E SOLUCOES LTDA;NFSE;1555;20/10/2025;6;INSTITUTO FEDERAL DE EDUCAÇÃO, CIÊNCIA E TECNOLOGIA DO CEARÁ;CR;Não;Não;Não;Não;R$ 0,00;R$ 0,00;R$ 0,00;R$ 214.053,04;R$ 214.053,04;R$ 214.053,04;REFERENTE A 5ª MEDIÇÃO DO OBJETO: CONTRATAÇÃO DE EMPRESA PARA EXECUÇÃO DE OBRA PARA CONSTRUÇÃO DE UNIDADES DE ALIMENTAÇÃO NUTRICIONAL NO CAMPUS CAMOCIM DO IFCE NO SISTEMA CONSTRUTIVO STEEL FRAME. CONTRATO DE OBRA DE ENGENHARIA Nº 11/2025. PROCESSO Nº 23255.000873/2025-92.
1424;1;DINAMICA EMPREENDIMENTOS E SOLUCOES LTDA;NFSE;1556;20/10/2025;6;INSTITUTO FEDERAL DE EDUCAÇÃO, CIÊNCIA E TECNOLOGIA DO CEARÁ;CR;Não;Não;Não;Não;R$ 0,00;R$ 0,00;R$ 0,00;R$ 626.167,64;R$ 626.167,64;R$ 626.167,64;REFERENTE A 6ª MEDIÇÃO DO OBJETO: CONTRATAÇÃO DE EMPRESA PARA EXECUÇÃO DE OBRA PARA CONSTRUÇÃO DE UNIDADES DE ALIMENTAÇÃO NUTRICIONAL NO CAMPUS MORADA NOVA DO IFCE NO SISTEMA CONSTRUTIVO STEEL FRAME. CONTRATO DE OBRA DE ENGENHARIA Nº 06/2025. PROCESSO Nº 23255.007479/2024-02.
1426;1;DINAMICA EMPREENDIMENTOS E SOLUCOES LTDA;NFSE;1558;21/10/2025;6;INSTITUTO FEDERAL DE EDUCAÇÃO, CIÊNCIA E TECNOLOGIA DO CEARÁ;CR;Não;Não;Não;Não;R$ 0,00;R$ 0,00;R$ 0,00;R$ 449.951,77;R$ 449.951,77;R$ 449.951,77;REFERENTE A 5ª MEDIÇÃO DO OBJETO: CONTRATAÇÃO DE EMPRESA PARA EXECUÇÃO DE OBRA PARA CONSTRUÇÃO DE UNIDADES DE ALIMENTAÇÃO NUTRICIONAL NO CAMPUS TIANGUÁ DO IFCE NO SISTEMA CONSTRUTIVO STEEL FRAME. CONTRATO DE OBRA DE ENGENHARIA Nº 08/2025. PROCESSO Nº 23255.000868/2025-80.
1425;1;DINAMICA EMPREENDIMENTOS E SOLUCOES LTDA;NFSE;1559;22/10/2025;6;INSTITUTO FEDERAL DE EDUCAÇÃO, CIÊNCIA E TECNOLOGIA DO CEARÁ;CR;Não;Não;Não;Não;R$ 0,00;R$ 0,00;R$ 0,00;R$ 118.688,30;R$ 118.688,30;R$ 118.688,30;REFERENTE A 5ª MEDIÇÃO DO OBJETO: CONTRATAÇÃO DE EMPRESA PARA EXECUÇÃO DE OBRA PARA CONSTRUÇÃO DE UNIDADES DE ALIMENTAÇÃO NUTRICIONAL NO CAMPUS UBAJARA DO IFCE NO SISTEMA CONSTRUTIVO STEEL FRAME. CONTRATO DE OBRA DE ENGENHARIA Nº 09/2025. PROCESSO Nº 23255.000870/2025-59.
1427;1;DINAMICA EMPREENDIMENTOS E SOLUCOES LTDA;NFSE;1560;23/10/2025;6;INSTITUTO FEDERAL DE EDUCAÇÃO, CIÊNCIA E TECNOLOGIA DO CEARÁ;CR;Não;Não;Não;Não;R$ 0,00;R$ 0,00;R$ 0,00;R$ 411.792,76;R$ 411.792,76;R$ 411.792,76;REFERENTE A 6ª MEDIÇÃO DO OBJETO: CONTRATAÇÃO DE EMPRESA PARA EXECUÇÃO DE OBRA PARA CONSTRUÇÃO DE UNIDADES DE ALIMENTAÇÃO NUTRICIONAL NO CAMPUS CAUCAIA DO IFCE NO SISTEMA CONSTRUTIVO STEEL FRAME. CONTRATO DE OBRA DE ENGENHARIA Nº 12/2025. PROCESSO Nº 23255.000875/2025-81.
1428;1;DINAMICA EMPREENDIMENTOS E SOLUCOES LTDA;NFSE;1561;24/10/2025;6;INSTITUTO FEDERAL DE EDUCAÇÃO, CIÊNCIA E TECNOLOGIA DO CEARÁ;CR;Não;Não;Não;Não;R$ 0,00;R$ 0,00;R$ 0,00;R$ 332.387,16;R$ 332.387,16;R$ 332.387,16;REFERENTE A 6° MEDIÇÃO DO OBJETO: CONTRATAÇÃO DE EMPRESA PARA EXECUÇÃO DE OBRA PARA CONSTRUÇÃO DE UNIDADES DE ALIMENTAÇÃO NUTRICIONAL NO CAMPUS PARACURU DO IFCE NO SISTEMA CONSTRUTIVO STEEL FRAME. CONTRATO DE OBRA DE ENGENHARIA Nº 13/2025. PROCESSO Nº 23255.000876/2025-26.
1432;1;DINAMICA EMPREENDIMENTOS E SOLUCOES LTDA;NEG;CONTRATO 905522;01/11/2025;79;CAIXA ECONOMICA FEDERAL;CR;Não;Não;Não;Não;R$ 0,00;R$ 0,00;R$ 0,00;R$ 992.515,66;R$ 992.515,66;R$ 992.515,66;EMPRÉSTIMO CAIXA | R$ 1.035.000,00 | CRÉDITADO R$ 992.515,66 (IOF R$ 32.484,34) (TAC R$ 10.000,00)
1441;1;DINAMICA EMPREENDIMENTOS E SOLUCOES LTDA;NFSE;1573;01/11/2025;6;INSTITUTO FEDERAL DE EDUCAÇÃO, CIÊNCIA E TECNOLOGIA DO CEARÁ;CR;Não;Não;Não;Não;R$ 0,00;R$ 0,00;R$ 0,00;R$ 25.501,95;R$ 25.501,95;R$ 25.501,95;"4ª MEDIÇÃO - OBJETO: CONTRATAÇÃO DE SERVIÇO COMUM DE ENGENHARIA DE MANUTENÇÃO CORRETIVA E PREVENTIVA DAS SUBESTAÇÕES DO IFCE - GRUPO 01 - CAMPUS FORTALEZA. ""SERVIÇO DE EXECUÇÃO PREVENTIVA"" CONTRATO Nº 31 / 2023. PROCESSO Nº 23255.001512/2023-00."
1433;1;DINAMICA EMPREENDIMENTOS E SOLUCOES LTDA;NFSE;1563;05/11/2025;93;UNIVERSIDADE DA INTEGRACAO INTERNACIONAL DA LUSOFONIA AFRO-BRASILEIRA - UNILAB;CR;Não;Não;Não;Não;R$ 0,00;R$ 0,00;R$ 0,00;R$ 100.104,38;R$ 100.104,38;R$ 100.104,38;REFERENTE A 18ª MEDIÇÃO DO OBJETO: CONTRATAÇÃO DE SERVIÇOS COMUNS DE ENGENHARIA DE EMPRESA ESPECIALIZADA PARA A OBRA DE CONSTRUÇÃO DOS BLOCOS ANEXOS DO CAMPUS DOS MALÊS. PERÍODO DE 01/08/2025 À 31/08/2025. CONTRATO Nº 16/2023. PROCESSO Nº 23804.000809/2023-86.
1434;1;DINAMICA EMPREENDIMENTOS E SOLUCOES LTDA;NFSE;1565;10/11/2025;6;INSTITUTO FEDERAL DE EDUCAÇÃO, CIÊNCIA E TECNOLOGIA DO CEARÁ;CR;Não;Não;Não;Não;R$ 0,00;R$ 0,00;R$ 0,00;R$ 17.429,32;R$ 17.429,32;R$ 17.429,32;"5ª MEDIÇÃO - OBJETO: CONTRATAÇÃO DE SERVIÇO COMUM DE ENGENHARIA DE MANUTENÇÃO PREVENTIVA DAS SUBESTAÇÕES DO IFCE - GRUPO 03 - CAMPUS ARACATI. ""SERVIÇO DE EXECUÇÃO PREVENTIVA"" CONTRATO Nº 31 / 2023. PROCESSO Nº 23255.001512/2023-00."
1435;1;DINAMICA EMPREENDIMENTOS E SOLUCOES LTDA;NFSE;1566;10/11/2025;6;INSTITUTO FEDERAL DE EDUCAÇÃO, CIÊNCIA E TECNOLOGIA DO CEARÁ;CR;Não;Não;Não;Não;R$ 0,00;R$ 0,00;R$ 0,00;R$ 702,79;R$ 702,79;R$ 702,79;MEDIÇÃO REFERENTE AO APOSTILAMENTO DO REAJUSTE CONTRATUAL - OBJETO: CONTRATAÇÃO DE SERVIÇO COMUM DE ENGENHARIA DE MANUTENÇÃO PREVENTIVA DAS SUBESTAÇÕES DO IFCE - GRUPO 03 - CAMPUS ARACATI. CONTRATO Nº 29/2023. PROCESSO Nº 23255.001512/2023-00.
1436;1;DINAMICA EMPREENDIMENTOS E SOLUCOES LTDA;NFSE;1567;11/11/2025;6;INSTITUTO FEDERAL DE EDUCAÇÃO, CIÊNCIA E TECNOLOGIA DO CEARÁ;CR;Não;Não;Não;Não;R$ 0,00;R$ 0,00;R$ 0,00;R$ 39.005,25;R$ 39.005,25;R$ 39.005,25;REFERENTE A 7° MEDIÇÃO DO OBJETO: CONTRATAÇÃO DE EMPRESA PARA EXECUÇÃO DE OBRA PARA CONSTRUÇÃO DE UNIDADES DE ALIMENTAÇÃO NUTRICIONAL NO CAMPUS HORIZONTE DO IFCE NO SISTEMA CONSTRUTIVO STEEL FRAME. CONTRATO DE OBRA DE ENGENHARIA Nº 07/2025. PROCESSO Nº 23255.006679/2024-30.
1437;1;DINAMICA EMPREENDIMENTOS E SOLUCOES LTDA;NFSE;1568;12/11/2025;6;INSTITUTO FEDERAL DE EDUCAÇÃO, CIÊNCIA E TECNOLOGIA DO CEARÁ;CR;Não;Não;Não;Não;R$ 0,00;R$ 0,00;R$ 0,00;R$ 1.961,76;R$ 1.961,76;R$ 1.961,76;"5ª MEDIÇÃO - OBJETO: CONTRATAÇÃO DE SERVIÇO COMUM DE ENGENHARIA DE MANUTENÇÃO CORRETIVA E PREVENTIVA DAS SUBESTAÇÕES DO IFCE - GRUPO 03 - CAMPUS TABULEIRO DO NORTE. ""SERVIÇO DE EXECUÇÃO CORRETIVA"" CONTRATO Nº 31 / 2023. PROCESSO Nº 23255.001512/2023-00."
1438;1;DINAMICA EMPREENDIMENTOS E SOLUCOES LTDA;NFSE;1569;12/11/2025;6;INSTITUTO FEDERAL DE EDUCAÇÃO, CIÊNCIA E TECNOLOGIA DO CEARÁ;CR;Não;Não;Não;Não;R$ 0,00;R$ 0,00;R$ 0,00;R$ 79,10;R$ 79,10;R$ 79,10;MEDIÇÃO REFERENTE AO APOSTILAMENTO DO REAJUSTE CONTRATUAL - OBJETO: CONTRATAÇÃO DE SERVIÇO COMUM DE ENGENHARIA DE MANUTENÇÃO PREVENTIVA DAS SUBESTAÇÕES DO IFCE - GRUPO 03 - CAMPUS TABULEIRO DO NORTE. CONTRATO Nº 29/2023. PROCESSO Nº 23255.001512/2023-00.
1439;1;DINAMICA EMPREENDIMENTOS E SOLUCOES LTDA;NFSE;1570;12/11/2025;6;INSTITUTO FEDERAL DE EDUCAÇÃO, CIÊNCIA E TECNOLOGIA DO CEARÁ;CR;Não;Não;Não;Não;R$ 0,00;R$ 0,00;R$ 0,00;R$ 12.789,31;R$ 12.789,31;R$ 12.789,31;"6ª MEDIÇÃO - OBJETO: CONTRATAÇÃO DE SERVIÇO COMUM DE ENGENHARIA DE MANUTENÇÃO CORRETIVA E PREVENTIVA DAS SUBESTAÇÕES DO IFCE - GRUPO 03 - CAMPUS TABULEIRO DO NORTE. ""SERVIÇO DE EXECUÇÃO CORRETIVA"" CONTRATO Nº 31 / 2023. PROCESSO Nº 23255.001512/2023-00."
1440;1;DINAMICA EMPREENDIMENTOS E SOLUCOES LTDA;NFSE;1571;12/11/2025;6;INSTITUTO FEDERAL DE EDUCAÇÃO, CIÊNCIA E TECNOLOGIA DO CEARÁ;CR;Não;Não;Não;Não;R$ 0,00;R$ 0,00;R$ 0,00;R$ 515,69;R$ 515,69;R$ 515,69;MEDIÇÃO REFERENTE AO APOSTILAMENTO DO REAJUSTE CONTRATUAL - OBJETO: CONTRATAÇÃO DE SERVIÇO COMUM DE ENGENHARIA DE MANUTENÇÃO PREVENTIVA DAS SUBESTAÇÕES DO IFCE - GRUPO 03 - CAMPUS TABULEIRO DO NORTE. CONTRATO Nº 29/2023. PROCESSO Nº 23255.001512/2023-00.
1461;1;DINAMICA EMPREENDIMENTOS E SOLUCOES LTDA;NFSE;1572;13/11/2025;158;COMPANHIA DE INTELIGENCIA URBANA E SERVICOS S/A;CR;Não;Não;Não;Não;R$ 0,00;R$ 0,00;R$ 0,00;R$ 532.968,92;R$ 532.968,92;R$ 532.968,92;REFERENTE A 1° MEDIÇÃO DO OBJETO: CONTRATAÇÃO DE EMPRESA ESPECIALIZADA PARA EXECUÇÃO INTEGRAL DA OBRA DO CENTRO DE GESTÃO INTEGRADA ? CGI, NO MUNICÍPIO DE TAUÁ/CE, EM SISTEMA CONSTRUTIVO STEEL FRAME. CONTRATO ADMINISTRATIVO Nº 001.09.2025/GEC/CONC/DIPRES-DEFIN. CONCORRENCIA Nº 001.09.2025/GEC/CONC. MATERIAL 40% - R$ 213.187,57. MÃO DE OBRA - 60%- R$ 319.781,35.
1442;1;DINAMICA EMPREENDIMENTOS E SOLUCOES LTDA;NFSE;1574;18/11/2025;6;INSTITUTO FEDERAL DE EDUCAÇÃO, CIÊNCIA E TECNOLOGIA DO CEARÁ;CR;Não;Não;Não;Não;R$ 0,00;R$ 0,00;R$ 0,00;R$ 1.028,29;R$ 1.028,29;R$ 1.028,29;MEDIÇÃO REFERENTE AO APOSTILAMENTO DO REAJUSTE CONTRATUAL - OBJETO: CONTRATAÇÃO DE SERVIÇO COMUM DE ENGENHARIA DE MANUTENÇÃO PREVENTIVA DAS SUBESTAÇÕES DO IFCE - GRUPO 01 - CAMPUS FORTALEZA. CONTRATO Nº 29/2023. PROCESSO Nº 23255.001512/2023-00.
1443;1;DINAMICA EMPREENDIMENTOS E SOLUCOES LTDA;NFSE;1575;18/11/2025;6;INSTITUTO FEDERAL DE EDUCAÇÃO, CIÊNCIA E TECNOLOGIA DO CEARÁ;CR;Não;Não;Não;Não;R$ 0,00;R$ 0,00;R$ 0,00;R$ 8.556,21;R$ 8.556,21;R$ 8.556,21;"MEDIÇÃO - OBJETO: CONTRATAÇÃO DE SERVIÇO COMUM DE ENGENHARIA DE MANUTENÇÃO CORRETIVA E PREVENTIVA DAS SUBESTAÇÕES DO IFCE - CAMPUS REITORIA. ""SERVIÇO DE EXECUÇÃO PREVENTIVA"" CONTRATO Nº 31 / 2023. PROCESSO Nº 23255.001512/2023-00."
1445;1;DINAMICA EMPREENDIMENTOS E SOLUCOES LTDA;NFSE;1577;18/11/2025;6;INSTITUTO FEDERAL DE EDUCAÇÃO, CIÊNCIA E TECNOLOGIA DO CEARÁ;CR;Não;Não;Não;Não;R$ 0,00;R$ 0,00;R$ 0,00;R$ 3.839,30;R$ 3.839,30;R$ 3.839,30;"5ª e 6ª MEDIÇÃO - OBJETO: CONTRATAÇÃO DE SERVIÇO COMUM DE ENGENHARIA DE MANUTENÇÃO CORRETIVA E PREVENTIVA DAS SUBESTAÇÕES DO IFCE - GRUPO 01 - CAMPUS FORTALEZA. ""SERVIÇO DE EXECUÇÃO CORRETIVA"" CONTRATO Nº 31 / 2023. PROCESSO Nº 23255.001512/2023-00."
1446;1;DINAMICA EMPREENDIMENTOS E SOLUCOES LTDA;NFSE;1578;18/11/2025;6;INSTITUTO FEDERAL DE EDUCAÇÃO, CIÊNCIA E TECNOLOGIA DO CEARÁ;CR;Não;Não;Não;Não;R$ 0,00;R$ 0,00;R$ 0,00;R$ 154,80;R$ 154,80;R$ 154,80;MEDIÇÃO REFERENTE AO APOSTILAMENTO DO REAJUSTE CONTRATUAL - OBJETO: CONTRATAÇÃO DE SERVIÇO COMUM DE ENGENHARIA DE MANUTENÇÃO PREVENTIVA DAS SUBESTAÇÕES DO IFCE - GRUPO 01 - CAMPUS FORTALEZA. CONTRATO Nº 29/2023. PROCESSO Nº 23255.001512/2023-00.
1447;1;DINAMICA EMPREENDIMENTOS E SOLUCOES LTDA;NFSE;1579;18/11/2025;6;INSTITUTO FEDERAL DE EDUCAÇÃO, CIÊNCIA E TECNOLOGIA DO CEARÁ;CR;Não;Não;Não;Não;R$ 0,00;R$ 0,00;R$ 0,00;R$ 14.506,74;R$ 14.506,74;R$ 14.506,74;"4ª MEDIÇÃO - OBJETO: CONTRATAÇÃO DE SERVIÇO COMUM DE ENGENHARIA DE MANUTENÇÃO PREVENTIVA DAS SUBESTAÇÕES DO IFCE - GRUPO 01 - CAMPUS HORIZONTE. ""SERVIÇO DE EXECUÇÃO CORRETIVO"" CONTRATO Nº 29 / 2023. PROCESSO Nº 23255.001512/2023-00."
1448;1;DINAMICA EMPREENDIMENTOS E SOLUCOES LTDA;NFSE;1580;18/11/2025;6;INSTITUTO FEDERAL DE EDUCAÇÃO, CIÊNCIA E TECNOLOGIA DO CEARÁ;CR;Não;Não;Não;Não;R$ 0,00;R$ 0,00;R$ 0,00;R$ 584,94;R$ 584,94;R$ 584,94;MEDIÇÃO REFERENTE AO APOSTILAMENTO DO REAJUSTE CONTRATUAL - OBJETO: CONTRATAÇÃO DE SERVIÇO COMUM DE ENGENHARIA DE MANUTENÇÃO PREVENTIVA DAS SUBESTAÇÕES DO IFCE - GRUPO 01 - CAMPUS HORIZONTE. CONTRATO Nº 29/2023. PROCESSO Nº 23255.001512/2023-00.
1444;1;DINAMICA EMPREENDIMENTOS E SOLUCOES LTDA;NFSE;1576;19/11/2025;6;INSTITUTO FEDERAL DE EDUCAÇÃO, CIÊNCIA E TECNOLOGIA DO CEARÁ;CR;Não;Não;Não;Não;R$ 0,00;R$ 0,00;R$ 0,00;R$ 345,00;R$ 345,00;R$ 345,00;MEDIÇÃO REFERENTE AO APOSTILAMENTO DO REAJUSTE CONTRATUAL - OBJETO: CONTRATAÇÃO DE SERVIÇO COMUM DE ENGENHARIA DE MANUTENÇÃO PREVENTIVA DAS SUBESTAÇÕES DO IFCE - CAMPUS REITORIA. CONTRATO Nº 29/2023. PROCESSO Nº 23255.001512/2023-00.
1450;1;DINAMICA EMPREENDIMENTOS E SOLUCOES LTDA;NFSE;1581;19/11/2025;6;INSTITUTO FEDERAL DE EDUCAÇÃO, CIÊNCIA E TECNOLOGIA DO CEARÁ;CR;Não;Não;Não;Não;R$ 0,00;R$ 0,00;R$ 0,00;R$ 175.644,18;R$ 175.644,18;R$ 175.644,18;REFERENTE A 7ª MEDIÇÃO DO OBJETO: CONTRATAÇÃO DE EMPRESA PARA EXECUÇÃO DE OBRA PARA CONSTRUÇÃO DE UNIDADES DE ALIMENTAÇÃO NUTRICIONAL NO CAMPUS MORADA NOVA DO IFCE NO SISTEMA CONSTRUTIVO STEEL FRAME. CONTRATO DE OBRA DE ENGENHARIA Nº 06/2025. PROCESSO Nº 23255.007479/2024-02.
1451;1;DINAMICA EMPREENDIMENTOS E SOLUCOES LTDA;NFSE;1589;19/11/2025;6;INSTITUTO FEDERAL DE EDUCAÇÃO, CIÊNCIA E TECNOLOGIA DO CEARÁ;CR;Não;Não;Não;Não;R$ 0,00;R$ 0,00;R$ 0,00;R$ 303.939,06;R$ 303.939,06;R$ 303.939,06;REFERENTE A 6ª MEDIÇÃO DO OBJETO: CONTRATAÇÃO DE EMPRESA PARA EXECUÇÃO DE OBRA PARA CONSTRUÇÃO DE UNIDADES DE ALIMENTAÇÃO NUTRICIONAL NO CAMPUS CAMOCIM DO IFCE NO SISTEMA CONSTRUTIVO STEEL FRAME. CONTRATO DE OBRA DE ENGENHARIA Nº 08/2025. PROCESSO Nº 23255.000868/2025-80.
1452;1;DINAMICA EMPREENDIMENTOS E SOLUCOES LTDA;NFSE;1584;20/11/2025;6;INSTITUTO FEDERAL DE EDUCAÇÃO, CIÊNCIA E TECNOLOGIA DO CEARÁ;CR;Não;Não;Não;Não;R$ 0,00;R$ 0,00;R$ 0,00;R$ 363.902,85;R$ 363.902,85;R$ 363.902,85;REFERENTE A 6ª MEDIÇÃO DO OBJETO: CONTRATAÇÃO DE EMPRESA PARA EXECUÇÃO DE OBRA PARA CONSTRUÇÃO DE UNIDADES DE ALIMENTAÇÃO NUTRICIONAL NO CAMPUS TIANGUÁ DO IFCE NO SISTEMA CONSTRUTIVO STEEL FRAME. CONTRATO DE OBRA DE ENGENHARIA Nº 08/2025. PROCESSO Nº 23255.000868/2025-80.
1453;1;DINAMICA EMPREENDIMENTOS E SOLUCOES LTDA;NFSE;1585;20/11/2025;6;INSTITUTO FEDERAL DE EDUCAÇÃO, CIÊNCIA E TECNOLOGIA DO CEARÁ;CR;Não;Não;Não;Não;R$ 0,00;R$ 0,00;R$ 0,00;R$ 80.606,49;R$ 80.606,49;R$ 80.606,49;REFERENTE A 6ª MEDIÇÃO DO OBJETO: CONTRATAÇÃO DE EMPRESA PARA EXECUÇÃO DE OBRA PARA CONSTRUÇÃO DE UNIDADES DE ALIMENTAÇÃO NUTRICIONAL NO CAMPUS UBAJARA DO IFCE NO SISTEMA CONSTRUTIVO STEEL FRAME. CONTRATO DE OBRA DE ENGENHARIA Nº 09/2025.
1454;1;DINAMICA EMPREENDIMENTOS E SOLUCOES LTDA;NFSE;1587;24/11/2025;6;INSTITUTO FEDERAL DE EDUCAÇÃO, CIÊNCIA E TECNOLOGIA DO CEARÁ;CR;Não;Não;Não;Não;R$ 0,00;R$ 0,00;R$ 0,00;R$ 1.780,18;R$ 1.780,18;R$ 1.780,18;MEDIÇÃO REFERENTE AO APOSTILAMENTO DO REAJUSTE CONTRATUAL - OBJETO: CONTRATAÇÃO DE SERVIÇO COMUM DE ENGENHARIA DE MANUTENÇÃO PREVENTIVA DAS SUBESTAÇÕES DO IFCE - GRUPO 01 - CAMPUS PECÉM. CONTRATO Nº 29/2023. PROCESSO Nº 23255.001512/2023-00.
1455;1;DINAMICA EMPREENDIMENTOS E SOLUCOES LTDA;NFSE;1588;24/11/2025;6;INSTITUTO FEDERAL DE EDUCAÇÃO, CIÊNCIA E TECNOLOGIA DO CEARÁ;CR;Não;Não;Não;Não;R$ 0,00;R$ 0,00;R$ 0,00;R$ 44.149,11;R$ 44.149,11;R$ 44.149,11;"9ª MEDIÇÃO - OBJETO: CONTRATAÇÃO DE SERVIÇO COMUM DE ENGENHARIA DE MANUTENÇÃO CORRETIVA E PREVENTIVA DAS SUBESTAÇÕES DO IFCE - GRUPO 01 - CAMPUS PECEM. ""SERVIÇO DE EXECUÇÃO PREVENTIVA"" CONTRATO Nº 29 / 2023. PROCESSO Nº 23255.001512/2023-00."
1456;1;DINAMICA EMPREENDIMENTOS E SOLUCOES LTDA;NFSE;1590;29/11/2025;6;INSTITUTO FEDERAL DE EDUCAÇÃO, CIÊNCIA E TECNOLOGIA DO CEARÁ;CR;Não;Não;Não;Não;R$ 0,00;R$ 0,00;R$ 0,00;R$ 65.370,82;R$ 65.370,82;R$ 65.370,82;REFERENTE A 7° MEDIÇÃO DO OBJETO: CONTRATAÇÃO DE EMPRESA PARA EXECUÇÃO DE OBRA PARA CONSTRUÇÃO DE UNIDADES DE ALIMENTAÇÃO NUTRICIONAL NO CAMPUS PARACURU DO IFCE NO SISTEMA CONSTRUTIVO STEEL FRAME. CONTRATO DE OBRA DE ENGENHARIA Nº 13/2025. PROCESSO Nº 23255.000876/2025-26.
1457;1;DINAMICA EMPREENDIMENTOS E SOLUCOES LTDA;NFSE;1591;29/11/2025;6;INSTITUTO FEDERAL DE EDUCAÇÃO, CIÊNCIA E TECNOLOGIA DO CEARÁ;CR;Não;Não;Não;Não;R$ 0,00;R$ 0,00;R$ 0,00;R$ 65.850,73;R$ 65.850,73;R$ 65.850,73;REFERENTE A 7ª MEDIÇÃO DO OBJETO: CONTRATAÇÃO DE EMPRESA PARA EXECUÇÃO DE OBRA PARA CONSTRUÇÃO DE UNIDADES DE ALIMENTAÇÃO NUTRICIONAL NO CAMPUS CAUCAIA DO IFCE NO SISTEMA CONSTRUTIVO STEEL FRAME. CONTRATO DE OBRA DE ENGENHARIA Nº 12/2025. PROCESSO Nº 23255.000875/2025-81.
1458;1;DINAMICA EMPREENDIMENTOS E SOLUCOES LTDA;EMFI;CONTA GARANTIDA;01/12/2025;156;BANCO SANTANDER (BRASIL) S.A.;CR;Não;Não;Não;Não;R$ 0,00;R$ 0,00;R$ 0,00;R$ 150.000,00;R$ 150.000,00;R$ 150.000,00;CONTA GARANTIDA | SANTANDER
1464;1;DINAMICA EMPREENDIMENTOS E SOLUCOES LTDA;EMFI;CONTA GARANTIDA;01/12/2025;156;BANCO SANTANDER (BRASIL) S.A.;CR;Não;Não;Não;Não;R$ 0,00;R$ 0,00;R$ 0,00;R$ 100.000,00;R$ 100.000,00;R$ 100.000,00;CONTA GARANTIDA | SANTANDER
1468;1;DINAMICA EMPREENDIMENTOS E SOLUCOES LTDA;NFSE;1600;01/12/2025;6;INSTITUTO FEDERAL DE EDUCAÇÃO, CIÊNCIA E TECNOLOGIA DO CEARÁ;CR;Não;Não;Não;Não;R$ 0,00;R$ 0,00;R$ 0,00;R$ 17.200,54;R$ 17.200,54;R$ 17.200,54;"6ª MEDIÇÃO - OBJETO: CONTRATAÇÃO DE SERVIÇO COMUM DE ENGENHARIA DE MANUTENÇÃO PREVENTIVA E CORRETIVA DAS SUBESTAÇÕES DO IFCE - GRUPO 02 - CAMPUS TAUÁ. ""SERVIÇO DE EXECUÇÃO PRENTIVA"""
1475;1;DINAMICA EMPREENDIMENTOS E SOLUCOES LTDA;REC;1;01/12/2025;159;SMN - STEEL MONTAGENS DO NORDESTE LTDA;CR;Não;Não;Não;Não;R$ 0,00;R$ 0,00;R$ 0,00;R$ 100.000,00;R$ 100.000,00;R$ 100.000,00;PAG. REF. A CONSTRUÇÃO DE DUAS UNIDADES UNIFAMILIAR
1459;1;DINAMICA EMPREENDIMENTOS E SOLUCOES LTDA;NFSE;1594;05/12/2025;6;INSTITUTO FEDERAL DE EDUCAÇÃO, CIÊNCIA E TECNOLOGIA DO CEARÁ;CR;Não;Não;Não;Não;R$ 0,00;R$ 0,00;R$ 0,00;R$ 161.409,67;R$ 161.409,67;R$ 161.409,67;REFERENTE A 8° MEDIÇÃO DO OBJETO: CONTRATAÇÃO DE EMPRESA PARA EXECUÇÃO DE OBRA PARA CONSTRUÇÃO DE UNIDADES DE ALIMENTAÇÃO NUTRICIONAL NO CAMPUS HORIZONTE DO IFCE NO SISTEMA CONSTRUTIVO STEEL FRAME. CONTRATO DE OBRA DE ENGENHARIA Nº 07/2025. PROCESSO Nº 23255.006679/2024-30.
1480;1;DINAMICA EMPREENDIMENTOS E SOLUCOES LTDA;NFSE;1595;08/12/2025;68;PREFEITURA MUNICIPAL DE VARZEA ALEGRE;CR;Não;Não;Não;Não;R$ 0,00;R$ 0,00;R$ 0,00;R$ 93.981,43;R$ 93.981,43;R$ 93.981,43;REFERENTE A 7° MEDIÇÃO DO OBJETO: CONTRATAÇÃO DE EMPRESA PARA EXECUÇÃO DAS OBRAS DE CONSTRUÇÃO DE UMA ESCOLA (ESPAÇO EDUCATIVO URBANO - 12 SALAS DE AULA) ATRAVÉS DA SECRETARIA DE EDUCAÇÃO DO MUNICÍPIO DE VÁRZEA ALEGRE-CE. CONTRATO Nº 2024.09.26.1 CONCORRÊNCIA Nº 2023.12.28.1 (15% RETENÇÃO ADM)
1462;1;DINAMICA EMPREENDIMENTOS E SOLUCOES LTDA;NFSE;1597;11/12/2025;158;COMPANHIA DE INTELIGENCIA URBANA E SERVICOS S/A;CR;Não;Não;Não;Não;R$ 0,00;R$ 0,00;R$ 211.945,12;R$ 0,00;R$ 211.945,12;R$ 211.945,12;REFERENTE A 02ª MEDIÇÃO DO OBJETO: CONTRATAÇÃO DE EMPRESA ESPECIALIZADA PARA EXECUÇÃO INTEGRAL DA OBRA DO CENTRO DE GESTÃO INTEGRADA  CGI, NO MUNICÍPIO DE TAUÁ/CE, EM SISTEMA CONSTRUTIVO STEEL FRAME. CONTRATO ADMINISTRATIVO Nº 001.09.2025/GEC/CONC/DIPRES-DEFIN. CONCORRENCIA Nº 001.09.2025/GEC/CONC. MATERIAL 40% - R$ 84.778,05. MÃO DE OBRA - 60%- R$ 127.167,07.
1463;1;DINAMICA EMPREENDIMENTOS E SOLUCOES LTDA;EMFI;CONTA GARANTIDA;11/12/2025;156;BANCO SANTANDER (BRASIL) S.A.;CR;Não;Não;Não;Não;R$ 0,00;R$ 0,00;R$ 0,00;R$ 50.000,00;R$ 50.000,00;R$ 50.000,00;CONTA GARANTIDA | SANTANDER
1479;1;DINAMICA EMPREENDIMENTOS E SOLUCOES LTDA;NFSE;1596;11/12/2025;86;MUNICIPIO DE ASSARÉ;CR;Não;Não;Não;Não;R$ 0,00;R$ 0,00;R$ 0,00;R$ 26.849,86;R$ 26.849,86;R$ 26.849,86;17ª MEDIÇÃO - OBJETO: CONTRATAÇÃO DE SERVIÇOS PARA EXECUÇÃO DAS OBRAS DE CONSTRUÇÃO DE UNIDADE ESCOLAR COM 12 SALAS DE AULA COM QUADRA POLIESPORTIVA COBERTA - MODELO FNDE, PARA ATENDER AS NECESSIDADES DA SECRETARIA MUNICIPAL DE EDUCAÇÃO DE ASSARÉ/CE. (18% RETENÇÃO)
1466;1;DINAMICA EMPREENDIMENTOS E SOLUCOES LTDA;NFSE;1598;15/12/2025;6;INSTITUTO FEDERAL DE EDUCAÇÃO, CIÊNCIA E TECNOLOGIA DO CEARÁ;CR;Não;Não;Não;Não;R$ 0,00;R$ 0,00;R$ 0,00;R$ 8.625,85;R$ 8.625,85;R$ 8.625,85;"3ª MEDIÇÃO - OBJETO: CONTRATAÇÃO DE SERVIÇO COMUM DE ENGENHARIA DE MANUTENÇÃO PREVENTIVA E CORRETIVA DAS SUBESTAÇÕES DO IFCE - GRUPO 04 - CAMPUS CEDRO. ""SERVIÇO DE EXECUÇÃO PRENTIVA"" CONTRATO Nº 32 / 2023."
1467;1;DINAMICA EMPREENDIMENTOS E SOLUCOES LTDA;NFSE;1599;15/12/2025;6;INSTITUTO FEDERAL DE EDUCAÇÃO, CIÊNCIA E TECNOLOGIA DO CEARÁ;CR;Não;Não;Não;Não;R$ 0,00;R$ 0,00;R$ 0,00;R$ 347,81;R$ 347,81;R$ 347,81;"MEDIÇÃO REFERENTE AO APOSTILAMENTO DO REAJUSTE CONTRATUAL - OBJETO: CONTRATAÇÃO DE SERVIÇO COMUM DE ENGENHARIA DE MANUTENÇÃO PREVENTIVA E CORRETIVA DAS SUBESTAÇÕES DO IFCE - GRUPO 04 - CAMPUS CEDRO. ""SERVIÇO DE EXECUÇÃO PRENTIVA"" CONTRATO Nº 32 / 2023. PROCESSO Nº 23255.001512/2023-00."
1469;1;DINAMICA EMPREENDIMENTOS E SOLUCOES LTDA;NFSE;1601;16/12/2025;6;INSTITUTO FEDERAL DE EDUCAÇÃO, CIÊNCIA E TECNOLOGIA DO CEARÁ;CR;Não;Não;Não;Não;R$ 0,00;R$ 0,00;R$ 0,00;R$ 693,56;R$ 693,56;R$ 693,56;"MEDIÇÃO REFERENTE AO APOSTILAMENTO DO REAJUSTE CONTRATUAL - OBJETO: CONTRATAÇÃO DE SERVIÇO COMUM DE ENGENHARIA DE MANUTENÇÃO PREVENTIVA E CORRETIVA DAS SUBESTAÇÕES DO IFCE - GRUPO 02 - CAMPUS TAUÁ. ""SERVIÇO DE EXECUÇÃO PRENTIVA"" CONTRATO Nº 32 / 2023. PROCESSO Nº 23255.001512/2023-00."
1470;1;DINAMICA EMPREENDIMENTOS E SOLUCOES LTDA;NFSE;1602;16/12/2025;6;INSTITUTO FEDERAL DE EDUCAÇÃO, CIÊNCIA E TECNOLOGIA DO CEARÁ;CR;Não;Não;Não;Não;R$ 0,00;R$ 0,00;R$ 0,00;R$ 35.487,35;R$ 35.487,35;R$ 35.487,35;"7ª MEDIÇÃO - OBJETO: CONTRATAÇÃO DE SERVIÇO COMUM DE ENGENHARIA DE MANUTENÇÃO CORRETIVA E PREVENTIVA DAS SUBESTAÇÕES DO IFCE - GRUPO 03 - CAMPUS TABULEIRO DO NORTE. ""SERVIÇO DE EXECUÇÃO CORRETIVA"" CONTRATO Nº 31 / 2023. PROCESSO Nº 23255.001512/2023-00. DADOS BANCÁRIOS: BANCO: (104) CAIXA ECONÔMICA FEDERAL AGÊNCIA: 1977. OPERAÇÃO: 003. CONTA: 3274-3."
1471;1;DINAMICA EMPREENDIMENTOS E SOLUCOES LTDA;NFSE;1603;16/12/2025;6;INSTITUTO FEDERAL DE EDUCAÇÃO, CIÊNCIA E TECNOLOGIA DO CEARÁ;CR;Não;Não;Não;Não;R$ 0,00;R$ 0,00;R$ 0,00;R$ 1.430,92;R$ 1.430,92;R$ 1.430,92;MEDIÇÃO REFERENTE AO APOSTILAMENTO DO REAJUSTE CONTRATUAL - OBJETO: CONTRATAÇÃO DE SERVIÇO COMUM DE ENGENHARIA DE MANUTENÇÃO PREVENTIVA DAS SUBESTAÇÕES DO IFCE - GRUPO 03 - CAMPUS TABULEIRO DO NORTE. CONTRATO Nº 29/2023. PROCESSO Nº 23255.001512/2023-00.
1472;1;DINAMICA EMPREENDIMENTOS E SOLUCOES LTDA;NFSE;1604;18/12/2025;6;INSTITUTO FEDERAL DE EDUCAÇÃO, CIÊNCIA E TECNOLOGIA DO CEARÁ;CR;Não;Não;Não;Não;R$ 0,00;R$ 0,00;R$ 0,00;R$ 468.656,45;R$ 468.656,45;R$ 468.656,45;REFERENTE A 7ª MEDIÇÃO DO OBJETO: CONTRATAÇÃO DE EMPRESA PARA EXECUÇÃO DE OBRA PARA CONSTRUÇÃO DE UNIDADES DE ALIMENTAÇÃO NUTRICIONAL NO CAMPUS CAMOCIM DO IFCE NO SISTEMA CONSTRUTIVO STEEL FRAME. CONTRATO DE OBRA DE ENGENHARIA Nº 11/2025. PROCESSO Nº 23255.000873/2025-92. VALOR 07ª MEDIÇÃO: R$ 423.719,01. VALOR 01ª MEDIÇÃO ADITIVO: R$ 44.937,44.
1473;1;DINAMICA EMPREENDIMENTOS E SOLUCOES LTDA;NFSE;1605;18/12/2025;6;INSTITUTO FEDERAL DE EDUCAÇÃO, CIÊNCIA E TECNOLOGIA DO CEARÁ;CR;Não;Não;Não;Não;R$ 0,00;R$ 0,00;R$ 0,00;R$ 353.610,03;R$ 353.610,03;R$ 353.610,03;REFERENTE A 7ª MEDIÇÃO DO OBJETO: CONTRATAÇÃO DE EMPRESA PARA EXECUÇÃO DE OBRA PARA CONSTRUÇÃO DE UNIDADES DE ALIMENTAÇÃO NUTRICIONAL NO CAMPUS TIANGUÁ DO IFCE NO SISTEMA CONSTRUTIVO STEEL FRAME. CONTRATO DE OBRA DE ENGENHARIA Nº 08/2025. PROCESSO Nº 23255.000868/2025-80.
1474;1;DINAMICA EMPREENDIMENTOS E SOLUCOES LTDA;NFSE;1606;18/12/2025;6;INSTITUTO FEDERAL DE EDUCAÇÃO, CIÊNCIA E TECNOLOGIA DO CEARÁ;CR;Não;Não;Não;Não;R$ 0,00;R$ 0,00;R$ 0,00;R$ 325.290,59;R$ 325.290,59;R$ 325.290,59;REFERENTE A 7ª MEDIÇÃO DO OBJETO: CONTRATAÇÃO DE EMPRESA PARA EXECUÇÃO DE OBRA PARA CONSTRUÇÃO DE UNIDADES DE ALIMENTAÇÃO NUTRICIONAL NO CAMPUS UBAJARA DO IFCE NO SISTEMA CONSTRUTIVO STEEL FRAME. CONTRATO DE OBRA DE ENGENHARIA Nº 09/2025.
1476;1;DINAMICA EMPREENDIMENTOS E SOLUCOES LTDA;NFSE;1608;26/12/2025;6;INSTITUTO FEDERAL DE EDUCAÇÃO, CIÊNCIA E TECNOLOGIA DO CEARÁ;CR;Não;Não;Não;Não;R$ 0,00;R$ 0,00;R$ 0,00;R$ 316.353,62;R$ 316.353,62;R$ 316.353,62;REFERENTE A 8° MEDIÇÃO DO OBJETO: CONTRATAÇÃO DE EMPRESA PARA EXECUÇÃO DE OBRA PARA CONSTRUÇÃO DE UNIDADES DE ALIMENTAÇÃO NUTRICIONAL NO CAMPUS PARACURU DO IFCE NO SISTEMA CONSTRUTIVO STEEL FRAME. CONTRATO DE OBRA DE ENGENHARIA Nº 13/2025. PROCESSO Nº 23255.000876/2025-26.
1477;1;DINAMICA EMPREENDIMENTOS E SOLUCOES LTDA;NFSE;1609;26/12/2025;6;INSTITUTO FEDERAL DE EDUCAÇÃO, CIÊNCIA E TECNOLOGIA DO CEARÁ;CR;Não;Não;Não;Não;R$ 0,00;R$ 0,00;R$ 0,00;R$ 463.060,47;R$ 463.060,47;R$ 463.060,47;REFERENTE A 8ª MEDIÇÃO DO OBJETO: CONTRATAÇÃO DE EMPRESA PARA EXECUÇÃO DE OBRA PARA CONSTRUÇÃO DE UNIDADES DE ALIMENTAÇÃO NUTRICIONAL NO CAMPUS MORADA NOVA DO IFCE NO SISTEMA CONSTRUTIVO STEEL FRAME. CONTRATO DE OBRA DE ENGENHARIA Nº 06/2025. PROCESSO Nº 23255.007479/2024-02.
1478;1;DINAMICA EMPREENDIMENTOS E SOLUCOES LTDA;NFSE;1610;30/12/2025;6;INSTITUTO FEDERAL DE EDUCAÇÃO, CIÊNCIA E TECNOLOGIA DO CEARÁ;CR;Não;Não;Não;Não;R$ 0,00;R$ 0,00;R$ 0,00;R$ 181.381,90;R$ 181.381,90;R$ 181.381,90;REFERENTE A 8ª MEDIÇÃO DO OBJETO: CONTRATAÇÃO DE EMPRESA PARA EXECUÇÃO DE OBRA PARA CONSTRUÇÃO DE UNIDADES DE ALIMENTAÇÃO NUTRICIONAL NO CAMPUS CAUCAIA DO IFCE NO SISTEMA CONSTRUTIVO STEEL FRAME. CONTRATO DE OBRA DE ENGENHARIA Nº 12/2025. PROCESSO Nº 23255.000875/2025-81.
1481;1;DINAMICA EMPREENDIMENTOS E SOLUCOES LTDA;EMFI;CTR 1356;01/01/2026;156;BANCO SANTANDER (BRASIL) S.A.;CR;Não;Não;Não;Não;R$ 0,00;R$ 0,00;R$ 0,00;R$ 150.000,00;R$ 150.000,00;R$ 150.000,00;CONTA GARANTIDA | CTR N° 1356
1482;1;DINAMICA EMPREENDIMENTOS E SOLUCOES LTDA;NFSE;1611;01/01/2026;96;DEPARTAMENTO DE POLICIA RODOVIÁRIA FEDERAL;CR;Não;Não;Não;Não;R$ 0,00;R$ 0,00;R$ 0,00;R$ 74.731,34;R$ 74.731,34;R$ 74.731,34;"REFERENTE A 22ª MEDIÇÃO DO OBJETO: CONSTRUÇÃO DA UNIDADE OPERACIONAL DA POLÍCIA RODOVIÁRIA FEDERAL EM POCINHOS / PB. VALOR MEDIDO R$ 74.731,34 (PREÇOS UNITÁRIOS DA PROPOSTA ORIGINAL R$ 67.209,94) E (R$ 7.521,40 CORREÇÃO MONETÁRIA). CONFORME TERMO DE APOSTILAMENTO 10 (11,1909%). CONTRATO Nº 78/2022. PROCESSO Nº 08650.037267/2022-23. ""Conforme art 114 da IN 2110/2022, não se aplica a retenção referente ao recolhimento de INSS na fonte: Art. 114. Não se aplica a retenção de que trata o art. 110 à contratação de serviços: II - por órgãos públicos da administração direta, autarquias e fundações de direito público, quando contratantes de obra de construção civil, reforma ou acréscimo, por meio de empreitada total, observado o disposto no inciso II do § 2º do art. 135."" DADOS BANCÁRIOS: BANCO: (104) CAIXA ECONÔMICA FEDERAL AGÊNCIA: 1977. OPERAÇÃO: 003. CONTA: 3274-3"
1483;1;DINAMICA EMPREENDIMENTOS E SOLUCOES LTDA;NFSE;1623;14/01/2026;6;INSTITUTO FEDERAL DE EDUCAÇÃO, CIÊNCIA E TECNOLOGIA DO CEARÁ;CR;Não;Não;Não;Não;R$ 0,00;R$ 0,00;R$ 0,00;R$ 354,16;R$ 354,16;R$ 354,16;MEDIÇÃO REFERENTE AO APOSTILAMENTO DO REAJUSTE CONTRATUAL - OBJETO: CONTRATAÇÃO DE SERVIÇO COMUM DE ENGENHARIA DE MANUTENÇÃO PREVENTIVA DAS SUBESTAÇÕES DO IFCE - GRUPO 02 - CAMPUS ACARAÚ. CONTRATO Nº 30/2023. PROCESSO Nº 23255.006588/2023-2017
1484;1;DINAMICA EMPREENDIMENTOS E SOLUCOES LTDA;NFSE;1615;14/01/2026;6;INSTITUTO FEDERAL DE EDUCAÇÃO, CIÊNCIA E TECNOLOGIA DO CEARÁ;CR;Não;Não;Não;Não;R$ 0,00;R$ 0,00;R$ 0,00;R$ 80,25;R$ 80,25;R$ 80,25;MEDIÇÃO REFERENTE AO APOSTILAMENTO DO REAJUSTE CONTRATUAL - OBJETO: CONTRATAÇÃO DE SERVIÇO COMUM DE ENGENHARIA DE MANUTENÇÃO PREVENTIVA DAS SUBESTAÇÕES DO IFCE - GRUPO 01 - CAMPUS PECÉM. CONTRATO Nº 29/2023. PROCESSO Nº 23255.001512/2023-00.
1485;1;DINAMICA EMPREENDIMENTOS E SOLUCOES LTDA;NFSE;1621;14/01/2026;6;INSTITUTO FEDERAL DE EDUCAÇÃO, CIÊNCIA E TECNOLOGIA DO CEARÁ;CR;Não;Não;Não;Não;R$ 0,00;R$ 0,00;R$ 0,00;R$ 731,59;R$ 731,59;R$ 731,59;MEDIÇÃO REFERENTE AO APOSTILAMENTO DO REAJUSTE CONTRATUAL - OBJETO: CONTRATAÇÃO DE SERVIÇO COMUM DE ENGENHARIA DE MANUTENÇÃO PREVENTIVA DAS SUBESTAÇÕES DO IFCE - GRUPO 02 - CAMPUS ACARAÚ. CONTRATO Nº 30/2023. PROCESSO Nº 23255.006588/2023-2017
1486;1;DINAMICA EMPREENDIMENTOS E SOLUCOES LTDA;NFSE;1614;14/01/2026;6;INSTITUTO FEDERAL DE EDUCAÇÃO, CIÊNCIA E TECNOLOGIA DO CEARÁ;CR;Não;Não;Não;Não;R$ 0,00;R$ 0,00;R$ 0,00;R$ 1.990,12;R$ 1.990,12;R$ 1.990,12;"10ª MEDIÇÃO - OBJETO: CONTRATAÇÃO DE SERVIÇO COMUM DE ENGENHARIA DE MANUTENÇÃO CORRETIVA E PREVENTIVA DAS SUBESTAÇÕES DO IFCE - GRUPO 01 - CAMPUS PECEM. ""SERVIÇO DE EXECUÇÃO CORRETIVA"" CONTRATO Nº 29 / 2023. PROCESSO Nº 23255.001512/2023-00."
1487;1;DINAMICA EMPREENDIMENTOS E SOLUCOES LTDA;NFSE;1616;14/01/2026;6;INSTITUTO FEDERAL DE EDUCAÇÃO, CIÊNCIA E TECNOLOGIA DO CEARÁ;CR;Não;Não;Não;Não;R$ 0,00;R$ 0,00;R$ 0,00;R$ 3.062,18;R$ 3.062,18;R$ 3.062,18;"8ª MEDIÇÃO - OBJETO: CONTRATAÇÃO DE SERVIÇO COMUM DE ENGENHARIA DE MANUTENÇÃO CORRETIVA E PREVENTIVA DAS SUBESTAÇÕES DO IFCE - GRUPO 03 - CAMPUS TABULEIRO DO NORTE. ""SERVIÇO DE EXECUÇÃO CORRETIVA"" CONTRATO Nº 31 / 2023. PROCESSO Nº 23255.001512/2023-00."
1488;1;DINAMICA EMPREENDIMENTOS E SOLUCOES LTDA;NFSE;1624;14/01/2026;6;INSTITUTO FEDERAL DE EDUCAÇÃO, CIÊNCIA E TECNOLOGIA DO CEARÁ;CR;Não;Não;Não;Não;R$ 0,00;R$ 0,00;R$ 0,00;R$ 123,47;R$ 123,47;R$ 123,47;MEDIÇÃO REFERENTE AO APOSTILAMENTO DO REAJUSTE CONTRATUAL - OBJETO: CONTRATAÇÃO DE SERVIÇO COMUM DE ENGENHARIA DE MANUTENÇÃO PREVENTIVA DAS SUBESTAÇÕES DO IFCE - GRUPO 03 - CAMPUS TABULEIRO DO NORTE. CONTRATO Nº 29/2023. PROCESSO Nº 23255.001512/2023-00.
1489;1;DINAMICA EMPREENDIMENTOS E SOLUCOES LTDA;NFSE;1618;14/01/2026;6;INSTITUTO FEDERAL DE EDUCAÇÃO, CIÊNCIA E TECNOLOGIA DO CEARÁ;CR;Não;Não;Não;Não;R$ 0,00;R$ 0,00;R$ 0,00;R$ 8.951,81;R$ 8.951,81;R$ 8.951,81;"6ª MEDIÇÃO - OBJETO: CONTRATAÇÃO DE SERVIÇO COMUM DE ENGENHARIA DE MANUTENÇÃO PREVENTIVA DAS SUBESTAÇÕES DO IFCE - GRUPO 02 - CAMPUS CANINDÉ. ""SERVIÇO DE EXECUÇÃO PREVENTIVA"" CONTRATO Nº 30 / 2023. PROCESSO Nº 23255.001512/2023-00."
1490;1;DINAMICA EMPREENDIMENTOS E SOLUCOES LTDA;NFSE;1620;14/01/2026;6;INSTITUTO FEDERAL DE EDUCAÇÃO, CIÊNCIA E TECNOLOGIA DO CEARÁ;CR;Não;Não;Não;Não;R$ 0,00;R$ 0,00;R$ 0,00;R$ 62.140,23;R$ 62.140,23;R$ 62.140,23;"02ª MEDIÇÃO - OBJETO: CONTRATAÇÃO DE SERVIÇO COMUM DE ENGENHARIA DE MANUTENÇÃO PREVENTIVA E CORRETIVA DAS SUBESTAÇÕES DO IFCE - GRUPO 02 - CAMPUS ACARAÚ. ""SERVIÇO DE EXECUÇÃO CORRETIVA"" CONTRATO Nº 30 / 2023. PROCESSO Nº 23255.001512/2023-00."
1491;1;DINAMICA EMPREENDIMENTOS E SOLUCOES LTDA;NFSE;1619;14/01/2026;6;INSTITUTO FEDERAL DE EDUCAÇÃO, CIÊNCIA E TECNOLOGIA DO CEARÁ;CR;Não;Não;Não;Não;R$ 0,00;R$ 0,00;R$ 0,00;R$ 360,95;R$ 360,95;R$ 360,95;MEDIÇÃO REFERENTE AO APOSTILAMENTO DO REAJUSTE CONTRATUAL - OBJETO: CONTRATAÇÃO DE SERVIÇO COMUM DE ENGENHARIA DE MANUTENÇÃO PREVENTIVA DAS SUBESTAÇÕES DO IFCE - GRUPO 02 - CAMPUS CANINDÉ. CONTRATO Nº 29/2023. PROCESSO Nº 23255.001512/2023-00.
1492;1;DINAMICA EMPREENDIMENTOS E SOLUCOES LTDA;NFSE;1622;14/01/2026;6;INSTITUTO FEDERAL DE EDUCAÇÃO, CIÊNCIA E TECNOLOGIA DO CEARÁ;CR;Não;Não;Não;Não;R$ 0,00;R$ 0,00;R$ 0,00;R$ 8.783,19;R$ 8.783,19;R$ 8.783,19;"03ª MEDIÇÃO - OBJETO: CONTRATAÇÃO DE SERVIÇO COMUM DE ENGENHARIA DE MANUTENÇÃO PREVENTIVA E CORRETIVA DAS SUBESTAÇÕES DO IFCE - GRUPO 02 - CAMPUS ACARAÚ. ""SERVIÇO DE EXECUÇÃO CORRETIVA"" CONTRATO Nº 30 / 2023. PROCESSO Nº 23255.006588/2023-2017"
1493;1;DINAMICA EMPREENDIMENTOS E SOLUCOES LTDA;NFSE;1625;14/01/2026;6;INSTITUTO FEDERAL DE EDUCAÇÃO, CIÊNCIA E TECNOLOGIA DO CEARÁ;CR;Não;Não;Não;Não;R$ 0,00;R$ 0,00;R$ 0,00;R$ 85.039,95;R$ 85.039,95;R$ 85.039,95;REFERENTE A 9° MEDIÇÃO DO OBJETO: CONTRATAÇÃO DE EMPRESA PARA EXECUÇÃO DE OBRA PARA CONSTRUÇÃO DE UNIDADES DE ALIMENTAÇÃO NUTRICIONAL NO CAMPUS HORIZONTE DO IFCE NO SISTEMA CONSTRUTIVO STEEL FRAME. CONTRATO DE OBRA DE ENGENHARIA Nº 07/2025. PROCESSO Nº 23255.006679/2024-30.
1495;1;DINAMICA EMPREENDIMENTOS E SOLUCOES LTDA;NFSE;1614.;14/01/2026;6;INSTITUTO FEDERAL DE EDUCAÇÃO, CIÊNCIA E TECNOLOGIA DO CEARÁ;CR;Não;Não;Não;Não;R$ 0,00;R$ 0,00;R$ 0,00;R$ 80,25;R$ 80,25;R$ 80,25;10ª MEDIÇÃO - OBJETO: CONTRATAÇÃO DE SERVIÇO COMUM DE ENGENHARIA DE MANUTENÇÃO CORRETIVA E PREVENTIVA DAS SUBESTAÇÕES DO IFCE - GRUPO 01 - CAMPUS PECEM. (FOI PAGO A MAIS ESSE O VALOR DE R$ 80,25)
1494;1;DINAMICA EMPREENDIMENTOS E SOLUCOES LTDA;NFSE;1626;19/01/2026;6;INSTITUTO FEDERAL DE EDUCAÇÃO, CIÊNCIA E TECNOLOGIA DO CEARÁ;CR;Não;Não;Não;Não;R$ 0,00;R$ 0,00;R$ 0,00;R$ 72.739,25;R$ 72.739,25;R$ 72.739,25;MEDIÇÃO REFERENTE AO APOSTILAMENTO DO REAJUSTE CONTRATUAL - OBJETO: CONTRATAÇÃO DE EMPRESA PARA EXECUÇÃO DE OBRA PARA CONSTRUÇÃO DE UNIDADES DE ALIMENTAÇÃO NUTRICIONAL NO CAMPUS HORIZONTE DO IFCE NO SISTEMA CONSTRUTIVO STEEL FRAME. CONTRATO DE OBRA DE ENGENHARIA Nº 07/2025. PROCESSO Nº 23255.006679/2024-30.
1496;1;DINAMICA EMPREENDIMENTOS E SOLUCOES LTDA;NFSE;1629;23/01/2026;6;INSTITUTO FEDERAL DE EDUCAÇÃO, CIÊNCIA E TECNOLOGIA DO CEARÁ;CR;Não;Não;Não;Não;R$ 0,00;R$ 0,00;R$ 0,00;R$ 411.961,02;R$ 411.961,02;R$ 411.961,02;REFERENTE A 8ª MEDIÇÃO DO OBJETO: CONTRATAÇÃO DE EMPRESA PARA EXECUÇÃO DE OBRA PARA CONSTRUÇÃO DE UNIDADES DE ALIMENTAÇÃO NUTRICIONAL NO CAMPUS UBAJARA DO IFCE NO SISTEMA CONSTRUTIVO STEEL FRAME. CONTRATO DE OBRA DE ENGENHARIA Nº 09/2025. PROCESSO Nº 23255.000870/2025-59.
1497;1;DINAMICA EMPREENDIMENTOS E SOLUCOES LTDA;NFSE;1630;23/01/2026;6;INSTITUTO FEDERAL DE EDUCAÇÃO, CIÊNCIA E TECNOLOGIA DO CEARÁ;CR;Não;Não;Não;Não;R$ 0,00;R$ 0,00;R$ 0,00;R$ 318.805,01;R$ 318.805,01;R$ 318.805,01;REFERENTE A 8ª MEDIÇÃO DO OBJETO: CONTRATAÇÃO DE EMPRESA PARA EXECUÇÃO DE OBRA PARA CONSTRUÇÃO DE UNIDADES DE ALIMENTAÇÃO NUTRICIONAL NO CAMPUS TIANGUÁ DO IFCE NO SISTEMA CONSTRUTIVO STEEL FRAME. CONTRATO DE OBRA DE ENGENHARIA Nº 08/2025. PROCESSO Nº 23255.000868/2025-80.
1498;1;DINAMICA EMPREENDIMENTOS E SOLUCOES LTDA;NFSE;1632;27/01/2026;6;INSTITUTO FEDERAL DE EDUCAÇÃO, CIÊNCIA E TECNOLOGIA DO CEARÁ;CR;Não;Não;Não;Não;R$ 0,00;R$ 0,00;R$ 0,00;R$ 84.859,21;R$ 84.859,21;R$ 84.859,21;REFERENTE A 8ª MEDIÇÃO DO OBJETO: CONTRATAÇÃO DE EMPRESA PARA EXECUÇÃO DE OBRA PARA CONSTRUÇÃO DE UNIDADES DE ALIMENTAÇÃO NUTRICIONAL NO CAMPUS CAMOCIM DO IFCE NO SISTEMA CONSTRUTIVO STEEL FRAME. CONTRATO DE OBRA DE ENGENHARIA Nº 11/2025. PROCESSO Nº 23255.000873/2025-92. VALOR 08ª MEDIÇÃO: R$ 79.383,06. VALOR 02ª MEDIÇÃO ADITIVO: R$ 5.476,15.
1499;1;DINAMICA EMPREENDIMENTOS E SOLUCOES LTDA;NFSE;1633;27/01/2026;15;INSTITUTO FEDERAL DE EDUCAÇÃO, CIÊNCIA E TECNOLOGIA DO CEARÁ;CR;Não;Não;Não;Não;R$ 0,00;R$ 0,00;R$ 0,00;R$ 232.120,71;R$ 232.120,71;R$ 232.120,71;REFERENTE A 3° MEDIÇÃO DO OBJETO: CONTRATAÇÃO DE EMPRESA PARA EXECUÇÃO DE OBRA PARA CONSTRUÇÃO DE UNIDADES DE ALIMENTAÇÃO NUTRICIONAL NO CAMPUS BATURITÉ DO IFCE NO SISTEMA CONSTRUTIVO STEEL FRAME. CONTRATO DE OBRA DE ENGENHARIA Nº 10/2025. PROCESSO Nº 23255.000872/2025-48.
1500;1;DINAMICA EMPREENDIMENTOS E SOLUCOES LTDA;NFSE;1634;27/01/2026;15;INSTITUTO FEDERAL DE EDUCAÇÃO, CIÊNCIA E TECNOLOGIA DO CEARÁ;CR;Não;Não;Não;Não;R$ 0,00;R$ 0,00;R$ 0,00;R$ 17.221,96;R$ 17.221,96;R$ 17.221,96;MEDIÇÃO REFERENTE AO APOSTILAMENTO DO REAJUSTE CONTRATUAL - OBJETO: CONTRATAÇÃO DE EMPRESA PARA EXECUÇÃO DE OBRA PARA CONSTRUÇÃO DE UNIDADES DE ALIMENTAÇÃO NUTRICIONAL NO CAMPUS BATURITÉ DO IFCE NO SISTEMA CONSTRUTIVO STEEL FRAME. CONTRATO DE OBRA DE ENGENHARIA Nº 10/2025. PROCESSO Nº 23255.000872/2025-48.
1501;1;DINAMICA EMPREENDIMENTOS E SOLUCOES LTDA;NFSE;1636;28/01/2026;68;PREFEITURA MUNICIPAL DE VARZEA ALEGRE;CR;Não;Não;Não;Não;R$ 0,00;R$ 0,00;R$ 0,00;R$ 675.101,48;R$ 675.101,48;R$ 675.101,48;REFERENTE A 8° MEDIÇÃO DO OBJETO: CONTRATAÇÃO DE EMPRESA PARA EXECUÇÃO DAS OBRAS DE CONSTRUÇÃO DE UMA ESCOLA (ESPAÇO EDUCATIVO URBANO - 12 SALAS DE AULA) ATRAVÉS DA SECRETARIA DE EDUCAÇÃO DO MUNICÍPIO DE VÁRZEA ALEGRE-CE. CONTRATO Nº 2024.09.26.1 CONCORRÊNCIA Nº 2023.12.28.1
1502;1;DINAMICA EMPREENDIMENTOS E SOLUCOES LTDA;NFSE;1637;28/01/2026;68;PREFEITURA MUNICIPAL DE VARZEA ALEGRE;CR;Não;Não;Não;Não;R$ 0,00;R$ 0,00;R$ 0,00;R$ 327.731,20;R$ 327.731,20;R$ 327.731,20;REFERENTE A 8° MEDIÇÃO DO OBJETO: CONTRATAÇÃO DE EMPRESA PARA EXECUÇÃO DAS OBRAS DE CONSTRUÇÃO DE UMA ESCOLA (ESPAÇO EDUCATIVO URBANO - 12 SALAS DE AULA) ATRAVÉS DA SECRETARIA DE EDUCAÇÃO DO MUNICÍPIO DE VÁRZEA ALEGRE-CE. CONTRATO Nº 2024.09.26.1 CONCORRÊNCIA Nº 2023.12.28.1
1503;1;DINAMICA EMPREENDIMENTOS E SOLUCOES LTDA;NFSE;1638;29/01/2026;6;INSTITUTO FEDERAL DE EDUCAÇÃO, CIÊNCIA E TECNOLOGIA DO CEARÁ;CR;Não;Não;Não;Não;R$ 0,00;R$ 0,00;R$ 0,00;R$ 83.753,35;R$ 83.753,35;R$ 83.753,35;REFERENTE A 9° MEDIÇÃO DO OBJETO: CONTRATAÇÃO DE EMPRESA PARA EXECUÇÃO DE OBRA PARA CONSTRUÇÃO DE UNIDADES DE ALIMENTAÇÃO NUTRICIONAL NO CAMPUS PARACURU DO IFCE NO SISTEMA CONSTRUTIVO STEEL FRAME. CONTRATO DE OBRA DE ENGENHARIA Nº 13/2025. PROCESSO Nº 23255.000876/2025-26.
1517;1;DINAMICA EMPREENDIMENTOS E SOLUCOES LTDA;NFSE;1639;29/01/2026;6;INSTITUTO FEDERAL DE EDUCAÇÃO, CIÊNCIA E TECNOLOGIA DO CEARÁ;CR;Não;Não;Não;Não;R$ 0,00;R$ 0,00;R$ 0,00;R$ 88.274,87;R$ 88.274,87;R$ 88.274,87;MEDIÇÃO REFERENTE AO APOSTILAMENTO DO REAJUSTE CONTRATUAL - OBJETO: CONTRATAÇÃO DE EMPRESA PARA EXECUÇÃO DE OBRA PARA CONSTRUÇÃO DE UNIDADES DE ALIMENTAÇÃO NUTRICIONAL NO CAMPUS PARACURU DO IFCE NO SISTEMA CONSTRUTIVO STEEL FRAME. CONTRATO DE OBRA DE ENGENHARIA Nº 13/2025. PROCESSO Nº 23255.000876/2025-26.
1504;1;DINAMICA EMPREENDIMENTOS E SOLUCOES LTDA;NFSE;1645;30/01/2026;93;UNIVERSIDADE DA INTEGRACAO INTERNACIONAL DA LUSOFONIA AFRO-BRASILEIRA - UNILAB;CR;Não;Não;Não;Não;R$ 0,00;R$ 0,00;R$ 0,00;R$ 10.355,12;R$ 10.355,12;R$ 10.355,12;REFERENTE A 19ª MEDIÇÃO DO OBJETO: CONTRATAÇÃO DE SERVIÇOS COMUNS DE ENGENHARIA DE EMPRESA ESPECIALIZADA PARA A OBRA DE CONSTRUÇÃO DOS BLOCOS ANEXOS DO CAMPUS DOS MALÊS. PERÍODO DE 01/09/2025 À 30/09/2025. CONTRATO Nº 16/2023. PROCESSO Nº 23804.000809/2023-86.
1505;1;DINAMICA EMPREENDIMENTOS E SOLUCOES LTDA;NFSE;1646;30/01/2026;93;UNIVERSIDADE DA INTEGRACAO INTERNACIONAL DA LUSOFONIA AFRO-BRASILEIRA - UNILAB;CR;Não;Não;Não;Não;R$ 0,00;R$ 0,00;R$ 0,00;R$ 25.537,33;R$ 25.537,33;R$ 25.537,33;REFERENTE A 20ª MEDIÇÃO DO OBJETO: CONTRATAÇÃO DE SERVIÇOS COMUNS DE ENGENHARIA DE EMPRESA ESPECIALIZADA PARA A OBRA DE CONSTRUÇÃO DOS BLOCOS ANEXOS DO CAMPUS DOS MALÊS. PERÍODO DE 01/10/2025 À 31/10/2025. CONTRATO Nº 16/2023. PROCESSO Nº 23804.000809/2023-86.
1506;1;DINAMICA EMPREENDIMENTOS E SOLUCOES LTDA;NFSE;1647;30/01/2026;93;UNIVERSIDADE DA INTEGRACAO INTERNACIONAL DA LUSOFONIA AFRO-BRASILEIRA - UNILAB;CR;Não;Não;Não;Não;R$ 0,00;R$ 0,00;R$ 0,00;R$ 58.100,27;R$ 58.100,27;R$ 58.100,27;REFERENTE A 21ª MEDIÇÃO DO OBJETO: CONTRATAÇÃO DE SERVIÇOS COMUNS DE ENGENHARIA DE EMPRESA ESPECIALIZADA PARA A OBRA DE CONSTRUÇÃO DOS BLOCOS ANEXOS DO CAMPUS DOS MALÊS. PERÍODO DE 01/11/2025 À 30/11/2025. CONTRATO Nº 16/2023. PROCESSO Nº 23804.000809/2023-86.
1507;1;DINAMICA EMPREENDIMENTOS E SOLUCOES LTDA;NFSE;1648;30/01/2026;93;UNIVERSIDADE DA INTEGRACAO INTERNACIONAL DA LUSOFONIA AFRO-BRASILEIRA - UNILAB;CR;Não;Não;Não;Não;R$ 0,00;R$ 0,00;R$ 0,00;R$ 231.153,54;R$ 231.153,54;R$ 231.153,54;REFERENTE A 22ª MEDIÇÃO DO OBJETO: CONTRATAÇÃO DE SERVIÇOS COMUNS DE ENGENHARIA DE EMPRESA ESPECIALIZADA PARA A OBRA DE CONSTRUÇÃO DOS BLOCOS ANEXOS DO CAMPUS DOS MALÊS. PERÍODO DE 01/12/2025 À 31/12/2025. CONTRATO Nº 16/2023. PROCESSO Nº 23804.000809/2023-86.
1518;1;DINAMICA EMPREENDIMENTOS E SOLUCOES LTDA;NFSE;1644;30/01/2026;6;INSTITUTO FEDERAL DE EDUCAÇÃO, CIÊNCIA E TECNOLOGIA DO CEARÁ;CR;Não;Não;Não;Não;R$ 0,00;R$ 0,00;R$ 0,00;R$ 35.972,24;R$ 35.972,24;R$ 35.972,24;REFERENTE A 9ª MEDIÇÃO DO OBJETO: CONTRATAÇÃO DE EMPRESA PARA EXECUÇÃO DE OBRA PARA CONSTRUÇÃO DE UNIDADES DE ALIMENTAÇÃO NUTRICIONAL NO CAMPUS CAUCAIA DO IFCE NO SISTEMA CONSTRUTIVO STEEL FRAME. CONTRATO DE OBRA DE ENGENHARIA Nº 12/2025. PROCESSO Nº 23255.000875/2025-81.
1508;1;DINAMICA EMPREENDIMENTOS E SOLUCOES LTDA;NFSE;1651;04/02/2026;6;INSTITUTO FEDERAL DE EDUCAÇÃO, CIÊNCIA E TECNOLOGIA DO CEARÁ;CR;Não;Não;Não;Não;R$ 0,00;R$ 0,00;R$ 0,00;R$ 99.559,17;R$ 99.559,17;R$ 99.559,17;MEDIÇÃO REFERENTE AO APOSTILAMENTO DO REAJUSTE CONTRATUAL - OBJETO: CONTRATAÇÃO DE EMPRESA PARA EXECUÇÃO DE OBRA PARA CONSTRUÇÃO DE UNIDADES DE ALIMENTAÇÃO NUTRICIONAL NO CAMPUS CAUCAIA DO IFCE NO SISTEMA CONSTRUTIVO STEEL FRAME. REAJUSTE DA 05ª A 09ª MEDIÇÃO CONTRATO DE OBRA DE ENGENHARIA Nº 12/2025. PROCESSO Nº 23255.000875/2025-81
1509;1;DINAMICA EMPREENDIMENTOS E SOLUCOES LTDA;NFSE;1653;04/02/2026;6;INSTITUTO FEDERAL DE EDUCAÇÃO, CIÊNCIA E TECNOLOGIA DO CEARÁ;CR;Não;Não;Não;Não;R$ 0,00;R$ 0,00;R$ 0,00;R$ 1.400,25;R$ 1.400,25;R$ 1.400,25;MEDIÇÃO REFERENTE AO APOSTILAMENTO DO REAJUSTE 09ª MEDIÇÃO CONTRATUAL - OBJETO: CONTRATAÇÃO DE SERVIÇO COMUM DE ENGENHARIA DE MANUTENÇÃO PREVENTIVA DAS SUBESTAÇÕES DO IFCE - GRUPO 03 - CAMPUS QUIXADÁ. CONTRATO Nº 29/2023. PROCESSO Nº 23255.001512/2023-00.
1510;1;DINAMICA EMPREENDIMENTOS E SOLUCOES LTDA;NFSE;1652;04/02/2026;6;INSTITUTO FEDERAL DE EDUCAÇÃO, CIÊNCIA E TECNOLOGIA DO CEARÁ;CR;Não;Não;Não;Não;R$ 0,00;R$ 0,00;R$ 0,00;R$ 34.726,76;R$ 34.726,76;R$ 34.726,76;"9ª MEDIÇÃO - OBJETO: CONTRATAÇÃO DE SERVIÇO COMUM DE ENGENHARIA DE MANUTENÇÃO PREVENTIVA DAS SUBESTAÇÕES DO IFCE - GRUPO 03 - CAMPUS QUIXADÁ. ""SERVIÇO DE EXECUÇÃO PREVENTIVA."" CONTRATO Nº 31 / 2023."
1511;1;DINAMICA EMPREENDIMENTOS E SOLUCOES LTDA;NFSE;1654;04/02/2026;6;INSTITUTO FEDERAL DE EDUCAÇÃO, CIÊNCIA E TECNOLOGIA DO CEARÁ;CR;Não;Não;Não;Não;R$ 0,00;R$ 0,00;R$ 0,00;R$ 2.318,58;R$ 2.318,58;R$ 2.318,58;"05ª MEDIÇÃO - OBJETO: CONTRATAÇÃO DE SERVIÇO COMUM DE ENGENHARIA DE MANUTENÇÃO CORRETIVA E PREVENTIVA DAS SUBESTAÇÕES DO IFCE - CAMPUS REITORIA. ""SERVIÇO DE EXECUÇÃO PREVENTIVA"""
1512;1;DINAMICA EMPREENDIMENTOS E SOLUCOES LTDA;NFSE;1655;04/02/2026;6;INSTITUTO FEDERAL DE EDUCAÇÃO, CIÊNCIA E TECNOLOGIA DO CEARÁ;CR;Não;Não;Não;Não;R$ 0,00;R$ 0,00;R$ 0,00;R$ 93,49;R$ 93,49;R$ 93,49;MEDIÇÃO REFERENTE AO APOSTILAMENTO DO REAJUSTE DA 05ª MEDIÇÃO CONTRATUAL - OBJETO: CONTRATAÇÃO DE SERVIÇO COMUM DE ENGENHARIA DE MANUTENÇÃO PREVENTIVA DAS SUBESTAÇÕES DO IFCE - CAMPUS REITORIA. CONTRATO Nº 29/2023. PROCESSO Nº 23255.001512/2023-00.
1513;1;DINAMICA EMPREENDIMENTOS E SOLUCOES LTDA;NFSE;1650;04/02/2026;6;INSTITUTO FEDERAL DE EDUCAÇÃO, CIÊNCIA E TECNOLOGIA DO CEARÁ;CR;Não;Não;Não;Não;R$ 0,00;R$ 0,00;R$ 0,00;R$ 117.429,90;R$ 117.429,90;R$ 117.429,90;MEDIÇÃO REFERENTE AO APOSTILAMENTO DO REAJUSTE CONTRATUAL - OBJETO: CONTRATAÇÃO DE EMPRESA PARA EXECUÇÃO DE OBRA PARA CONSTRUÇÃO DE UNIDADES DE ALIMENTAÇÃO NUTRICIONAL NO CAMPUS CAMOCIM DO IFCE NO SISTEMA CONSTRUTIVO STEEL FRAME. REAJUSTE DA 03ª A 08ª MEDIÇÃO CONTRATO DE OBRA DE ENGENHARIA Nº 11/2025. PROCESSO Nº 23255.000873/2025-92.
1514;1;DINAMICA EMPREENDIMENTOS E SOLUCOES LTDA;NFSE;1657;04/02/2026;6;INSTITUTO FEDERAL DE EDUCAÇÃO, CIÊNCIA E TECNOLOGIA DO CEARÁ;CR;Não;Não;Não;Não;R$ 0,00;R$ 0,00;R$ 0,00;R$ 65,15;R$ 65,15;R$ 65,15;MEDIÇÃO REFERENTE AO APOSTILAMENTO DO REAJUSTE DA 09ª MEDIÇÃO CONTRATUAL - OBJETO: CONTRATAÇÃO DE SERVIÇO COMUM DE ENGENHARIA DE MANUTENÇÃO PREVENTIVA DAS SUBESTAÇÕES DO IFCE - GRUPO 01 - CAMPUS CAUCAIA. CONTRATO Nº 29/2023. PROCESSO Nº 23255.001512/2023-00.
1515;1;DINAMICA EMPREENDIMENTOS E SOLUCOES LTDA;NFSE;1656;04/02/2026;6;INSTITUTO FEDERAL DE EDUCAÇÃO, CIÊNCIA E TECNOLOGIA DO CEARÁ;CR;Não;Não;Não;Não;R$ 0,00;R$ 0,00;R$ 0,00;R$ 1.615,62;R$ 1.615,62;R$ 1.615,62;"9ª MEDIÇÃO - OBJETO: CONTRATAÇÃO DE SERVIÇO COMUM DE ENGENHARIA DE MANUTENÇÃO CORRETIVA E EMERGENCIAL DAS SUBESTAÇÕES DO IFCE - GRUPO 01 - CAMPUS CAUCAIA. ""SERVIÇO DE EXECUÇÃO EMERGENCIAL"" CONTRATO Nº 29 / 2023. PROCESSO Nº 23255.001512/2023-00."
1516;1;DINAMICA EMPREENDIMENTOS E SOLUCOES LTDA;NFSE;1649;04/02/2026;96;DEPARTAMENTO DE POLICIA RODOVIÁRIA FEDERAL;CR;Não;Não;Não;Não;R$ 0,00;R$ 0,00;R$ 0,00;R$ 36.970,42;R$ 36.970,42;R$ 36.970,42;REFERENTE A 23ª MEDIÇÃO DO OBJETO: CONSTRUÇÃO DA UNIDADE OPERACIONAL DA POLÍCIA RODOVIÁRIA FEDERAL EM POCINHOS / PB. VALOR MEDIDO R$ 36.970,42 (PREÇOS UNITÁRIOS DA PROPOSTA ORIGINAL R$ 33.249,50 E CORREÇÃO MONETÁRIA R$ 3.720,92). CONFORME TERMO DE APOSTILAMENTO 10 (11,1909%). CONTRATO Nº 78/2022. PROCESSO Nº 08650.037267/2022-23.
1519;1;DINAMICA EMPREENDIMENTOS E SOLUCOES LTDA;NFSE;1658;13/02/2026;6;INSTITUTO FEDERAL DE EDUCAÇÃO, CIÊNCIA E TECNOLOGIA DO CEARÁ;CR;Não;Não;Não;Não;R$ 0,00;R$ 0,00;R$ 0,00;R$ 41.232,40;R$ 41.232,40;R$ 41.232,40;REFERENTE A 10ª MEDIÇÃO DO OBJETO: CONTRATAÇÃO DE EMPRESA PARA EXECUÇÃO DE OBRA PARA CONSTRUÇÃO DE UNIDADES DE ALIMENTAÇÃO NUTRICIONAL NO CAMPUS HORIZONTE DO IFCE NO SISTEMA CONSTRUTIVO STEEL FRAME. CONTRATO DE OBRA DE ENGENHARIA Nº 07/2025. PROCESSO Nº 23255.006679/2024-30.
1520;1;DINAMICA EMPREENDIMENTOS E SOLUCOES LTDA;NFSE;1660;19/02/2026;6;INSTITUTO FEDERAL DE EDUCAÇÃO, CIÊNCIA E TECNOLOGIA DO CEARÁ;CR;Não;Não;Não;Não;R$ 0,00;R$ 0,00;R$ 0,00;R$ 17.743,12;R$ 17.743,12;R$ 17.743,12;"10ª MEDIÇÃO - OBJETO: CONTRATAÇÃO DE SERVIÇO COMUM DE ENGENHARIA DE MANUTENÇÃO CORRETIVA E EMERGENCIAL DAS SUBESTAÇÕES DO IFCE - GRUPO 01 - CAMPUS CAUCAIA. ""SERVIÇO DE EXECUÇÃO PREVENTIVA"" CONTRATO Nº 29 / 2023. PROCESSO Nº 23255.001512/2023-00."
1521;1;DINAMICA EMPREENDIMENTOS E SOLUCOES LTDA;NFSE;1661;19/02/2026;6;INSTITUTO FEDERAL DE EDUCAÇÃO, CIÊNCIA E TECNOLOGIA DO CEARÁ;CR;Não;Não;Não;Não;R$ 0,00;R$ 0,00;R$ 0,00;R$ 715,44;R$ 715,44;R$ 715,44;MEDIÇÃO REFERENTE AO APOSTILAMENTO DO REAJUSTE CONTRATUAL - OBJETO: CONTRATAÇÃO DE SERVIÇO COMUM DE ENGENHARIA DE MANUTENÇÃO PREVENTIVA DAS SUBESTAÇÕES DO IFCE - GRUPO 01 - CAMPUS CAUCAIA. CONTRATO Nº 29/2023. PROCESSO Nº 23255.001512/2023-00.
1522;1;DINAMICA EMPREENDIMENTOS E SOLUCOES LTDA;NFSE;1662;19/02/2026;6;INSTITUTO FEDERAL DE EDUCAÇÃO, CIÊNCIA E TECNOLOGIA DO CEARÁ;CR;Não;Não;Não;Não;R$ 0,00;R$ 0,00;R$ 0,00;R$ 17.402,53;R$ 17.402,53;R$ 17.402,53;"7ª MEDIÇÃO - OBJETO: CONTRATAÇÃO DE SERVIÇO COMUM DE ENGENHARIA DE MANUTENÇÃO CORRETIVA DAS SUBESTAÇÕES DO IFCE - GRUPO 01 - CAMPUS UMIRIM. ""SERVIÇO DE EXECUÇÃO PREVENTIVA"" CONTRATO Nº 29 / 2023. PROCESSO Nº 23255.001512/2023-00"
1531;1;DINAMICA EMPREENDIMENTOS E SOLUCOES LTDA;NFSE;1659;19/02/2026;6;INSTITUTO FEDERAL DE EDUCAÇÃO, CIÊNCIA E TECNOLOGIA DO CEARÁ;CR;Não;Não;Não;Não;R$ 0,00;R$ 0,00;R$ 0,00;R$ 92.429,10;R$ 92.429,10;R$ 92.429,10;REFERENTE A 9ª MEDIÇÃO DO OBJETO: CONTRATAÇÃO DE EMPRESA PARA EXECUÇÃO DE OBRA PARA CONSTRUÇÃO DE UNIDADES DE ALIMENTAÇÃO NUTRICIONAL NO CAMPUS MORADA NOVA DO IFCE NO SISTEMA CONSTRUTIVO STEEL FRAME. CONTRATO DE OBRA DE ENGENHARIA No 06/2025. PROCESSO No 23255.007479/2024-02.
1523;1;DINAMICA EMPREENDIMENTOS E SOLUCOES LTDA;NFSE;1666;20/02/2026;6;INSTITUTO FEDERAL DE EDUCAÇÃO, CIÊNCIA E TECNOLOGIA DO CEARÁ;CR;Não;Não;Não;Não;R$ 0,00;R$ 0,00;R$ 0,00;R$ 701,70;R$ 701,70;R$ 701,70;MEDIÇÃO REFERENTE AO APOSTILAMENTO DO REAJUSTE CONTRATUAL - OBJETO: CONTRATAÇÃO DE SERVIÇO COMUM DE ENGENHARIA DE MANUTENÇÃO PREVENTIVA DAS SUBESTAÇÕES DO IFCE - GRUPO 01 - CAMPUS UMIRIM. CONTRATO Nº 29/2023. PROCESSO Nº 23255.001512/2023-00.
1524;1;DINAMICA EMPREENDIMENTOS E SOLUCOES LTDA;NFSE;1667;20/02/2026;6;INSTITUTO FEDERAL DE EDUCAÇÃO, CIÊNCIA E TECNOLOGIA DO CEARÁ;CR;Não;Não;Não;Não;R$ 0,00;R$ 0,00;R$ 0,00;R$ 1.602,72;R$ 1.602,72;R$ 1.602,72;"11ª MEDIÇÃO - OBJETO: CONTRATAÇÃO DE SERVIÇO COMUM DE ENGENHARIA DE MANUTENÇÃO CORRETIVA E EMERGENCIAL DAS SUBESTAÇÕES DO IFCE - GRUPO 01 - CAMPUS CAUCAIA. ""SERVIÇO DE EXECUÇÃO EMERGENCIAL"" CONTRATO Nº 29 / 2023. PROCESSO Nº 23255.001512/2023-00."
1525;1;DINAMICA EMPREENDIMENTOS E SOLUCOES LTDA;NFSE;1668;20/02/2026;6;INSTITUTO FEDERAL DE EDUCAÇÃO, CIÊNCIA E TECNOLOGIA DO CEARÁ;CR;Não;Não;Não;Não;R$ 0,00;R$ 0,00;R$ 0,00;R$ 64,62;R$ 64,62;R$ 64,62;MEDIÇÃO REFERENTE AO APOSTILAMENTO DO REAJUSTE CONTRATUAL - OBJETO: CONTRATAÇÃO DE SERVIÇO COMUM DE ENGENHARIA DE MANUTENÇÃO EMERGENCIAL DAS SUBESTAÇÕES DO IFCE - GRUPO 01 - CAMPUS CAUCAIA. CONTRATO Nº 29/2023. PROCESSO Nº 23255.001512/2023-00.
1526;1;DINAMICA EMPREENDIMENTOS E SOLUCOES LTDA;NFSE;1669;20/02/2026;6;INSTITUTO FEDERAL DE EDUCAÇÃO, CIÊNCIA E TECNOLOGIA DO CEARÁ;CR;Não;Não;Não;Não;R$ 0,00;R$ 0,00;R$ 0,00;R$ 4.569,08;R$ 4.569,08;R$ 4.569,08;"12ª MEDIÇÃO - OBJETO: CONTRATAÇÃO DE SERVIÇO COMUM DE ENGENHARIA DE MANUTENÇÃO CORRETIVA E EMERGENCIAL DAS SUBESTAÇÕES DO IFCE - GRUPO 01 - CAMPUS CAUCAIA. ""SERVIÇO DE EXECUÇÃO CORRETIVA"" CONTRATO Nº 29 / 2023. PROCESSO Nº 23255.001512/2023-00"
1527;1;DINAMICA EMPREENDIMENTOS E SOLUCOES LTDA;NFSE;1670;20/02/2026;6;INSTITUTO FEDERAL DE EDUCAÇÃO, CIÊNCIA E TECNOLOGIA DO CEARÁ;CR;Não;Não;Não;Não;R$ 0,00;R$ 0,00;R$ 0,00;R$ 184,23;R$ 184,23;R$ 184,23;MEDIÇÃO REFERENTE AO APOSTILAMENTO DO REAJUSTE CONTRATUAL - OBJETO: CONTRATAÇÃO DE SERVIÇO COMUM DE ENGENHARIA DE MANUTENÇÃO CORRETIVA DAS SUBESTAÇÕES DO IFCE - GRUPO 01 - CAMPUS CAUCAIA. CONTRATO Nº 29/2023. PROCESSO Nº 23255.001512/2023-00.
1551;1;DINAMICA EMPREENDIMENTOS E SOLUCOES LTDA;NFSE;1701;23/02/2026;6;INSTITUTO FEDERAL DE EDUCAÇÃO, CIÊNCIA E TECNOLOGIA DO CEARÁ;CR;Não;Não;Não;Não;R$ 0,00;R$ 0,00;R$ 0,00;R$ 8.699,01;R$ 8.699,01;R$ 8.699,01;"6ª MEDIÇÃO - OBJETO: CONTRATAÇÃO DE SERVIÇO COMUM DE ENGENHARIA DE MANUTENÇÃO PREVENTIVA DAS SUBESTAÇÕES DO IFCEGRUPO 02 - CAMPUS CRATEÚS. ""SERVIÇO DE EXECUÇÃO PREVENTIVA"" CONTRATO Nº 30 / 2023. PROCESSO Nº 23255.001512/2023-00. DADOS BANCÁRIOS: BANCO: (104) CAIXA ECONÔMICA FEDERAL AGÊNCIA: 1977. OPERAÇÃO: 003. CONTA: 3274-3."
1552;1;DINAMICA EMPREENDIMENTOS E SOLUCOES LTDA;NFSE;1702;23/02/2026;6;INSTITUTO FEDERAL DE EDUCAÇÃO, CIÊNCIA E TECNOLOGIA DO CEARÁ;CR;Não;Não;Não;Não;R$ 0,00;R$ 0,00;R$ 0,00;R$ 350,76;R$ 350,76;R$ 350,76;MEDIÇÃO REFERENTE AO APOSTILAMENTO DO REAJUSTE CONTRATUAL - OBJETO: CONTRATAÇÃO DE SERVIÇO COMUM DE ENGENHARIA DE MANUTENÇÃO PREVENTIVA DAS SUBESTAÇÕES DO IFCE - GRUPO 02 - CAMPUS CRATEUS. CONTRATO Nº 29/2023. PROCESSO Nº 23255.001512/2023-00. DADOS BANCÁRIOS: BANCO: (104) CAIXA ECONÔMICA FEDERAL AGÊNCIA: 1977. OPERAÇÃO: 003. CONTA: 3274-3.
1528;1;DINAMICA EMPREENDIMENTOS E SOLUCOES LTDA;NFSE;1671;24/02/2026;6;INSTITUTO FEDERAL DE EDUCAÇÃO, CIÊNCIA E TECNOLOGIA DO CEARÁ;CR;Não;Não;Não;Não;R$ 0,00;R$ 0,00;R$ 0,00;R$ 3.059,20;R$ 3.059,20;R$ 3.059,20;MEDIÇÃO REFERENTE AO APOSTILAMENTO DO REAJUSTE CONTRATUAL - OBJETO: CONTRATAÇÃO DE EMPRESA PARA EXECUÇÃO DE OBRA PARA CONSTRUÇÃO DE UNIDADES DE ALIMENTAÇÃO NUTRICIONAL NO CAMPUS HORIZONTE DO IFCE NO SISTEMA CONSTRUTIVO STEEL FRAME. CONTRATO DE OBRA DE ENGENHARIA Nº 07/2025. PROCESSO Nº 23255.006679/2024-30.
1529;1;DINAMICA EMPREENDIMENTOS E SOLUCOES LTDA;NFSE;1672;24/02/2026;6;INSTITUTO FEDERAL DE EDUCAÇÃO, CIÊNCIA E TECNOLOGIA DO CEARÁ;CR;Não;Não;Não;Não;R$ 0,00;R$ 0,00;R$ 0,00;R$ 48.127,57;R$ 48.127,57;R$ 48.127,57;REFERENTE A 10° MEDIÇÃO DO OBJETO: CONTRATAÇÃO DE EMPRESA PARA EXECUÇÃO DE OBRA PARA CONSTRUÇÃO DE UNIDADES DE ALIMENTAÇÃO NUTRICIONAL NO CAMPUS PARACURU DO IFCE NO SISTEMA CONSTRUTIVO STEEL FRAME. CONTRATO DE OBRA DE ENGENHARIA Nº 13/2025. PROCESSO Nº 23255.000876/2025-26.
1541;1;DINAMICA EMPREENDIMENTOS E SOLUCOES LTDA;NFSE;1673;24/02/2026;6;INSTITUTO FEDERAL DE EDUCAÇÃO, CIÊNCIA E TECNOLOGIA DO CEARÁ;CR;Não;Não;Não;Não;R$ 0,00;R$ 0,00;R$ 0,00;R$ 112.035,60;R$ 112.035,60;R$ 112.035,60;"MEDIÇÃO REFERENTE AO APOSTILAMENTO DO REAJUSTE CONTRATUAL - OBJETO: CONTRATAÇÃO DE EMPRESA PARA EXECUÇÃO DE OBRA PARA CONSTRUÇÃO DE UNIDADES DE ALIMENTAÇÃO NUTRICIONAL NO CAMPUS MORADA NOVA DO IFCE NO SISTEMA CONSTRUTIVO STEEL FRAME. CONTRATO DE OBRA DE ENGENHARIA No 06/2025. PROCESSO No 23255.007479/2024-02. ""Considerando que o inciso VII do art. 114 e o anexo VI da Instrução Normativa no 2.110/22 da Receita Federal do Brasil prevê a não aplicação do instituto da retenção do INSS quando o órgão público efetuar contratação de obra de construção civil, reforma ou acréscimo e, por consequência, afasta a responsabilidade solidária da Administração Pública nesses casos (art. 135, § 2°,II)"""
1530;1;DINAMICA EMPREENDIMENTOS E SOLUCOES LTDA;NFSE;1674;25/02/2026;6;INSTITUTO FEDERAL DE EDUCAÇÃO, CIÊNCIA E TECNOLOGIA DO CEARÁ;CR;Não;Não;Não;Não;R$ 0,00;R$ 0,00;R$ 0,00;R$ 404.374,96;R$ 404.374,96;R$ 404.374,96;MEDIÇÃO REFERENTE AO APOSTILAMENTO DO REAJUSTE CONTRATUAL - OBJETO: CONTRATAÇÃO DE SERVIÇOS COMUNS DE ENGENHARIA DE EMPRESA ESPECIALIZADA PARA A OBRA DE CONSTRUÇÃO DOS BLOCOS ANEXOS DO CAMPUS DOS MALÊS. CONTRATO Nº 16/2023. PROCESSO Nº 23804.000809/2023-86.
1532;1;DINAMICA EMPREENDIMENTOS E SOLUCOES LTDA;NFSE;1675;27/02/2026;6;INSTITUTO FEDERAL DE EDUCAÇÃO, CIÊNCIA E TECNOLOGIA DO CEARÁ;CR;Não;Não;Não;Não;R$ 0,00;R$ 0,00;R$ 0,00;R$ 121.515,27;R$ 121.515,27;R$ 121.515,27;REFERENTE A 9ª MEDIÇÃO DO OBJETO: CONTRATAÇÃO DE EMPRESA PARA EXECUÇÃO DE OBRA PARA CONSTRUÇÃO DE UNIDADES DE ALIMENTAÇÃO NUTRICIONAL NO CAMPUS CAMOCIM DO IFCE NO SISTEMA CONSTRUTIVO STEEL FRAME. CONTRATO DE OBRA DE ENGENHARIA Nº 11/2025. PROCESSO Nº 23255.000873/2025-92. MATERIAL 40% - R$ 48.606,11. MÃO DE OBRA - 60%- R$ 72.909,16
1533;1;DINAMICA EMPREENDIMENTOS E SOLUCOES LTDA;NFSE;1676;27/02/2026;6;INSTITUTO FEDERAL DE EDUCAÇÃO, CIÊNCIA E TECNOLOGIA DO CEARÁ;CR;Não;Não;Não;Não;R$ 0,00;R$ 0,00;R$ 0,00;R$ 9.015,70;R$ 9.015,70;R$ 9.015,70;MEDIÇÃO REFERENTE AO APOSTILAMENTO DO REAJUSTE CONTRATUAL - OBJETO: CONTRATAÇÃO DE EMPRESA PARA EXECUÇÃO DE OBRA PARA CONSTRUÇÃO DE UNIDADES DE ALIMENTAÇÃO NUTRICIONAL NO CAMPUS CAMOCIM DO IFCE NO SISTEMA CONSTRUTIVO STEEL FRAME. CONTRATO DE OBRA DE ENGENHARIA Nº 11/2025. PROCESSO Nº 23255.000873/2025-92. MATERIAL 40% - R$ 3.606,28. MÃO DE OBRA - 60%- R$ 5.409,42.
1534;1;DINAMICA EMPREENDIMENTOS E SOLUCOES LTDA;NFSE;1677;27/02/2026;6;INSTITUTO FEDERAL DE EDUCAÇÃO, CIÊNCIA E TECNOLOGIA DO CEARÁ;CR;Não;Não;Não;Não;R$ 0,00;R$ 0,00;R$ 0,00;R$ 544.196,46;R$ 544.196,46;R$ 544.196,46;REFERENTE A 9ª MEDIÇÃO DO OBJETO: CONTRATAÇÃO DE EMPRESA PARA EXECUÇÃO DE OBRA PARA CONSTRUÇÃO DE UNIDADES DE ALIMENTAÇÃO NUTRICIONAL NO CAMPUS UBAJARA DO IFCE NO SISTEMA CONSTRUTIVO STEEL FRAME. CONTRATO DE OBRA DE ENGENHARIA Nº 09/2025. PROCESSO Nº 23255.000870/2025-59. MATERIAL 40% - R$ 217.678,58. MÃO DE OBRA - 60%- R$ 326.517,88.
1535;1;DINAMICA EMPREENDIMENTOS E SOLUCOES LTDA;NFSE;1678;27/02/2026;6;INSTITUTO FEDERAL DE EDUCAÇÃO, CIÊNCIA E TECNOLOGIA DO CEARÁ;CR;Não;Não;Não;Não;R$ 0,00;R$ 0,00;R$ 0,00;R$ 152.209,12;R$ 152.209,12;R$ 152.209,12;REFERENTE A 9ª MEDIÇÃO DO OBJETO: CONTRATAÇÃO DE EMPRESA PARA EXECUÇÃO DE OBRA PARA CONSTRUÇÃO DE UNIDADES DE ALIMENTAÇÃO NUTRICIONAL NO CAMPUS TIANGUÁ DO IFCE NO SISTEMA CONSTRUTIVO STEEL FRAME. CONTRATO DE OBRA DE ENGENHARIA Nº 08/2025. PROCESSO Nº 23255.000868/2025-80. MATERIAL 40% - R$ 60.883,65. MÃO DE OBRA - 60%- R$ 91.325,47.
1536;1;DINAMICA EMPREENDIMENTOS E SOLUCOES LTDA;NFSE;1679;02/03/2026;6;INSTITUTO FEDERAL DE EDUCAÇÃO, CIÊNCIA E TECNOLOGIA DO CEARÁ;CR;Não;Não;Não;Não;R$ 0,00;R$ 0,00;R$ 0,00;R$ 27.997,81;R$ 27.997,81;R$ 27.997,81;REFERENTE A 10ª MEDIÇÃO DO OBJETO: CONTRATAÇÃO DE EMPRESA PARA EXECUÇÃO DE OBRA PARA CONSTRUÇÃO DE UNIDADES DE ALIMENTAÇÃO NUTRICIONAL NO CAMPUS CAUCAIA DO IFCE NO SISTEMA CONSTRUTIVO STEEL FRAME. CONTRATO DE OBRA DE ENGENHARIA Nº 12/2025. PROCESSO Nº 23255.000875/2025-81. MATERIAL 40% - R$ 11.199,12. MÃO DE OBRA - 60% - R$ 16.798,69.
1537;1;DINAMICA EMPREENDIMENTOS E SOLUCOES LTDA;NFSE;1680;02/03/2026;6;INSTITUTO FEDERAL DE EDUCAÇÃO, CIÊNCIA E TECNOLOGIA DO CEARÁ;CR;Não;Não;Não;Não;R$ 0,00;R$ 0,00;R$ 0,00;R$ 280.964,27;R$ 280.964,27;R$ 280.964,27;APOSTILAMENTO REFERENTE AO APOSTILAMENTO DO REAJUSTE DA 27ª, 28ª, 29ª, 31ª E 34ª MEDIÇÕES DO CONTRATO 0094/2022-SME, DESTINADO A CONSTRUÇÃO DE UMA ESCOLA VERTICAL, NO BAIRRO ALTO DA BRASÍLIA, SOBRAL-CE
1538;1;DINAMICA EMPREENDIMENTOS E SOLUCOES LTDA;NFSE;1681;03/03/2026;6;INSTITUTO FEDERAL DE EDUCAÇÃO, CIÊNCIA E TECNOLOGIA DO CEARÁ;CR;Não;Não;Não;Não;R$ 0,00;R$ 0,00;R$ 0,00;R$ 3.570,78;R$ 3.570,78;R$ 3.570,78;02ª MEDIÇÃO REFERENTE AO APOSTILAMENTO DO REAJUSTE CONTRATUAL - OBJETO: CONTRATAÇÃO DE EMPRESA PARA EXECUÇÃO DE OBRA PARA CONSTRUÇÃO DE UNIDADES DE ALIMENTAÇÃO NUTRICIONAL NO CAMPUS PARACURU DO IFCE NO SISTEMA CONSTRUTIVO STEEL FRAME. CONTRATO DE OBRA DE ENGENHARIA Nº 13/2025. PROCESSO Nº 23255.000876/2025-26.
1539;1;DINAMICA EMPREENDIMENTOS E SOLUCOES LTDA;NFSE;1684;04/03/2026;96;DEPARTAMENTO DE POLICIA RODOVIÁRIA FEDERAL;CR;Não;Não;Não;Não;R$ 0,00;R$ 0,00;R$ 0,00;R$ 11.101,63;R$ 11.101,63;R$ 11.101,63;REFERENTE A 24ª MEDIÇÃO DO OBJETO: CONSTRUÇÃO DA UNIDADE OPERACIONAL DA POLÍCIA RODOVIÁRIA FEDERAL EM POCINHOS / PB. VALOR MEDIDO R$ 11.101,63 (PREÇOS UNITÁRIOS DA PROPOSTA ORIGINAL R$ 9.984,30 E CORREÇÃO MONETÁRIA R$ 1.117,33). CONFORME TERMO DE APOSTILAMENTO 10 (11,1909%). CONTRATO Nº 78/2022. PROCESSO Nº 08650.037267/2022-23.
1542;1;DINAMICA EMPREENDIMENTOS E SOLUCOES LTDA;NFSE;1682;04/03/2026;6;INSTITUTO FEDERAL DE EDUCAÇÃO, CIÊNCIA E TECNOLOGIA DO CEARÁ;CR;Não;Não;Não;Não;R$ 0,00;R$ 0,00;R$ 0,00;R$ 8.817,28;R$ 8.817,28;R$ 8.817,28;4ª MEDIÇÃO - OBJETO: CONTRATAÇÃO DE SERVIÇO COMUM DE ENGENHARIA DE MANUTENÇÃO PREVENTIVA DAS SUBESTAÇÕES DO IFCE - GRUPO 02 - CAMPUS BOA VIAGEM. CONTRATO Nº 30 / 2023. PROCESSO Nº 23255.001512/2023-00.
1543;1;DINAMICA EMPREENDIMENTOS E SOLUCOES LTDA;NFSE;1683;04/03/2026;6;INSTITUTO FEDERAL DE EDUCAÇÃO, CIÊNCIA E TECNOLOGIA DO CEARÁ;CR;Não;Não;Não;Não;R$ 0,00;R$ 0,00;R$ 0,00;R$ 355,53;R$ 355,53;R$ 355,53;MEDIÇÃO REFERENTE AO APOSTILAMENTO DO REAJUSTE CONTRATUAL - OBJETO: CONTRATAÇÃO DE SERVIÇO COMUM DE ENGENHARIA DE MANUTENÇÃO PREVENTIVA DAS SUBESTAÇÕES DO IFCE - GRUPO 02 - CAMPUS BOA VIAGEM. CONTRATO Nº 29/2023. PROCESSO Nº 23255.001512/2023-00.
1540;1;DINAMICA EMPREENDIMENTOS E SOLUCOES LTDA;NFSE;1685;05/03/2026;6;INSTITUTO FEDERAL DE EDUCAÇÃO, CIÊNCIA E TECNOLOGIA DO CEARÁ;CR;Não;Não;Não;Não;R$ 0,00;R$ 0,00;R$ 0,00;R$ 2.077,27;R$ 2.077,27;R$ 2.077,27;MEDIÇÃO REFERENTE AO APOSTILAMENTO DO REAJUSTE CONTRATUAL - OBJETO: CONTRATAÇÃO DE EMPRESA PARA EXECUÇÃO DE OBRA PARA CONSTRUÇÃO DE UNIDADES DE ALIMENTAÇÃO NUTRICIONAL NO CAMPUS CAUCAIA DO IFCE NO SISTEMA CONSTRUTIVO STEEL FRAME. CONTRATO DE OBRA DE ENGENHARIA Nº 12/2025. PROCESSO Nº 23255.000875/2025-81.
1558;1;DINAMICA EMPREENDIMENTOS E SOLUCOES LTDA;NFSE;1687;11/03/2026;6;INSTITUTO FEDERAL DE EDUCAÇÃO, CIÊNCIA E TECNOLOGIA DO CEARÁ;CR;Não;Não;Não;Não;R$ 0,00;R$ 0,00;R$ 0,00;R$ 10.382,93;R$ 10.382,93;R$ 10.382,93;MEDIÇÃO REFERENTE AO APOSTILAMENTO DO REAJUSTE CONTRATUAL - OBJETO: CONTRATAÇÃO DE EMPRESA PARA EXECUÇÃO DE OBRA PARA CONSTRUÇÃO DE UNIDADES DE ALIMENTAÇÃO NUTRICIONAL NO CAMPUS BATURITÉ DO IFCE NO SISTEMA CONSTRUTIVO STEEL FRAME. CONTRATO DE OBRA DE ENGENHARIA Nº 10/2025. PROCESSO Nº 23255.000872/2025-48.
1582;1;DINAMICA EMPREENDIMENTOS E SOLUCOES LTDA;NFSE;1686;11/03/2026;6;INSTITUTO FEDERAL DE EDUCAÇÃO, CIÊNCIA E TECNOLOGIA DO CEARÁ;CR;Não;Não;Não;Não;R$ 0,00;R$ 0,00;R$ 0,00;R$ 139.943,00;R$ 139.943,00;R$ 139.943,00;"REFERENTE A 4° MEDIÇÃO DO OBJETO: CONTRATAÇÃO DE EMPRESA PARA EXECUÇÃO DE OBRA PARA CONSTRUÇÃO DE UNIDADES DE ALIMENTAÇÃO NUTRICIONAL NO CAMPUS BATURITÉ DO IFCE NO SISTEMA CONSTRUTIVO STEEL FRAME. CONTRATO DE OBRA DE ENGENHARIA Nº 10/2025. PROCESSO Nº 23255.000872/2025-48. MATERIAL 40% - R$ 55.977,20. MÃO DE OBRA - 60%- R$ 83.965,80. ""Considerando que o inciso VII do art. 114 e o anexo VI da Instrução Normativa no 2.110/22 da Receita Federal do Brasil prevê a não aplicação do instituto da retenção do INSS quando o órgão público efetuar contratação de obra de construção civil, reforma ou acréscimo e, por consequência, afasta a responsabilidade solidária da Administração Pública nesses casos (art. 135, § 2°,II)"""
1583;1;DINAMICA EMPREENDIMENTOS E SOLUCOES LTDA;NFSE;1688;11/03/2026;6;INSTITUTO FEDERAL DE EDUCAÇÃO, CIÊNCIA E TECNOLOGIA DO CEARÁ;CR;Não;Não;Não;Não;R$ 0,00;R$ 0,00;R$ 0,00;R$ 38.185,74;R$ 38.185,74;R$ 38.185,74;"REFERENTE A 11ª MEDIÇÃO DO OBJETO: CONTRATAÇÃO DE EMPRESA PARA EXECUÇÃO DE OBRA PARA CONSTRUÇÃO DE UNIDADES DE ALIMENTAÇÃO NUTRICIONAL NO CAMPUS HORIZONTE DO IFCE NO SISTEMA CONSTRUTIVO STEEL FRAME. CONTRATO DE OBRA DE ENGENHARIA Nº 07/2025. PROCESSO Nº 23255.006679/2024-30. MATERIAL 50% - R$ 19.092,87. MÃO DE OBRA - 50% - R$ 19.092,87. ""Considerando que o inciso VII do art. 114 e o anexo VI da Instrução Normativa no 2.110/22 da Receita Federal do Brasil prevê a não aplicação do instituto da retenção do INSS quando o órgão público efetuar contratação de obra de construção civil, reforma ou acréscimo e, por consequência, afasta a responsabilidade solidária da Administração Pública nesses casos (art. 135, § 2°,II)"""
1544;1;DINAMICA EMPREENDIMENTOS E SOLUCOES LTDA;NFSE;1691;16/03/2026;6;INSTITUTO FEDERAL DE EDUCAÇÃO, CIÊNCIA E TECNOLOGIA DO CEARÁ;CR;Não;Não;Não;Não;R$ 0,00;R$ 0,00;R$ 0,00;R$ 8.791,38;R$ 8.791,38;R$ 8.791,38;"4ª MEDIÇÃO - OBJETO: CONTRATAÇÃO DE SERVIÇO COMUM DE ENGENHARIA DE MANUTENÇÃO CORRETIVA DAS SUBESTAÇÕES DO IFCE GRUPO 01 - CAMPUS POLO DE INOVAÇÃO. ""SERVIÇO DE EXECUÇÃO CORRETIVA"" CONTRATO Nº 29 / 2023. PROCESSO Nº 23255.001512/2023-00."
1545;1;DINAMICA EMPREENDIMENTOS E SOLUCOES LTDA;NFSE;1692;16/03/2026;6;INSTITUTO FEDERAL DE EDUCAÇÃO, CIÊNCIA E TECNOLOGIA DO CEARÁ;CR;Não;Não;Não;Não;R$ 0,00;R$ 0,00;R$ 0,00;R$ 354,49;R$ 354,49;R$ 354,49;MEDIÇÃO REFERENTE AO APOSTILAMENTO DO REAJUSTE CONTRATUAL - OBJETO: CONTRATAÇÃO DE SERVIÇO COMUM DE ENGENHARIA DE MANUTENÇÃO PREVENTIVA DAS SUBESTAÇÕES DO IFCE - GRUPO 01 - CAMPUS POLO DE INOVAÇÃO. CONTRATO Nº 29/2023. PROCESSO Nº 23255.001512/2023-00.
1555;1;DINAMICA EMPREENDIMENTOS E SOLUCOES LTDA;NFSE;1690;16/03/2026;68;PREFEITURA MUNICIPAL DE VARZEA ALEGRE;CR;Não;Não;Não;Não;R$ 0,00;R$ 0,00;R$ 0,00;R$ 515.672,99;R$ 515.672,99;R$ 515.672,99;REFERENTE A 10° MEDIÇÃO DO OBJETO: CONTRATAÇÃO DE EMPRESA PARA EXECUÇÃO DAS OBRAS DE CONSTRUÇÃO DE UMA ESCOLA (ESPAÇO EDUCATIVO URBANO - 12 SALAS DE AULA) ATRAVÉS DA SECRETARIA DE EDUCAÇÃO DO MUNICÍPIO DE VÁRZEA ALEGRE-CE. CONTRATO Nº 2024.09.26.1 CONCORRÊNCIA Nº 2023.12.28.1
1546;1;DINAMICA EMPREENDIMENTOS E SOLUCOES LTDA;NFSE;1693;17/03/2026;6;INSTITUTO FEDERAL DE EDUCAÇÃO, CIÊNCIA E TECNOLOGIA DO CEARÁ;CR;Não;Não;Não;Não;R$ 0,00;R$ 0,00;R$ 0,00;R$ 8.736,30;R$ 8.736,30;R$ 8.736,30;"4ª MEDIÇÃO - OBJETO: CONTRATAÇÃO DE SERVIÇO COMUM DE ENGENHARIA DE MANUTENÇÃO PREVENTIVA DAS SUBESTAÇÕES DO IFCE GRUPO 04 - CAMPUS ACOPIARA. ""SERVIÇO DE EXECUÇÃO PREVENTIVA"" CONTRATO Nº 29 / 2023. PROCESSO Nº 23255.001512/2023-00."
1547;1;DINAMICA EMPREENDIMENTOS E SOLUCOES LTDA;NFSE;1694;17/03/2026;6;INSTITUTO FEDERAL DE EDUCAÇÃO, CIÊNCIA E TECNOLOGIA DO CEARÁ;CR;Não;Não;Não;Não;R$ 0,00;R$ 0,00;R$ 0,00;R$ 352,27;R$ 352,27;R$ 352,27;MEDIÇÃO REFERENTE AO APOSTILAMENTO DO REAJUSTE CONTRATUAL - OBJETO: CONTRATAÇÃO DE SERVIÇO COMUM DE ENGENHARIA DE MANUTENÇÃO PREVENTIVA DAS SUBESTAÇÕES DO IFCE - GRUPO 04 - CAMPUS ACOPIARA. CONTRATO Nº 29/2023. PROCESSO Nº 23255.001512/2023-00.
1548;1;DINAMICA EMPREENDIMENTOS E SOLUCOES LTDA;NFSE;1695;18/03/2026;6;INSTITUTO FEDERAL DE EDUCAÇÃO, CIÊNCIA E TECNOLOGIA DO CEARÁ;CR;Não;Não;Não;Não;R$ 0,00;R$ 0,00;R$ 0,00;R$ 2.802,53;R$ 2.802,53;R$ 2.802,53;MEDIÇÃO REFERENTE AO APOSTILAMENTO DO REAJUSTE CONTRATUAL - OBJETO: CONTRATAÇÃO DE EMPRESA PARA EXECUÇÃO DE OBRA PARA CONSTRUÇÃO DE UNIDADES DE ALIMENTAÇÃO NUTRICIONAL NO CAMPUS HORIZONTE DO IFCE NO SISTEMA CONSTRUTIVO STEEL FRAME. CONTRATO DE OBRA DE ENGENHARIA Nº 07/2025. PROCESSO Nº 23255.006679/2024-30.
1549;1;DINAMICA EMPREENDIMENTOS E SOLUCOES LTDA;NFSE;1696;20/03/2026;6;INSTITUTO FEDERAL DE EDUCAÇÃO, CIÊNCIA E TECNOLOGIA DO CEARÁ;CR;Não;Não;Não;Não;R$ 0,00;R$ 0,00;R$ 0,00;R$ 17.608,78;R$ 17.608,78;R$ 17.608,78;"11ª MEDIÇÃO - OBJETO: CONTRATAÇÃO DE SERVIÇO COMUM DE ENGENHARIA DE MANUTENÇÃO PREVENTIVA E CORRETIVA DAS SUBESTAÇÕES DO IFCE - GRUPO 03 - CAMPUS JAGUARIBE. ""SERVIÇO DE EXECUÇÃO EMERGENCIAL"" CONTRATO Nº 31 / 2023. PROCESSO Nº 23255.001512/2023-00. DADOS BANCÁRIOS: BANCO: (104) CAIXA ECONÔMICA FEDERAL AGÊNCIA: 1977. OPERAÇÃO: 003. CONTA: 3274-3"
1550;1;DINAMICA EMPREENDIMENTOS E SOLUCOES LTDA;NFSE;1699;20/03/2026;6;INSTITUTO FEDERAL DE EDUCAÇÃO, CIÊNCIA E TECNOLOGIA DO CEARÁ;CR;Não;Não;Não;Não;R$ 0,00;R$ 0,00;R$ 0,00;R$ 710,02;R$ 710,02;R$ 710,02;MEDIÇÃO REFERENTE AO APOSTILAMENTO DO REAJUSTE CONTRATUAL - OBJETO: CONTRATAÇÃO DE SERVIÇO COMUM DE ENGENHARIA DE MANUTENÇÃO PREVENTIVA DAS SUBESTAÇÕES DO IFCE - GRUPO 03 - CAMPUS JAGUARIBE. CONTRATO Nº 29/2023. PROCESSO Nº 23255.001512/2023-00. DADOS BANCÁRIOS: BANCO: (104) CAIXA ECONÔMICA FEDERAL AGÊNCIA: 1977. OPERAÇÃO: 003. CONTA: 3274-3.
1556;1;DINAMICA EMPREENDIMENTOS E SOLUCOES LTDA;NFSE;1698;20/03/2026;6;INSTITUTO FEDERAL DE EDUCAÇÃO, CIÊNCIA E TECNOLOGIA DO CEARÁ;CR;Não;Não;Não;Não;R$ 0,00;R$ 0,00;R$ 0,00;R$ 102.138,15;R$ 102.138,15;R$ 102.138,15;"REFERENTE A 10ª MEDIÇÃO DO OBJETO: CONTRATAÇÃO DE EMPRESA PARA EXECUÇÃO DE OBRA PARA CONSTRUÇÃO DE UNIDADES DE ALIMENTAÇÃO NUTRICIONAL NO CAMPUS CAMOCIM DO IFCE NO SISTEMA CONSTRUTIVO STEEL FRAME. CONTRATO DE OBRA DE ENGENHARIA Nº 11/2025. PROCESSO Nº 23255.000873/2025-92. MATERIAL 40% - R$ 40.855,26. MÃO DE OBRA - 60%- R$ 61.282,89. ""Considerando que o inciso VII do art. 114 e o anexo VI da Instrução Normativa no 2.110/22 da Receita Federal do Brasil prevê a não aplicação do instituto da retenção do INSS quando o órgão público efetuar contratação de obra de construção civil, reforma ou acréscimo e, por consequência, afasta a responsabilidade solidária da Administração Pública nesses casos (art. 135, § 2°,II)"""
1557;1;DINAMICA EMPREENDIMENTOS E SOLUCOES LTDA;NFSE;1700;20/03/2026;6;INSTITUTO FEDERAL DE EDUCAÇÃO, CIÊNCIA E TECNOLOGIA DO CEARÁ;CR;Não;Não;Não;Não;R$ 0,00;R$ 0,00;R$ 0,00;R$ 81.036,83;R$ 81.036,83;R$ 81.036,83;"REFERENTE A 10ª MEDIÇÃO DO OBJETO: CONTRATAÇÃO DE EMPRESA PARA EXECUÇÃO DE OBRA PARA CONSTRUÇÃO DE UNIDADES DE ALIMENTAÇÃO NUTRICIONAL NO CAMPUS TIANGUÁ DO IFCE NO SISTEMA CONSTRUTIVO STEEL FRAME. CONTRATO DE OBRA DE ENGENHARIA Nº 08/2025. PROCESSO Nº 23255.000868/2025-80. MATERIAL 40% - R$ 32.414,73. MÃO DE OBRA - 60%- R$ 48.622,10. ""Considerando que o inciso VII do art. 114 e o anexo VI da Instrução Normativa no 2.110/22 da Receita Federal do Brasil prevê a não aplicação do instituto da retenção do INSS quando o órgão público efetuar contratação de obra de construção civil, reforma ou acréscimo e, por consequência, afasta a responsabilidade solidária da Administração Pública nesses casos (art. 135, § 2°,II)"""
1553;1;DINAMICA EMPREENDIMENTOS E SOLUCOES LTDA;NFSE;1703;24/03/2026;6;INSTITUTO FEDERAL DE EDUCAÇÃO, CIÊNCIA E TECNOLOGIA DO CEARÁ;CR;Não;Não;Não;Não;R$ 0,00;R$ 0,00;R$ 0,00;R$ 43.416,01;R$ 43.416,01;R$ 43.416,01;"5ª MEDIÇÃO - OBJETO: CONTRATAÇÃO DE SERVIÇO COMUM DE ENGENHARIA DE MANUTENÇÃO CORRETIVA E EMERGENCIAL DAS SUBESTAÇÕES DO IFCE - GRUPO 02 - CAMPUS ITAPIPOCA. ""SERVIÇO DE EXECUÇÃO PREVENTIVA"" CONTRATO Nº 30 / 2023. PROCESSO Nº 23255.001512/2023-00."
1554;1;DINAMICA EMPREENDIMENTOS E SOLUCOES LTDA;NFSE;1704;24/03/2026;6;INSTITUTO FEDERAL DE EDUCAÇÃO, CIÊNCIA E TECNOLOGIA DO CEARÁ;CR;Não;Não;Não;Não;R$ 0,00;R$ 0,00;R$ 0,00;R$ 1.750,62;R$ 1.750,62;R$ 1.750,62;MEDIÇÃO REFERENTE AO APOSTILAMENTO DO REAJUSTE CONTRATUAL - OBJETO: CONTRATAÇÃO DE SERVIÇO COMUM DE ENGENHARIA DE MANUTENÇÃO PREVENTIVA DAS SUBESTAÇÕES DO IFCE - GRUPO 02 - CAMPUS ITAPIPOCA. CONTRATO Nº 29/2023. PROCESSO Nº 23255.001512/2023-00.
1559;1;DINAMICA EMPREENDIMENTOS E SOLUCOES LTDA;NFSE;1705;25/03/2026;6;INSTITUTO FEDERAL DE EDUCAÇÃO, CIÊNCIA E TECNOLOGIA DO CEARÁ;CR;Não;Não;Não;Não;R$ 0,00;R$ 0,00;R$ 118.075,22;R$ 0,00;R$ 118.075,22;R$ 118.075,22;"REFERENTE A 10ª MEDIÇÃO DO OBJETO: CONTRATAÇÃO DE EMPRESA PARA EXECUÇÃO DE OBRA PARA CONSTRUÇÃO DE UNIDADES DE ALIMENTAÇÃO NUTRICIONAL NO CAMPUS UBAJARA DO IFCE NO SISTEMA CONSTRUTIVO STEEL FRAME. CONTRATO DE OBRA DE ENGENHARIA Nº 09/2025. PROCESSO Nº 23255.000870/2025-59. MATERIAL 40% - R$ 47.230,09. MÃO DE OBRA - 60%- R$ 70.845,13. ""Considerando que o inciso VII do art. 114 e o anexo VI da Instrução Normativa no 2.110/22 da Receita Federal do Brasil prevê a não aplicação do instituto da retenção do INSS quando o órgão público efetuar contratação de obra de construção civil, reforma ou acréscimo e, por consequência, afasta a responsabilidade solidária da Administração Pública nesses casos (art. 135, § 2°,II)"""
1569;1;DINAMICA EMPREENDIMENTOS E SOLUCOES LTDA;NFSE;1706;25/03/2026;6;INSTITUTO FEDERAL DE EDUCAÇÃO, CIÊNCIA E TECNOLOGIA DO CEARÁ;CR;Não;Não;Não;Não;R$ 0,00;R$ 0,00;R$ 0,00;R$ 54.059,50;R$ 54.059,50;R$ 54.059,50;"REFERENTE A 10ª MEDIÇÃO DO OBJETO: CONTRATAÇÃO DE EMPRESA PARA EXECUÇÃO DE OBRA PARA CONSTRUÇÃO DE UNIDADES DE ALIMENTAÇÃO NUTRICIONAL NO CAMPUS MORADA NOVA DO IFCE NO SISTEMA CONSTRUTIVO STEEL FRAME. CONTRATO DE OBRA DE ENGENHARIA No 06/2025. PROCESSO No 23255.007479/2024-02. MATERIAL 40% - R$ 21.623,80. MÃO DE OBRA - 60%- R$ 32.435,70. ""Considerando que o inciso VII do art. 114 e o anexo VI da Instrução Normativa no 2.110/22 da Receita Federal do Brasil prevê a não aplicação do instituto da retenção do INSS quando o órgão público efetuar contratação de obra de construção civil, reforma ou acréscimo e, por consequência, afasta a responsabilidade solidária da Administração Pública nesses casos (art. 135, § 2°,II)"""
1561;1;DINAMICA EMPREENDIMENTOS E SOLUCOES LTDA;NFSE;1708;26/03/2026;6;INSTITUTO FEDERAL DE EDUCAÇÃO, CIÊNCIA E TECNOLOGIA DO CEARÁ;CR;Não;Não;Não;Não;R$ 0,00;R$ 0,00;R$ 0,00;R$ 17.350,37;R$ 17.350,37;R$ 17.350,37;"6ª MEDIÇÃO - OBJETO: CONTRATAÇÃO DE SERVIÇO COMUM DE ENGENHARIA DE MANUTENÇÃO EMERGENCIAL DAS SUBESTAÇÕES DO IFCE - GRUPO 01 - CAMPUS PARACURU ""SERVIÇO DE EXECUÇÃO PREVENTIVA"" CONTRATO Nº 30 / 2023. PROCESSO Nº 23255.001512/2023-00."
1562;1;DINAMICA EMPREENDIMENTOS E SOLUCOES LTDA;NFSE;1709;26/03/2026;6;INSTITUTO FEDERAL DE EDUCAÇÃO, CIÊNCIA E TECNOLOGIA DO CEARÁ;CR;Não;Não;Não;Não;R$ 0,00;R$ 0,00;R$ 0,00;R$ 699,60;R$ 699,60;R$ 699,60;MEDIÇÃO REFERENTE AO APOSTILAMENTO DO REAJUSTE CONTRATUAL - OBJETO: CONTRATAÇÃO DE SERVIÇO COMUM DE ENGENHARIA DE MANUTENÇÃO PREVENTIVA DAS SUBESTAÇÕES DO IFCE - GRUPO 01 - CAMPUS PARACURU. CONTRATO Nº 29/2023. PROCESSO Nº 23255.001512/2023-00.
1571;1;DINAMICA EMPREENDIMENTOS E SOLUCOES LTDA;NFSE;1707;26/03/2026;6;INSTITUTO FEDERAL DE EDUCAÇÃO, CIÊNCIA E TECNOLOGIA DO CEARÁ;CR;Não;Não;Não;Não;R$ 0,00;R$ 0,00;R$ 0,00;R$ 2.361,24;R$ 2.361,24;R$ 2.361,24;"5ª MEDIÇÃO - OBJETO: CONTRATAÇÃO DE SERVIÇO COMUM DE ENGENHARIA DE MANUTENÇÃO EMERGENCIAL DAS SUBESTAÇÕES DO IFCE - GRUPO 01 - CAMPUS PARACURU ""SERVIÇO DE EXECUÇÃO PREVENTIVA"""
1567;1;DINAMICA EMPREENDIMENTOS E SOLUCOES LTDA;NFSE;1714;27/03/2026;6;INSTITUTO FEDERAL DE EDUCAÇÃO, CIÊNCIA E TECNOLOGIA DO CEARÁ;CR;Não;Não;Não;Não;R$ 0,00;R$ 0,00;R$ 0,00;R$ 7.095,92;R$ 7.095,92;R$ 7.095,92;"5ª MEDIÇÃO - OBJETO: CONTRATAÇÃO DE SERVIÇO COMUM DE ENGENHARIA DE MANUTENÇÃO PREVENTIVA E CORRETIVA DAS SUBESTAÇÕES DO IFCE - GRUPO 03 - CAMPUS LIMOEIRO DO NORTE. ""SERVIÇO DE EXECUÇÃO CORRETIVA"" CONTRATO Nº 31 / 2023. PROCESSO Nº 23255.001512/2023-00. DADOS BANCÁRIOS: BANCO: (104) CAIXA ECONÔMICA FEDERAL AGÊNCIA: 1977. OPERAÇÃO: 003. CONTA: 3274-3."
1568;1;DINAMICA EMPREENDIMENTOS E SOLUCOES LTDA;NFSE;1716;27/03/2026;6;INSTITUTO FEDERAL DE EDUCAÇÃO, CIÊNCIA E TECNOLOGIA DO CEARÁ;CR;Não;Não;Não;Não;R$ 0,00;R$ 0,00;R$ 0,00;R$ 285,92;R$ 285,92;R$ 285,92;MEDIÇÃO REFERENTE AO APOSTILAMENTO DO REAJUSTE CONTRATUAL - OBJETO: CONTRATAÇÃO DE SERVIÇO COMUM DE ENGENHARIA DE MANUTENÇÃO PREVENTIVA DAS SUBESTAÇÕES DO IFCE - GRUPO 03 - CAMPUS LIMOEIRO DO NORTE. CONTRATO Nº 29/2023. PROCESSO Nº 23255.001512/2023-00. DADOS BANCÁRIOS: BANCO: (104) CAIXA ECONÔMICA FEDERAL AGÊNCIA: 1977. OPERAÇÃO: 003. CONTA: 3274-3.
1570;1;DINAMICA EMPREENDIMENTOS E SOLUCOES LTDA;NFSE;1712;27/03/2026;6;INSTITUTO FEDERAL DE EDUCAÇÃO, CIÊNCIA E TECNOLOGIA DO CEARÁ;CR;Não;Não;Não;Não;R$ 0,00;R$ 0,00;R$ 0,00;R$ 110,27;R$ 110,27;R$ 110,27;MEDIÇÃO REFERENTE AO APOSTILAMENTO DO REAJUSTE CONTRATUAL - OBJETO: CONTRATAÇÃO DE SERVIÇO COMUM DE ENGENHARIA DE MANUTENÇÃO EMERGENCIAL DAS SUBESTAÇÕES DO IFCE - GRUPO 01 - CAMPUS PARACURU. CONTRATO Nº 29/2023. PROCESSO Nº 23255.001512/2023-00.
1572;1;DINAMICA EMPREENDIMENTOS E SOLUCOES LTDA;NFSE;1717;31/03/2026;6;INSTITUTO FEDERAL DE EDUCAÇÃO, CIÊNCIA E TECNOLOGIA DO CEARÁ;CR;Não;Não;Não;Não;R$ 0,00;R$ 0,00;R$ 0,00;R$ 17.430,26;R$ 17.430,26;R$ 17.430,26;"12ª MEDIÇÃO - OBJETO: CONTRATAÇÃO DE SERVIÇO COMUM DE ENGENHARIA DE MANUTENÇÃO PREVENTIVA E CORRETIVA DAS SUBESTAÇÕES DO IFCE - GRUPO 02 - CAMPUS CAMOCIM. ""SERVIÇO DE EXECUÇÃO PREVENTIVA"" CONTRATO Nº 30 / 2023. PROCESSO Nº 23255.001512/2023-00."
1573;1;DINAMICA EMPREENDIMENTOS E SOLUCOES LTDA;NFSE;1718;31/03/2026;6;INSTITUTO FEDERAL DE EDUCAÇÃO, CIÊNCIA E TECNOLOGIA DO CEARÁ;CR;Não;Não;Não;Não;R$ 0,00;R$ 0,00;R$ 0,00;R$ 702,82;R$ 702,82;R$ 702,82;MEDIÇÃO REFERENTE AO APOSTILAMENTO DO REAJUSTE CONTRATUAL - OBJETO: CONTRATAÇÃO DE SERVIÇO COMUM DE ENGENHARIA DE MANUTENÇÃO PREVENTIVA DAS SUBESTAÇÕES DO IFCE - GRUPO 02 - CAMPUS CAMOCIM. CONTRATO Nº 29/2023. PROCESSO Nº 23255.001512/2023-00..
1574;1;DINAMICA EMPREENDIMENTOS E SOLUCOES LTDA;NFSE;1719;31/03/2026;6;INSTITUTO FEDERAL DE EDUCAÇÃO, CIÊNCIA E TECNOLOGIA DO CEARÁ;CR;Não;Não;Não;Não;R$ 0,00;R$ 0,00;R$ 0,00;R$ 13.787,20;R$ 13.787,20;R$ 13.787,20;"13ª MEDIÇÃO - OBJETO: CONTRATAÇÃO DE SERVIÇO COMUM DE ENGENHARIA DE MANUTENÇÃO PREVENTIVA E CORRETIVA DAS SUBESTAÇÕES DO IFCE - GRUPO 02 - CAMPUS CAMOCIM. ""SERVIÇO DE EXECUÇÃO CORRETIVA"" CONTRATO Nº 30 / 2023. PROCESSO Nº 23255.001512/2023-00."
1575;1;DINAMICA EMPREENDIMENTOS E SOLUCOES LTDA;NFSE;1720;31/03/2026;6;INSTITUTO FEDERAL DE EDUCAÇÃO, CIÊNCIA E TECNOLOGIA DO CEARÁ;CR;Não;Não;Não;Não;R$ 0,00;R$ 0,00;R$ 0,00;R$ 555,51;R$ 555,51;R$ 555,51;MEDIÇÃO REFERENTE AO APOSTILAMENTO DO REAJUSTE CONTRATUAL - OBJETO: CONTRATAÇÃO DE SERVIÇO COMUM DE ENGENHARIA DE MANUTENÇÃO CORRETIVA DAS SUBESTAÇÕES DO IFCE - GRUPO 02 - CAMPUS CAMOCIM. CONTRATO Nº 29/2023. PROCESSO Nº 23255.001512/2023-00. DADOS BANCÁRIOS:
1584;1;DINAMICA EMPREENDIMENTOS E SOLUCOES LTDA;NFSE;1721;31/03/2026;6;INSTITUTO FEDERAL DE EDUCAÇÃO, CIÊNCIA E TECNOLOGIA DO CEARÁ;CR;Não;Não;Não;Não;R$ 0,00;R$ 0,00;R$ 0,00;R$ 947,06;R$ 947,06;R$ 947,06;"MEDIÇÃO REFERENTE AO APOSTILAMENTO DO REAJUSTE CONTRATUAL - OBJETO: CONTRATAÇÃO DE EMPRESA PARA EXECUÇÃO DE OBRA PARA CONSTRUÇÃO DE UNIDADES DE ALIMENTAÇÃO NUTRICIONAL NO CAMPUS MORADA NOVA DO IFCE NO SISTEMA CONSTRUTIVO STEEL FRAME. CONTRATO DE OBRA DE ENGENHARIA No 06/2025. PROCESSO No 23255.007479/2024-02. ""Considerando que o inciso VII do art. 114 e o anexo VI da Instrução Normativa no 2.110/22 da Receita Federal do Brasil prevê a não aplicação do instituto da retenção do INSS quando o órgão público efetuar contratação de obra de construção civil, reforma ou acréscimo e, por consequência, afasta a responsabilidade solidária da Administração Pública nesses casos (art. 135, § 2°,II)"""
1585;1;DINAMICA EMPREENDIMENTOS E SOLUCOES LTDA;NFSE;1722;31/03/2026;6;INSTITUTO FEDERAL DE EDUCAÇÃO, CIÊNCIA E TECNOLOGIA DO CEARÁ;CR;Não;Não;Não;Não;R$ 0,00;R$ 0,00;R$ 0,00;R$ 144.918,42;R$ 144.918,42;R$ 144.918,42;"REFERENTE A 01ª MEDIÇÃO DO OBJETO: CONTRATAÇÃO DE OBRA DE ENGENHARIA DA CONSTRUÇÃO DO CAMPUS CAMPOS SALES PERTENCENTE A EXPANSÃO IV DO IFCE . CONTRATO DE OBRA DE ENGENHARIA No 02/2026. PROCESSO No 23255.000507/2025-33. MATERIAL 40% - R$ 57.967,37. MÃO DE OBRA 60% - R$ 86.951,05. ""Considerando que o inciso VII do art. 114 e o anexo VI da Instrução Normativa no 2.110/22 da Receita Federal do Brasil prevê a não aplicação do instituto da retenção do INSS quando o órgão público efetuar contratação de obra de construção civil, reforma ou acréscimo e, por consequência, afasta a responsabilidade solidária da Administração Pública nesses casos (art. 135, § 2°,II)"""
1576;1;DINAMICA EMPREENDIMENTOS E SOLUCOES LTDA;NFSE;1723;06/04/2026;6;INSTITUTO FEDERAL DE EDUCAÇÃO, CIÊNCIA E TECNOLOGIA DO CEARÁ;CR;Não;Não;Não;Não;R$ 0,00;R$ 0,00;R$ 8.898,74;R$ 0,00;R$ 8.898,74;R$ 8.898,74;"4ª MEDIÇÃO - OBJETO: CONTRATAÇÃO DE SERVIÇO COMUM DE ENGENHARIA DE MANUTENÇÃO PREVENTIVA E CORRETIVA DAS SUBESTAÇÕES DO IFCE - GRUPO 01 - CAMPUS GUARAMIRANGA. ""SERVIÇO DE EXECUÇÃO PREVENTIVA"" CONTRATO Nº 29 / 2023. PROCESSO Nº 23255.001512/2023-00."
1577;1;DINAMICA EMPREENDIMENTOS E SOLUCOES LTDA;NFSE;1724;06/04/2026;6;INSTITUTO FEDERAL DE EDUCAÇÃO, CIÊNCIA E TECNOLOGIA DO CEARÁ;CR;Não;Não;Não;Não;R$ 0,00;R$ 0,00;R$ 358,81;R$ 0,00;R$ 358,81;R$ 358,81;MEDIÇÃO REFERENTE AO APOSTILAMENTO DO REAJUSTE CONTRATUAL - OBJETO: CONTRATAÇÃO DE SERVIÇO COMUM DE ENGENHARIA DE MANUTENÇÃO PREVENTIVA DAS SUBESTAÇÕES DO IFCE - GRUPO 01 - CAMPUS GUARAMIRANGA. CONTRATO Nº 29/2023. PROCESSO Nº 23255.001512/2023-00
1578;1;DINAMICA EMPREENDIMENTOS E SOLUCOES LTDA;NFSE;1725;06/04/2026;6;INSTITUTO FEDERAL DE EDUCAÇÃO, CIÊNCIA E TECNOLOGIA DO CEARÁ;CR;Não;Não;Não;Não;R$ 0,00;R$ 0,00;R$ 140.641,38;R$ 0,00;R$ 140.641,38;R$ 140.641,38;"MEDIÇÃO REFERENTE AO APOSTILAMENTO DO REAJUSTE CONTRATUAL - OBJETO: CONTRATAÇÃO DE EMPRESA PARA EXECUÇÃO DE OBRA PARA CONSTRUÇÃO DE UNIDADES DE ALIMENTAÇÃO NUTRICIONAL NO CAMPUS TIANGUÁ DO IFCE NO SISTEMA CONSTRUTIVO STEEL FRAME. CONTRATO DE OBRA DE ENGENHARIA Nº 08/2025. PROCESSO Nº 23255.000868/2025-80. ""Considerando que o inciso VII do art. 114 e o anexo VI da Instrução Normativa no 2.110/22 da Receita Federal do Brasil prevê a não aplicação do instituto da retenção do INSS quando o órgão público efetuar contratação de obra de construção civil, reforma ou acréscimo e, por consequência, afasta a responsabilidade solidária da Administração Pública nesses casos (art. 135, § 2°,II)"""
1579;1;DINAMICA EMPREENDIMENTOS E SOLUCOES LTDA;NFSE;1726;06/04/2026;6;INSTITUTO FEDERAL DE EDUCAÇÃO, CIÊNCIA E TECNOLOGIA DO CEARÁ;CR;Não;Não;Não;Não;R$ 0,00;R$ 0,00;R$ 0,00;R$ 104.583,00;R$ 104.583,00;R$ 104.583,00;"REFERENTE A 11° MEDIÇÃO DO OBJETO: CONTRATAÇÃO DE EMPRESA PARA EXECUÇÃO DE OBRA PARA CONSTRUÇÃO DE UNIDADES DE ALIMENTAÇÃO NUTRICIONAL NO CAMPUS PARACURU DO IFCE NO SISTEMA CONSTRUTIVO STEEL FRAME. CONTRATO DE OBRA DE ENGENHARIA Nº 13/2025. PROCESSO Nº 23255.000876/2025-26. ""Considerando que o inciso VII do art. 114 e o anexo VI da Instrução Normativa no 2.110/22 da Receita Federal do Brasil prevê a não aplicação do instituto da retenção do INSS quando o órgão público efetuar contratação de obra de construção civil, reforma ou acréscimo e, por consequência, afasta a responsabilidade solidária da Administração Pública nesses casos (art. 135, § 2°,II)"""
1580;1;DINAMICA EMPREENDIMENTOS E SOLUCOES LTDA;NFSE;1728;07/04/2026;6;INSTITUTO FEDERAL DE EDUCAÇÃO, CIÊNCIA E TECNOLOGIA DO CEARÁ;CR;Não;Não;Não;Não;R$ 0,00;R$ 0,00;R$ 0,00;R$ 79.974,40;R$ 79.974,40;R$ 79.974,40;"REFERENTE A 11ª MEDIÇÃO DO OBJETO: CONTRATAÇÃO DE EMPRESA PARA EXECUÇÃO DE OBRA PARA CONSTRUÇÃO DE UNIDADES DE ALIMENTAÇÃO NUTRICIONAL NO CAMPUS CAUCAIA DO IFCE NO SISTEMA CONSTRUTIVO STEEL FRAME. CONTRATO DE OBRA DE ENGENHARIA Nº 12/2025. PROCESSO Nº 23255.000875/2025-81. ""Considerando que o inciso VII do art. 114 e o anexo VI da Instrução Normativa no 2.110/22 da Receita Federal do Brasil prevê a não aplicação do instituto da retenção do INSS quando o órgão público efetuar contratação de obra de construção civil, reforma ou acréscimo e, por consequência, afasta a responsabilidade solidária da Administração Pública nesses casos (art. 135, § 2°,II)"""
1581;1;DINAMICA EMPREENDIMENTOS E SOLUCOES LTDA;NFSE;1729;07/04/2026;93;UNIVERSIDADE DA INTEGRACAO INTERNACIONAL DA LUSOFONIA AFRO-BRASILEIRA - UNILAB;CR;Não;Não;Não;Não;R$ 0,00;R$ 0,00;R$ 0,00;R$ 99.254,23;R$ 99.254,23;R$ 99.254,23;"REFERENTE A 23ª MEDIÇÃO DO OBJETO: CONTRATAÇÃO DE SERVIÇOS COMUNS DE ENGENHARIA DE EMPRESA ESPECIALIZADA PARA A OBRA DE CONSTRUÇÃO DOS BLOCOS ANEXOS DO CAMPUS DOS MALÊS. PERÍODO DE 01/01/2026 À 31/01/2026. CONTRATO Nº 16/2023. PROCESSO Nº 23804.000809/2023-86. ""Conforme art 114 da IN 2110/2022, não se aplica a retenção referente ao recolhimento de INSS na fonte: Art. 114. Não se aplica a retenção de que trata o art. 110 à contratação de serviços: II - por órgãos públicos da administração direta, autarquias e fundações de direito público, quando contratantes de obra de construção civil, reforma ou acréscimo, por meio de empreitada total, observado o disposto no inciso II do § 2º do art. 135."""
1597;1;DINAMICA EMPREENDIMENTOS E SOLUCOES LTDA;NFSE;1740;08/04/2026;6;INSTITUTO FEDERAL DE EDUCAÇÃO, CIÊNCIA E TECNOLOGIA DO CEARÁ;CR;Não;Não;Não;Não;R$ 0,00;R$ 0,00;R$ 0,00;R$ 21.754,70;R$ 21.754,70;R$ 21.754,70;"6ª MEDIÇÃO - OBJETO: CONTRATAÇÃO DE SERVIÇO COMUM DE ENGENHARIA DE MANUTENÇÃO CORRETIVA DAS SUBESTAÇÕES DO IFCE - GRUPO 04 - CAMPUS CRATO. ""SERVIÇO DE EXECUÇÃO CORRETIVA"" CONTRATO Nº 32 / 2023. PROCESSO Nº 23255.001512/2023-00. MATERIAL - R$ 34.906,66. MÃO DE OBRA - R$ 34.906,66. DADOS BANCÁRIOS: BANCO: (104) CAIXA ECONÔMICA FEDERAL AGÊNCIA: 1977. OPERAÇÃO: 003. CONTA: 3274-3."
1598;1;DINAMICA EMPREENDIMENTOS E SOLUCOES LTDA;NFSE;1741;08/04/2026;6;INSTITUTO FEDERAL DE EDUCAÇÃO, CIÊNCIA E TECNOLOGIA DO CEARÁ;CR;Não;Não;Não;Não;R$ 0,00;R$ 0,00;R$ 0,00;R$ 877,19;R$ 877,19;R$ 877,19;MEDIÇÃO REFERENTE AO APOSTILAMENTO DO REAJUSTE CONTRATUAL - OBJETO: CONTRATAÇÃO DE SERVIÇO COMUM DE ENGENHARIA DE MANUTENÇÃO PREVENTIVA DAS SUBESTAÇÕES DO IFCE - GRUPO 04 - CAMPUS CRATO. CONTRATO Nº 29/2023. PROCESSO Nº 23255.001512/2023-00. DADOS BANCÁRIOS: BANCO: (104) CAIXA ECONÔMICA FEDERAL AGÊNCIA: 1977. OPERAÇÃO: 003. CONTA: 3274-3.
1599;1;DINAMICA EMPREENDIMENTOS E SOLUCOES LTDA;NFSE;1742;08/04/2026;6;INSTITUTO FEDERAL DE EDUCAÇÃO, CIÊNCIA E TECNOLOGIA DO CEARÁ;CR;Não;Não;Não;Não;R$ 0,00;R$ 0,00;R$ 0,00;R$ 69.813,32;R$ 69.813,32;R$ 69.813,32;"7ª MEDIÇÃO - OBJETO: CONTRATAÇÃO DE SERVIÇO COMUM DE ENGENHARIA DE MANUTENÇÃO CORRETIVA E PREVENTIVA DAS SUBESTAÇÕES DO IFCE - GRUPO 04 - CAMPUS CRATO. ""SERVIÇO DE EXECUÇÃO PREVENTIVA"" CONTRATO Nº 32 / 2023. PROCESSO Nº 23255.001512/2023-00. MATERIAL - R$ 34.906,66. MÃO DE OBRA - R$ 34.906,66. DADOS BANCÁRIOS: BANCO: (104) CAIXA ECONÔMICA FEDERAL AGÊNCIA: 1977. OPERAÇÃO: 003. CONTA: 3274-3."
1600;1;DINAMICA EMPREENDIMENTOS E SOLUCOES LTDA;NFSE;1743;08/04/2026;6;INSTITUTO FEDERAL DE EDUCAÇÃO, CIÊNCIA E TECNOLOGIA DO CEARÁ;CR;Não;Não;Não;Não;R$ 0,00;R$ 0,00;R$ 0,00;R$ 2.815,01;R$ 2.815,01;R$ 2.815,01;MEDIÇÃO REFERENTE AO APOSTILAMENTO DO REAJUSTE CONTRATUAL - OBJETO: CONTRATAÇÃO DE SERVIÇO COMUM DE ENGENHARIA DE MANUTENÇÃO PREVENTIVA DAS SUBESTAÇÕES DO IFCE - GRUPO 04 - CAMPUS CRATO. CONTRATO Nº 29/2023. PROCESSO Nº 23255.001512/2023-00. DADOS BANCÁRIOS: BANCO: (104) CAIXA ECONÔMICA FEDERAL AGÊNCIA: 1977. OPERAÇÃO: 003. CONTA: 3274-3.
1601;1;DINAMICA EMPREENDIMENTOS E SOLUCOES LTDA;NFSE;1744;08/04/2026;6;INSTITUTO FEDERAL DE EDUCAÇÃO, CIÊNCIA E TECNOLOGIA DO CEARÁ;CR;Não;Não;Não;Não;R$ 0,00;R$ 0,00;R$ 0,00;R$ 5.046,10;R$ 5.046,10;R$ 5.046,10;"8ª MEDIÇÃO - OBJETO: CONTRATAÇÃO DE SERVIÇO COMUM DE ENGENHARIA DE MANUTENÇÃO CORRETIVA E PREVENTIVA DAS SUBESTAÇÕES DO IFCE - GRUPO 04 - CAMPUS CRATO. ""SERVIÇO DE EXECUÇÃO EMERGENCIAL"" CONTRATO Nº 32 / 2023. PROCESSO Nº 23255.001512/2023-00. MATERIAL - R$ 34.906,66. MÃO DE OBRA - R$ 34.906,66. DADOS BANCÁRIOS: BANCO: (104) CAIXA ECONÔMICA FEDERAL AGÊNCIA: 1977. OPERAÇÃO: 003. CONTA: 3274-3."
1602;1;DINAMICA EMPREENDIMENTOS E SOLUCOES LTDA;NFSE;1745;08/04/2026;6;INSTITUTO FEDERAL DE EDUCAÇÃO, CIÊNCIA E TECNOLOGIA DO CEARÁ;CR;Não;Não;Não;Não;R$ 0,00;R$ 0,00;R$ 0,00;R$ 203,47;R$ 203,47;R$ 203,47;MEDIÇÃO REFERENTE AO APOSTILAMENTO DO REAJUSTE CONTRATUAL - OBJETO: CONTRATAÇÃO DE SERVIÇO COMUM DE ENGENHARIA DE MANUTENÇÃO PREVENTIVA DAS SUBESTAÇÕES DO IFCE - GRUPO 04 - CAMPUS CRATO. CONTRATO Nº 29/2023. PROCESSO Nº 23255.001512/2023-00. DADOS BANCÁRIOS: BANCO: (104) CAIXA ECONÔMICA FEDERAL AGÊNCIA: 1977. OPERAÇÃO: 003. CONTA: 3274-3.
1603;1;DINAMICA EMPREENDIMENTOS E SOLUCOES LTDA;NFSE;1746;08/04/2026;6;INSTITUTO FEDERAL DE EDUCAÇÃO, CIÊNCIA E TECNOLOGIA DO CEARÁ;CR;Não;Não;Não;Não;R$ 0,00;R$ 0,00;R$ 0,00;R$ 5.046,10;R$ 5.046,10;R$ 5.046,10;"9ª MEDIÇÃO - OBJETO: CONTRATAÇÃO DE SERVIÇO COMUM DE ENGENHARIA DE MANUTENÇÃO CORRETIVA E PREVENTIVA DAS SUBESTAÇÕES DO IFCE - GRUPO 04 - CAMPUS CRATO. ""SERVIÇO DE EXECUÇÃO EMERGENCIAL"" CONTRATO Nº 32 / 2023. PROCESSO Nº 23255.001512/2023-00. MATERIAL - R$ 34.906,66. MÃO DE OBRA - R$ 34.906,66. DADOS BANCÁRIOS: BANCO: (104) CAIXA ECONÔMICA FEDERAL AGÊNCIA: 1977. OPERAÇÃO: 003. CONTA: 3274-3."
1604;1;DINAMICA EMPREENDIMENTOS E SOLUCOES LTDA;NFSE;1747;08/04/2026;6;INSTITUTO FEDERAL DE EDUCAÇÃO, CIÊNCIA E TECNOLOGIA DO CEARÁ;CR;Não;Não;Não;Não;R$ 0,00;R$ 0,00;R$ 0,00;R$ 203,47;R$ 203,47;R$ 203,47;MEDIÇÃO REFERENTE AO APOSTILAMENTO DO REAJUSTE CONTRATUAL - OBJETO: CONTRATAÇÃO DE SERVIÇO COMUM DE ENGENHARIA DE MANUTENÇÃO PREVENTIVA DAS SUBESTAÇÕES DO IFCE - GRUPO 04 - CAMPUS CRATO. CONTRATO Nº 29/2023. PROCESSO Nº 23255.001512/2023-00. DADOS BANCÁRIOS: BANCO: (104) CAIXA ECONÔMICA FEDERAL AGÊNCIA: 1977. OPERAÇÃO: 003. CONTA: 3274-3.
1605;1;DINAMICA EMPREENDIMENTOS E SOLUCOES LTDA;NFSE;1749;09/04/2026;6;INSTITUTO FEDERAL DE EDUCAÇÃO, CIÊNCIA E TECNOLOGIA DO CEARÁ;CR;Não;Não;Não;Não;R$ 0,00;R$ 0,00;R$ 0,00;R$ 4.115,67;R$ 4.115,67;R$ 4.115,67;"5ª MEDIÇÃO - OBJETO: CONTRATAÇÃO DE SERVIÇO COMUM DE ENGENHARIA DE MANUTENÇÃO CORRETIVA E PREVENTIVA DAS SUBESTAÇÕES DO IFCE - GRUPO 02 - CAMPUS TIANGUÁ. ""SERVIÇO DE EXECUÇÃO CORRETIVA"" CONTRATO Nº 32 / 2023. PROCESSO Nº 23255.001512/2023-00. MATERIAL - R$ 34.906,66. MÃO DE OBRA - R$ 34.906,66. DADOS BANCÁRIOS: BANCO: (104) CAIXA ECONÔMICA FEDERAL AGÊNCIA: 1977. OPERAÇÃO: 003. CONTA: 3274-3."
1606;1;DINAMICA EMPREENDIMENTOS E SOLUCOES LTDA;NFSE;1750;09/04/2026;6;INSTITUTO FEDERAL DE EDUCAÇÃO, CIÊNCIA E TECNOLOGIA DO CEARÁ;CR;Não;Não;Não;Não;R$ 0,00;R$ 0,00;R$ 0,00;R$ 165,95;R$ 165,95;R$ 165,95;MEDIÇÃO REFERENTE AO APOSTILAMENTO DO REAJUSTE CONTRATUAL - OBJETO: CONTRATAÇÃO DE SERVIÇO COMUM DE ENGENHARIA DE MANUTENÇÃO PREVENTIVA DAS SUBESTAÇÕES DO IFCE - GRUPO 02 - CAMPUS TIANGUÁ. CONTRATO Nº 29/2023. PROCESSO Nº 23255.001512/2023-00. DADOS BANCÁRIOS: BANCO: (104) CAIXA ECONÔMICA FEDERAL AGÊNCIA: 1977. OPERAÇÃO: 003. CONTA: 3274-3.
1607;1;DINAMICA EMPREENDIMENTOS E SOLUCOES LTDA;NFSE;1751;09/04/2026;6;INSTITUTO FEDERAL DE EDUCAÇÃO, CIÊNCIA E TECNOLOGIA DO CEARÁ;CR;Não;Não;Não;Não;R$ 0,00;R$ 0,00;R$ 0,00;R$ 8.736,30;R$ 8.736,30;R$ 8.736,30;"4ª MEDIÇÃO - OBJETO: CONTRATAÇÃO DE SERVIÇO COMUM DE ENGENHARIA DE MANUTENÇÃO CORRETIVA E PREVENTIVA DAS SUBESTAÇÕES DO IFCE - GRUPO 04 - CAMPUS MOMBAÇA. ""SERVIÇO DE EXECUÇÃO PREVENTIVA"" CONTRATO Nº 32 / 2023. PROCESSO Nº 23255.001512/2023-00. DADOS BANCÁRIOS: BANCO: (104) CAIXA ECONÔMICA FEDERAL AGÊNCIA: 1977. OPERAÇÃO: 003. CONTA: 3274-3."
1608;1;DINAMICA EMPREENDIMENTOS E SOLUCOES LTDA;NFSE;1752;09/04/2026;6;INSTITUTO FEDERAL DE EDUCAÇÃO, CIÊNCIA E TECNOLOGIA DO CEARÁ;CR;Não;Não;Não;Não;R$ 0,00;R$ 0,00;R$ 0,00;R$ 352,27;R$ 352,27;R$ 352,27;MEDIÇÃO REFERENTE AO APOSTILAMENTO DO REAJUSTE CONTRATUAL - OBJETO: CONTRATAÇÃO DE SERVIÇO COMUM DE ENGENHARIA DE MANUTENÇÃO PREVENTIVA DAS SUBESTAÇÕES DO IFCE - GRUPO 04 - CAMPUS MOMBAÇA. CONTRATO Nº 29/2023. PROCESSO Nº 23255.001512/2023-00. DADOS BANCÁRIOS: BANCO: (104) CAIXA ECONÔMICA FEDERAL AGÊNCIA: 1977. OPERAÇÃO: 003. CONTA: 3274-3.
1609;1;DINAMICA EMPREENDIMENTOS E SOLUCOES LTDA;NFSE;1753;15/04/2026;6;INSTITUTO FEDERAL DE EDUCAÇÃO, CIÊNCIA E TECNOLOGIA DO CEARÁ;CR;Não;Não;Não;Não;R$ 0,00;R$ 0,00;R$ 2.655,96;R$ 0,00;R$ 2.655,96;R$ 2.655,96;"6ª MEDIÇÃO - OBJETO: CONTRATAÇÃO DE SERVIÇO COMUM DE ENGENHARIA DE MANUTENÇÃO CORRETIVA E EMERGENCIAL DAS SUBESTAÇÕES DO IFCE - GRUPO 02 - CAMPUS ITAPIPOCA. ""SERVIÇO DE EXECUÇÃO PREVENTIVA"" CONTRATO Nº 30 / 2023. PROCESSO Nº 23255.001512/2023-00. DADOS BANCÁRIOS: BANCO: (104) CAIXA ECONÔMICA FEDERAL AGÊNCIA: 1977. OPERAÇÃO: 003. CONTA: 3274-3."
1610;1;DINAMICA EMPREENDIMENTOS E SOLUCOES LTDA;NFSE;1754;15/04/2026;6;INSTITUTO FEDERAL DE EDUCAÇÃO, CIÊNCIA E TECNOLOGIA DO CEARÁ;CR;Não;Não;Não;Não;R$ 0,00;R$ 0,00;R$ 441,40;R$ 0,00;R$ 441,40;R$ 441,40;MEDIÇÃO REFERENTE AO APOSTILAMENTO DO REAJUSTE CONTRATUAL - OBJETO: CONTRATAÇÃO DE SERVIÇO COMUM DE ENGENHARIA DE MANUTENÇÃO PREVENTIVA DAS SUBESTAÇÕES DO IFCE - GRUPO 02 - CAMPUS ITAPIPOCA. CONTRATO Nº 29/2023. PROCESSO Nº 23255.001512/2023-00. DADOS BANCÁRIOS: BANCO: (104) CAIXA ECONÔMICA FEDERAL AGÊNCIA: 1977. OPERAÇÃO: 003. CONTA: 3274-3.
1611;1;DINAMICA EMPREENDIMENTOS E SOLUCOES LTDA;NFSE;1755;16/04/2026;6;INSTITUTO FEDERAL DE EDUCAÇÃO, CIÊNCIA E TECNOLOGIA DO CEARÁ;CR;Não;Não;Não;Não;R$ 0,00;R$ 0,00;R$ 0,00;R$ 17.388,48;R$ 17.388,48;R$ 17.388,48;"5ª MEDIÇÃO - OBJETO: CONTRATAÇÃO DE SERVIÇO COMUM DE ENGENHARIA DE MANUTENÇÃO PREVENTIVA E CORRETIVA DAS SUBESTAÇÕES DO IFCE - GRUPO 01 - CAMPUS BATURITE. ""SERVIÇO DE EXECUÇÃO PREVENTIVA"" CONTRATO Nº 29 / 2023. PROCESSO Nº 23255.001512/2023-00. DADOS BANCÁRIOS: BANCO: (104) CAIXA ECONÔMICA FEDERAL AGÊNCIA: 1977. OPERAÇÃO: 003. CONTA: 3274-3."
1612;1;DINAMICA EMPREENDIMENTOS E SOLUCOES LTDA;NFSE;1756;16/04/2026;6;INSTITUTO FEDERAL DE EDUCAÇÃO, CIÊNCIA E TECNOLOGIA DO CEARÁ;CR;Não;Não;Não;Não;R$ 0,00;R$ 0,00;R$ 0,00;R$ 701,14;R$ 701,14;R$ 701,14;MEDIÇÃO REFERENTE AO APOSTILAMENTO DO REAJUSTE CONTRATUAL - OBJETO: CONTRATAÇÃO DE SERVIÇO COMUM DE ENGENHARIA DE MANUTENÇÃO PREVENTIVA E CORRETIVA DAS SUBESTAÇÕES DO IFCE - GRUPO 01 - CAMPUS BATURITÉ CONTRATO Nº 29 / 2023. PROCESSO Nº 23255.001512/2023-00. DADOS BANCÁRIOS: BANCO: (104) CAIXA ECONÔMICA FEDERAL AGÊNCIA: 1977. OPERAÇÃO: 003. CONTA: 3274-3. CNPJ / PIX: 25.025.604/0001-13
1613;1;DINAMICA EMPREENDIMENTOS E SOLUCOES LTDA;NFSE;1757;16/04/2026;6;INSTITUTO FEDERAL DE EDUCAÇÃO, CIÊNCIA E TECNOLOGIA DO CEARÁ;CR;Não;Não;Não;Não;R$ 0,00;R$ 0,00;R$ 0,00;R$ 1.191,33;R$ 1.191,33;R$ 1.191,33;"6ª MEDIÇÃO - OBJETO: CONTRATAÇÃO DE SERVIÇO COMUM DE ENGENHARIA DE MANUTENÇÃO PREVENTIVA E CORRETIVA DAS SUBESTAÇÕES DO IFCE - GRUPO 01 - CAMPUS BATURITE. ""SERVIÇO DE EXECUÇÃO EMERGENCIAL"" CONTRATO Nº 29 / 2023. PROCESSO Nº 23255.001512/2023-00. DADOS BANCÁRIOS: BANCO: (104) CAIXA ECONÔMICA FEDERAL AGÊNCIA: 1977. OPERAÇÃO: 003. CONTA: 3274-3."
1614;1;DINAMICA EMPREENDIMENTOS E SOLUCOES LTDA;NFSE;1758;16/04/2026;6;INSTITUTO FEDERAL DE EDUCAÇÃO, CIÊNCIA E TECNOLOGIA DO CEARÁ;CR;Não;Não;Não;Não;R$ 0,00;R$ 0,00;R$ 0,00;R$ 48,04;R$ 48,04;R$ 48,04;MEDIÇÃO REFERENTE AO APOSTILAMENTO DO REAJUSTE CONTRATUAL - OBJETO: CONTRATAÇÃO DE SERVIÇO COMUM DE ENGENHARIA DE MANUTENÇÃO PREVENTIVA E CORRETIVA DAS SUBESTAÇÕES DO IFCE - GRUPO 01 - CAMPUS BATURITÉ CONTRATO Nº 29 / 2023. PROCESSO Nº 23255.001512/2023-00. DADOS BANCÁRIOS: BANCO: (104) CAIXA ECONÔMICA FEDERAL AGÊNCIA: 1977. OPERAÇÃO: 003. CONTA: 3274-3. CNPJ / PIX: 25.025.604/0001-13
1615;1;DINAMICA EMPREENDIMENTOS E SOLUCOES LTDA;NFSE;1759;16/04/2026;6;INSTITUTO FEDERAL DE EDUCAÇÃO, CIÊNCIA E TECNOLOGIA DO CEARÁ;CR;Não;Não;Não;Não;R$ 0,00;R$ 0,00;R$ 0,00;R$ 16.586,95;R$ 16.586,95;R$ 16.586,95;"7ª MEDIÇÃO - OBJETO: CONTRATAÇÃO DE SERVIÇO COMUM DE ENGENHARIA DE MANUTENÇÃO PREVENTIVA E CORRETIVA DAS SUBESTAÇÕES DO IFCE - GRUPO 01 - CAMPUS BATURITE. ""SERVIÇO DE EXECUÇÃO CORRETIVA"" CONTRATO Nº 29 / 2023. PROCESSO Nº 23255.001512/2023-00. DADOS BANCÁRIOS: BANCO: (104) CAIXA ECONÔMICA FEDERAL AGÊNCIA: 1977. OPERAÇÃO: 003. CONTA: 3274-3."
1616;1;DINAMICA EMPREENDIMENTOS E SOLUCOES LTDA;NFSE;1760;16/04/2026;6;INSTITUTO FEDERAL DE EDUCAÇÃO, CIÊNCIA E TECNOLOGIA DO CEARÁ;CR;Não;Não;Não;Não;R$ 0,00;R$ 0,00;R$ 0,00;R$ 882,73;R$ 882,73;R$ 882,73;MEDIÇÃO REFERENTE AO APOSTILAMENTO DO REAJUSTE CONTRATUAL - OBJETO: CONTRATAÇÃO DE SERVIÇO COMUM DE ENGENHARIA DE MANUTENÇÃO PREVENTIVA E CORRETIVA DAS SUBESTAÇÕES DO IFCE - GRUPO 01 - CAMPUS BATURITÉ CONTRATO Nº 29 / 2023. PROCESSO Nº 23255.001512/2023-00. DADOS BANCÁRIOS: BANCO: (104) CAIXA ECONÔMICA FEDERAL AGÊNCIA: 1977. OPERAÇÃO: 003. CONTA: 3274-3. CNPJ / PIX: 25.025.604/0001-13
1617;1;DINAMICA EMPREENDIMENTOS E SOLUCOES LTDA;NFSE;1761;16/04/2026;6;INSTITUTO FEDERAL DE EDUCAÇÃO, CIÊNCIA E TECNOLOGIA DO CEARÁ;CR;Não;Não;Não;Não;R$ 0,00;R$ 0,00;R$ 0,00;R$ 3.154,68;R$ 3.154,68;R$ 3.154,68;"8ª MEDIÇÃO - OBJETO: CONTRATAÇÃO DE SERVIÇO COMUM DE ENGENHARIA DE MANUTENÇÃO PREVENTIVA E CORRETIVA DAS SUBESTAÇÕES DO IFCE - GRUPO 01 - CAMPUS BATURITE. ""SERVIÇO DE EXECUÇÃO CORRETIVA"" CONTRATO Nº 29 / 2023. PROCESSO Nº 23255.001512/2023-00. DADOS BANCÁRIOS: BANCO: (104) CAIXA ECONÔMICA FEDERAL AGÊNCIA: 1977. OPERAÇÃO: 003. CONTA: 3274-3."
1618;1;DINAMICA EMPREENDIMENTOS E SOLUCOES LTDA;NFSE;1762;16/04/2026;6;INSTITUTO FEDERAL DE EDUCAÇÃO, CIÊNCIA E TECNOLOGIA DO CEARÁ;CR;Não;Não;Não;Não;R$ 0,00;R$ 0,00;R$ 0,00;R$ 127,20;R$ 127,20;R$ 127,20;MEDIÇÃO REFERENTE AO APOSTILAMENTO DO REAJUSTE CONTRATUAL - OBJETO: CONTRATAÇÃO DE SERVIÇO COMUM DE ENGENHARIA DE MANUTENÇÃO PREVENTIVA E CORRETIVA DAS SUBESTAÇÕES DO IFCE - GRUPO 01 - CAMPUS BATURITÉ CONTRATO Nº 29 / 2023. PROCESSO Nº 23255.001512/2023-00. DADOS BANCÁRIOS: BANCO: (104) CAIXA ECONÔMICA FEDERAL AGÊNCIA: 1977. OPERAÇÃO: 003. CONTA: 3274-3. CNPJ / PIX: 25.025.604/0001-13
1619;1;DINAMICA EMPREENDIMENTOS E SOLUCOES LTDA;NFSE;1763;20/04/2026;6;INSTITUTO FEDERAL DE EDUCAÇÃO, CIÊNCIA E TECNOLOGIA DO CEARÁ;CR;Não;Não;Não;Não;R$ 0,00;R$ 0,00;R$ 17.386,94;R$ 0,00;R$ 17.386,94;R$ 17.386,94;"6ª MEDIÇÃO - OBJETO: CONTRATAÇÃO DE SERVIÇO COMUM DE ENGENHARIA DE MANUTENÇÃO PREVENTIVA E CORRETIVA DAS SUBESTAÇÕES DO IFCE - GRUPO 02 - CAMPUS UBAJARA. ""SERVIÇO DE EXECUÇÃO PREVENTIVA"" CONTRATO Nº 29 / 2023. PROCESSO Nº 23255.001512/2023-00. DADOS BANCÁRIOS: BANCO: (104) CAIXA ECONÔMICA FEDERAL AGÊNCIA: 1977. OPERAÇÃO: 003. CONTA: 3274-3."
1620;1;DINAMICA EMPREENDIMENTOS E SOLUCOES LTDA;NFSE;1764;20/04/2026;6;INSTITUTO FEDERAL DE EDUCAÇÃO, CIÊNCIA E TECNOLOGIA DO CEARÁ;CR;Não;Não;Não;Não;R$ 0,00;R$ 0,00;R$ 701,08;R$ 0,00;R$ 701,08;R$ 701,08;MEDIÇÃO REFERENTE AO APOSTILAMENTO DO REAJUSTE CONTRATUAL - OBJETO: CONTRATAÇÃO DE SERVIÇO COMUM DE ENGENHARIA DE MANUTENÇÃO PREVENTIVA E CORRETIVA DAS SUBESTAÇÕES DO IFCE - GRUPO 02 - CAMPUS UBAJARA CONTRATO Nº 29 / 2023. PROCESSO Nº 23255.001512/2023-00. DADOS BANCÁRIOS: BANCO: (104) CAIXA ECONÔMICA FEDERAL AGÊNCIA: 1977. OPERAÇÃO: 003. CONTA: 3274-3. CNPJ / PIX: 25.025.604/0001-13
1621;1;DINAMICA EMPREENDIMENTOS E SOLUCOES LTDA;NFSE;1765;23/04/2026;6;INSTITUTO FEDERAL DE EDUCAÇÃO, CIÊNCIA E TECNOLOGIA DO CEARÁ;CR;Não;Não;Não;Não;R$ 0,00;R$ 0,00;R$ 16.614,90;R$ 0,00;R$ 16.614,90;R$ 16.614,90;"6ª MEDIÇÃO - OBJETO: CONTRATAÇÃO DE SERVIÇO COMUM DE ENGENHARIA DE MANUTENÇÃO PREVENTIVA E CORRETIVA DAS SUBESTAÇÕES DO IFCE - GRUPO 02 - CAMPUS TIANGUÁ. ""SERVIÇO DE EXECUÇÃO PREVENTIVA"" CONTRATO Nº 29 / 2023. PROCESSO Nº 23255.001512/2023-00. DADOS BANCÁRIOS: BANCO: (104) CAIXA ECONÔMICA FEDERAL AGÊNCIA: 1977. OPERAÇÃO: 003. CONTA: 3274-3."
1622;1;DINAMICA EMPREENDIMENTOS E SOLUCOES LTDA;NFSE;1766;23/04/2026;6;INSTITUTO FEDERAL DE EDUCAÇÃO, CIÊNCIA E TECNOLOGIA DO CEARÁ;CR;Não;Não;Não;Não;R$ 0,00;R$ 0,00;R$ 669,95;R$ 0,00;R$ 669,95;R$ 669,95;MEDIÇÃO REFERENTE AO APOSTILAMENTO DO REAJUSTE CONTRATUAL - OBJETO: CONTRATAÇÃO DE SERVIÇO COMUM DE ENGENHARIA DE MANUTENÇÃO PREVENTIVA E CORRETIVA DAS SUBESTAÇÕES DO IFCE - GRUPO 02 - CAMPUS TIANGUÁ CONTRATO Nº 29 / 2023. PROCESSO Nº 23255.001512/2023-00. DADOS BANCÁRIOS: BANCO: (104) CAIXA ECONÔMICA FEDERAL AGÊNCIA: 1977. OPERAÇÃO: 003. CONTA: 3274-3.
1623;1;DINAMICA EMPREENDIMENTOS E SOLUCOES LTDA;NFSE;1767;23/04/2026;96;DEPARTAMENTO DE POLICIA RODOVIÁRIA FEDERAL;CR;Não;Não;Não;Não;R$ 0,00;R$ 0,00;R$ 72.646,85;R$ 0,00;R$ 72.646,85;R$ 72.646,85;"REFERENTE A 25ª MEDIÇÃO DO OBJETO: CONSTRUÇÃO DA UNIDADE OPERACIONAL DA POLÍCIA RODOVIÁRIA FEDERAL EM POCINHOS / PB. VALOR MEDIDO R$ 72.646,85 (PREÇOS UNITÁRIOS DA PROPOSTA ORIGINAL R$ 65.335,25 E CORREÇÃO MONETÁRIA R$ 7.311,60). CONFORME TERMO DE APOSTILAMENTO 10 (11,1909%). CONTRATO Nº 78/2022. PROCESSO Nº 08650.037267/2022-23. ""Conforme art 114 da IN 2110/2022, não se aplica a retenção referente ao recolhimento de INSS na fonte: Art. 114. Não se aplica a retenção de que trata o art. 110 à contratação de serviços: II - por órgãos públicos da administração direta, autarquias e fundações de direito público, quando contratantes de obra de construção civil, reforma ou acréscimo, por meio de empreitada total, observado o disposto no inciso II do § 2º do art. 135."" DADOS BANCÁRIOS: BANCO: (104) CAIXA ECONÔMICA FEDERAL AGÊNCIA: 1977. OPERAÇÃO: 003. CONTA: 3274-3."
1624;1;DINAMICA EMPREENDIMENTOS E SOLUCOES LTDA;NFSE;1768;24/04/2026;6;INSTITUTO FEDERAL DE EDUCAÇÃO, CIÊNCIA E TECNOLOGIA DO CEARÁ;CR;Não;Não;Não;Não;R$ 0,00;R$ 0,00;R$ 77.796,27;R$ 0,00;R$ 77.796,27;R$ 77.796,27;"5ª MEDIÇÃO - OBJETO: CONTRATAÇÃO DE SERVIÇO COMUM DE ENGENHARIA DE MANUTENÇÃO PREVENTIVA E CORRETIVA DAS SUBESTAÇÕES DO IFCE - GRUPO 04 - CAMPUS IGUATU. ""SERVIÇO DE EXECUÇÃO PREVENTIVA"" CONTRATO Nº 29 / 2023. PROCESSO Nº 23255.001512/2023-00. DADOS BANCÁRIOS: BANCO: (104) CAIXA ECONÔMICA FEDERAL AGÊNCIA: 1977. OPERAÇÃO: 003. CONTA: 3274-3."
1625;1;DINAMICA EMPREENDIMENTOS E SOLUCOES LTDA;NFSE;1769;24/04/2026;6;INSTITUTO FEDERAL DE EDUCAÇÃO, CIÊNCIA E TECNOLOGIA DO CEARÁ;CR;Não;Não;Não;Não;R$ 0,00;R$ 0,00;R$ 3.136,90;R$ 0,00;R$ 3.136,90;R$ 3.136,90;MEDIÇÃO REFERENTE AO APOSTILAMENTO DO REAJUSTE CONTRATUAL - OBJETO: CONTRATAÇÃO DE SERVIÇO COMUM DE ENGENHARIA DE MANUTENÇÃO PREVENTIVA E CORRETIVA DAS SUBESTAÇÕES DO IFCE - GRUPO 04 - CAMPUS IGUATU CONTRATO Nº 29 / 2023. PROCESSO Nº 23255.001512/2023-00. DADOS BANCÁRIOS: BANCO: (104) CAIXA ECONÔMICA FEDERAL AGÊNCIA: 1977. OPERAÇÃO: 003. CONTA: 3274-3.
1626;1;DINAMICA EMPREENDIMENTOS E SOLUCOES LTDA;NFSE;1770;27/04/2026;6;INSTITUTO FEDERAL DE EDUCAÇÃO, CIÊNCIA E TECNOLOGIA DO CEARÁ;CR;Não;Não;Não;Não;R$ 0,00;R$ 0,00;R$ 49.850,10;R$ 0,00;R$ 49.850,10;R$ 49.850,10;"4ª MEDIÇÃO - OBJETO: CONTRATAÇÃO DE SERVIÇO COMUM DE ENGENHARIA DE MANUTENÇÃO PREVENTIVA E CORRETIVA DAS SUBESTAÇÕES DO IFCE - GRUPO 02 - CAMPUS SOBRAL. ""SERVIÇO DE EXECUÇÃO PREVENTIVA"" CONTRATO Nº 29 / 2023. PROCESSO Nº 23255.001512/2023-00. DADOS BANCÁRIOS: BANCO: (104) CAIXA ECONÔMICA FEDERAL AGÊNCIA: 1977. OPERAÇÃO: 003. CONTA: 3274-3."
1627;1;DINAMICA EMPREENDIMENTOS E SOLUCOES LTDA;NFSE;1771;27/04/2026;6;INSTITUTO FEDERAL DE EDUCAÇÃO, CIÊNCIA E TECNOLOGIA DO CEARÁ;CR;Não;Não;Não;Não;R$ 0,00;R$ 0,00;R$ 2.010,06;R$ 0,00;R$ 2.010,06;R$ 2.010,06;MEDIÇÃO REFERENTE AO APOSTILAMENTO DO REAJUSTE CONTRATUAL - OBJETO: CONTRATAÇÃO DE SERVIÇO COMUM DE ENGENHARIA DE MANUTENÇÃO PREVENTIVA E CORRETIVA DAS SUBESTAÇÕES DO IFCE - GRUPO 02 - CAMPUS SOBRAL CONTRATO Nº 29 / 2023. PROCESSO Nº 23255.001512/2023-00. DADOS BANCÁRIOS: BANCO: (104) CAIXA ECONÔMICA FEDERAL AGÊNCIA: 1977. OPERAÇÃO: 003. CONTA: 3274-3.
1628;1;DINAMICA EMPREENDIMENTOS E SOLUCOES LTDA;NFSE;1772;27/04/2026;6;INSTITUTO FEDERAL DE EDUCAÇÃO, CIÊNCIA E TECNOLOGIA DO CEARÁ;CR;Não;Não;Não;Não;R$ 0,00;R$ 0,00;R$ 2.492,18;R$ 0,00;R$ 2.492,18;R$ 2.492,18;"14ª MEDIÇÃO - OBJETO: CONTRATAÇÃO DE SERVIÇO COMUM DE ENGENHARIA DE MANUTENÇÃO PREVENTIVA E CORRETIVA DAS SUBESTAÇÕES DO IFCE - GRUPO 02 - CAMPUS CAMOCIM. ""SERVIÇO DE EXECUÇÃO EMERGENCIAL"" CONTRATO Nº 29 / 2023. PROCESSO Nº 23255.001512/2023-00. DADOS BANCÁRIOS: BANCO: (104) CAIXA ECONÔMICA FEDERAL AGÊNCIA: 1977. OPERAÇÃO: 003. CONTA: 3274-3."
1629;1;DINAMICA EMPREENDIMENTOS E SOLUCOES LTDA;NFSE;1773;27/04/2026;6;INSTITUTO FEDERAL DE EDUCAÇÃO, CIÊNCIA E TECNOLOGIA DO CEARÁ;CR;Não;Não;Não;Não;R$ 0,00;R$ 0,00;R$ 100,49;R$ 0,00;R$ 100,49;R$ 100,49;MEDIÇÃO REFERENTE AO APOSTILAMENTO DO REAJUSTE CONTRATUAL - OBJETO: CONTRATAÇÃO DE SERVIÇO COMUM DE ENGENHARIA DE MANUTENÇÃO PREVENTIVA E CORRETIVA DAS SUBESTAÇÕES DO IFCE - GRUPO 02 - CAMPUS CAMOCIM CONTRATO Nº 29 / 2023. PROCESSO Nº 23255.001512/2023-00. DADOS BANCÁRIOS: BANCO: (104) CAIXA ECONÔMICA FEDERAL AGÊNCIA: 1977. OPERAÇÃO: 003. CONTA: 3274-3.
1630;1;DINAMICA EMPREENDIMENTOS E SOLUCOES LTDA;NFSE;1774;27/04/2026;6;INSTITUTO FEDERAL DE EDUCAÇÃO, CIÊNCIA E TECNOLOGIA DO CEARÁ;CR;Não;Não;Não;Não;R$ 0,00;R$ 0,00;R$ 2.814,16;R$ 0,00;R$ 2.814,16;R$ 2.814,16;"15ª MEDIÇÃO - OBJETO: CONTRATAÇÃO DE SERVIÇO COMUM DE ENGENHARIA DE MANUTENÇÃO PREVENTIVA E CORRETIVA DAS SUBESTAÇÕES DO IFCE - GRUPO 02 - CAMPUS CAMOCIM. ""SERVIÇO DE EXECUÇÃO EMERGENCIAL"" CONTRATO Nº 29 / 2023. PROCESSO Nº 23255.001512/2023-00. DADOS BANCÁRIOS: BANCO: (104) CAIXA ECONÔMICA FEDERAL AGÊNCIA: 1977. OPERAÇÃO: 003. CONTA: 3274-3."
1631;1;DINAMICA EMPREENDIMENTOS E SOLUCOES LTDA;NFSE;1775;27/04/2026;6;INSTITUTO FEDERAL DE EDUCAÇÃO, CIÊNCIA E TECNOLOGIA DO CEARÁ;CR;Não;Não;Não;Não;R$ 0,00;R$ 0,00;R$ 113,47;R$ 0,00;R$ 113,47;R$ 113,47;MEDIÇÃO REFERENTE AO APOSTILAMENTO DO REAJUSTE CONTRATUAL - OBJETO: CONTRATAÇÃO DE SERVIÇO COMUM DE ENGENHARIA DE MANUTENÇÃO PREVENTIVA E CORRETIVA DAS SUBESTAÇÕES DO IFCE - GRUPO 02 - CAMPUS CAMOCIM CONTRATO Nº 29 / 2023. PROCESSO Nº 23255.001512/2023-00. DADOS BANCÁRIOS: BANCO: (104) CAIXA ECONÔMICA FEDERAL AGÊNCIA: 1977. OPERAÇÃO: 003. CONTA: 3274-3.
1632;1;DINAMICA EMPREENDIMENTOS E SOLUCOES LTDA;NFSE;1776;27/04/2026;6;INSTITUTO FEDERAL DE EDUCAÇÃO, CIÊNCIA E TECNOLOGIA DO CEARÁ;CR;Não;Não;Não;Não;R$ 0,00;R$ 0,00;R$ 91.246,18;R$ 0,00;R$ 91.246,18;R$ 91.246,18;"REFERENTE A 12ª MEDIÇÃO DO OBJETO: CONTRATAÇÃO DE EMPRESA PARA EXECUÇÃO DE OBRA PARA CONSTRUÇÃO DE UNIDADES DE ALIMENTAÇÃO NUTRICIONAL NO CAMPUS HORIZONTE DO IFCE NO SISTEMA CONSTRUTIVO STEEL FRAME. CONTRATO DE OBRA DE ENGENHARIA Nº 07/2025. PROCESSO Nº 23255.006679/2024-30. MATERIAL 50% - R$ 45.623,09. MÃO DE OBRA - 50% - R$ 45.623,09. ""Considerando que o inciso VII do art. 114 e o anexo VI da Instrução Normativa no 2.110/22 da Receita Federal do Brasil prevê a não aplicação do instituto da retenção do INSS quando o órgão público efetuar contratação de obra de construção civil, reforma ou acréscimo e, por consequência, afasta a responsabilidade solidária da Administração Pública nesses casos (art. 135, § 2°,II)"" DADOS BANCÁRIOS: BANCO: (033) SANTANDER AGÊNCIA: 3132 CONTA: 13013643-8 CNPJ: 25.025.604/0001-13"
1633;1;DINAMICA EMPREENDIMENTOS E SOLUCOES LTDA;NFSE;1781;28/04/2026;6;INSTITUTO FEDERAL DE EDUCAÇÃO, CIÊNCIA E TECNOLOGIA DO CEARÁ;CR;Não;Não;Não;Não;R$ 0,00;R$ 0,00;R$ 69.306,37;R$ 0,00;R$ 69.306,37;R$ 69.306,37;"REFERENTE A 11ª MEDIÇÃO (R$ 52.541,52) E 03ª ADITIVO (R$ 16.764,85) DO OBJETO: CONTRATAÇÃO DE EMPRESA PARA EXECUÇÃO DE OBRA PARA CONSTRUÇÃO DE UNIDADES DE ALIMENTAÇÃO NUTRICIONAL NO CAMPUS CAMOCIM DO IFCE NO SISTEMA CONSTRUTIVO STEEL FRAME. CONTRATO DE OBRA DE ENGENHARIA Nº 11/2025. PROCESSO Nº 23255.000873/2025-92. MATERIAL 40% - R$ 27.722,55. MÃO DE OBRA - 60%- R$ 41583,82. ""Considerando que o inciso VII do art. 114 e o anexo VI da Instrução Normativa no 2.110/22 da Receita Federal do Brasil prevê a não aplicação do instituto da retenção do INSS quando o órgão público efetuar contratação de obra de construção civil, reforma ou acréscimo e, por consequência, afasta a responsabilidade solidária da Administração Pública nesses casos (art. 135, § 2°,II)"" DADOS BANCÁRIOS: BANCO: (033) SANTANDER AGÊNCIA: 3132 CONTA: 13013643-8 CNPJ: 25.025.604/0001-13"
1634;1;DINAMICA EMPREENDIMENTOS E SOLUCOES LTDA;NFSE;1782;28/04/2026;6;INSTITUTO FEDERAL DE EDUCAÇÃO, CIÊNCIA E TECNOLOGIA DO CEARÁ;CR;Não;Não;Não;Não;R$ 0,00;R$ 0,00;R$ 5.142,12;R$ 0,00;R$ 5.142,12;R$ 5.142,12;"REFERENTE A 04ª REAJUSTE DO OBJETO: CONTRATAÇÃO DE EMPRESA PARA EXECUÇÃO DE OBRA PARA CONSTRUÇÃO DE UNIDADES DE ALIMENTAÇÃO NUTRICIONAL NO CAMPUS CAMOCIM DO IFCE NO SISTEMA CONSTRUTIVO STEEL FRAME. CONTRATO DE OBRA DE ENGENHARIA Nº 11/2025. PROCESSO Nº 23255.000873/2025-92. MATERIAL 40% - R$ 2.056,85. MÃO DE OBRA - 60%- R$ 3.085,27. ""Considerando que o inciso VII do art. 114 e o anexo VI da Instrução Normativa no 2.110/22 da Receita Federal do Brasil prevê a não aplicação do instituto da retenção do INSS quando o órgão público efetuar contratação de obra de construção civil, reforma ou acréscimo e, por consequência, afasta a responsabilidade solidária da Administração Pública nesses casos (art. 135, § 2°,II)"" DADOS BANCÁRIOS: BANCO: (033) SANTANDER AGÊNCIA: 3132 CONTA: 13013643-8 CNPJ: 25.025.604/0001-13"
1635;1;DINAMICA EMPREENDIMENTOS E SOLUCOES LTDA;NFSE;1785;28/04/2026;6;INSTITUTO FEDERAL DE EDUCAÇÃO, CIÊNCIA E TECNOLOGIA DO CEARÁ;CR;Não;Não;Não;Não;R$ 0,00;R$ 0,00;R$ 75.529,14;R$ 0,00;R$ 75.529,14;R$ 75.529,14;"REFERENTE A 11ª MEDIÇÃO (R$ 71.368,85) E 03ª ADITIVO (R$ 4.160,29) DO OBJETO: CONTRATAÇÃO DE EMPRESA PARA EXECUÇÃO DE OBRA PARA CONSTRUÇÃO DE UNIDADES DE ALIMENTAÇÃO NUTRICIONAL NO CAMPUS TIANGUÁ DO IFCE NO SISTEMA CONSTRUTIVO STEEL FRAME. CONTRATO DE OBRA DE ENGENHARIA Nº 08/2025. PROCESSO Nº 23255.000868/2025-80. MATERIAL 40% - R$ 30.211,66. MÃO DE OBRA - 60%- R$ 45.317,48. ""Considerando que o inciso VII do art. 114 e o anexo VI da Instrução Normativa no 2.110/22 da Receita Federal do Brasil prevê a não aplicação do instituto da retenção do INSS quando o órgão público efetuar contratação de obra de construção civil, reforma ou acréscimo e, por consequência, afasta a responsabilidade solidária da Administração Pública nesses casos (art. 135, § 2°,II)"" DADOS BANCÁRIOS: BANCO: (033) SANTANDER AGÊNCIA: 3132 CONTA: 13013643-8 CNPJ: 25.025.604/0001-13"
1636;1;DINAMICA EMPREENDIMENTOS E SOLUCOES LTDA;NFSE;1786;28/04/2026;6;INSTITUTO FEDERAL DE EDUCAÇÃO, CIÊNCIA E TECNOLOGIA DO CEARÁ;CR;Não;Não;Não;Não;R$ 0,00;R$ 0,00;R$ 153.048,74;R$ 0,00;R$ 153.048,74;R$ 153.048,74;"MEDIÇÃO REFERENTE AO APOSTILAMENTO DO REAJUSTE CONTRATUAL - OBJETO: CONTRATAÇÃO DE EMPRESA PARA EXECUÇÃO DE OBRA PARA CONSTRUÇÃO DE UNIDADES DE ALIMENTAÇÃO NUTRICIONAL NO CAMPUS TIANGUÁ DO IFCE NO SISTEMA CONSTRUTIVO STEEL FRAME. CONTRATO DE OBRA DE ENGENHARIA Nº 08/2025. PROCESSO Nº 23255.000868/2025-80. ""Considerando que o inciso VII do art. 114 e o anexo VI da Instrução Normativa no 2.110/22 da Receita Federal do Brasil prevê a não aplicação do instituto da retenção do INSS quando o órgão público efetuar contratação de obra de construção civil, reforma ou acréscimo e, por consequência, afasta a responsabilidade solidária da Administração Pública nesses casos (art. 135, § 2°,II)"" DADOS BANCÁRIOS: BANCO: (033) SANTANDER AGÊNCIA: 3132 CONTA: 13013643-8 CNPJ: 25.025.604/0001-13"
1637;1;DINAMICA EMPREENDIMENTOS E SOLUCOES LTDA;NFSE;1787;28/04/2026;6;INSTITUTO FEDERAL DE EDUCAÇÃO, CIÊNCIA E TECNOLOGIA DO CEARÁ;CR;Não;Não;Não;Não;R$ 0,00;R$ 0,00;R$ 19.999,24;R$ 0,00;R$ 19.999,24;R$ 19.999,24;"5ª, 6ª E 7ª MEDIÇÃO - OBJETO: CONTRATAÇÃO DE SERVIÇO COMUM DE ENGENHARIA DE MANUTENÇÃO PREVENTIVA E CORRETIVA DAS SUBESTAÇÕES DO IFCE - GRUPO 02 - CAMPUS SOBRAL. ""SERVIÇO DE EXECUÇÃO EMERGÊNCIA, EMERGENCIAL E CORRETIVA"" CONTRATO Nº 29 / 2023. PROCESSO Nº 23255.001512/2023-00. DADOS BANCÁRIOS: BANCO: (104) CAIXA ECONÔMICA FEDERAL AGÊNCIA: 1977 OPERAÇÃO: 003 CONTA: 3274-3"
1638;1;DINAMICA EMPREENDIMENTOS E SOLUCOES LTDA;NFSE;1788;28/04/2026;6;INSTITUTO FEDERAL DE EDUCAÇÃO, CIÊNCIA E TECNOLOGIA DO CEARÁ;CR;Não;Não;Não;Não;R$ 0,00;R$ 0,00;R$ 806,41;R$ 0,00;R$ 806,41;R$ 806,41;MEDIÇÃO REFERENTE AO APOSTILAMENTO DO REAJUSTE CONTRATUAL - OBJETO: CONTRATAÇÃO DE SERVIÇO COMUM DE ENGENHARIA DE MANUTENÇÃO PREVENTIVA E CORRETIVA DAS SUBESTAÇÕES DO IFCE - GRUPO 02 - CAMPUS SOBRAL CONTRATO Nº 29 / 2023. PROCESSO Nº 23255.001512/2023-00. DADOS BANCÁRIOS: BANCO: (104) CAIXA ECONÔMICA FEDERAL AGÊNCIA: 1977. OPERAÇÃO: 003. CONTA: 3274-3.
1639;1;DINAMICA EMPREENDIMENTOS E SOLUCOES LTDA;NFSE;1789;29/04/2026;6;INSTITUTO FEDERAL DE EDUCAÇÃO, CIÊNCIA E TECNOLOGIA DO CEARÁ;CR;Não;Não;Não;Não;R$ 0,00;R$ 0,00;R$ 243.191,90;R$ 0,00;R$ 243.191,90;R$ 243.191,90;"REFERENTE A 5° MEDIÇÃO DO OBJETO: CONTRATAÇÃO DE EMPRESA PARA EXECUÇÃO DE OBRA PARA CONSTRUÇÃO DE UNIDADES DE ALIMENTAÇÃO NUTRICIONAL NO CAMPUS BATURITÉ DO IFCE NO SISTEMA CONSTRUTIVO STEEL FRAME. CONTRATO DE OBRA DE ENGENHARIA Nº 10/2025. PROCESSO Nº 23255.000872/2025-48. MATERIAL 40% - R$ 97.276,76. MÃO DE OBRA 60% - R$ 145.915,14. ""Considerando que o inciso VII do art. 114 e o anexo VI da Instrução Normativa no 2.110/22 da Receita Federal do Brasil prevê a não aplicação do instituto da retenção do INSS quando o órgão público efetuar contratação de obra de construção civil, reforma ou acréscimo e, por consequência, afasta a responsabilidade solidária da Administração Pública nesses casos (art. 135, § 2°,II)"" DADOS BANCÁRIOS: BANCO: (033) SANTANDER AGÊNCIA: 3132 CONTA: 13013643-8 CNPJ: 25.025.604/0001-13"
1640;1;DINAMICA EMPREENDIMENTOS E SOLUCOES LTDA;NFSE;1790;29/04/2026;6;INSTITUTO FEDERAL DE EDUCAÇÃO, CIÊNCIA E TECNOLOGIA DO CEARÁ;CR;Não;Não;Não;Não;R$ 0,00;R$ 0,00;R$ 18.043,38;R$ 0,00;R$ 18.043,38;R$ 18.043,38;"MEDIÇÃO REFERENTE AO APOSTILAMENTO DO REAJUSTE CONTRATUAL - OBJETO: CONTRATAÇÃO DE EMPRESA PARA EXECUÇÃO DE OBRA PARA CONSTRUÇÃO DE UNIDADES DE ALIMENTAÇÃO NUTRICIONAL NO CAMPUS BATURITÉ DO IFCE NO SISTEMA CONSTRUTIVO STEEL FRAME. CONTRATO DE OBRA DE ENGENHARIA Nº 10/2025. PROCESSO Nº 23255.000872/2025-48. MATERIAL 40% - R$ 7.217,35. MÃO DE OBRA 60% - R$ 10.826,03. ""Considerando que o inciso VII do art. 114 e o anexo VI da Instrução Normativa no 2.110/22 da Receita Federal do Brasil prevê a não aplicação do instituto da retenção do INSS quando o órgão público efetuar contratação de obra de construção civil, reforma ou acréscimo e, por consequência, afasta a responsabilidade solidária da Administração Pública nesses casos (art. 135, § 2°,II)"" DADOS BANCÁRIOS: BANCO: (033) SANTANDER AGÊNCIA: 3132 CONTA: 13013643 - 8 CNPJ / PIX: 25.025.604/0001-13"
1641;1;DINAMICA EMPREENDIMENTOS E SOLUCOES LTDA;NFSE;1791;30/04/2026;6;INSTITUTO FEDERAL DE EDUCAÇÃO, CIÊNCIA E TECNOLOGIA DO CEARÁ;CR;Não;Não;Não;Não;R$ 0,00;R$ 0,00;R$ 100.431,25;R$ 0,00;R$ 100.431,25;R$ 100.431,25;"REFERENTE A 12ª MEDIÇÃO DO OBJETO: CONTRATAÇÃO DE EMPRESA PARA EXECUÇÃO DE OBRA PARA CONSTRUÇÃO DE UNIDADES DE ALIMENTAÇÃO NUTRICIONAL NO CAMPUS CAUCAIA DO IFCE NO SISTEMA CONSTRUTIVO STEEL FRAME. CONTRATO DE OBRA DE ENGENHARIA Nº 12/2025. PROCESSO Nº 23255.000875/2025-81. MATERIAL 40% - R$ 40.172,50. MÃO DE OBRA - 60% - R$ 60.258,75. ""Considerando que o inciso VII do art. 114 e o anexo VI da Instrução Normativa no 2.110/22 da Receita Federal do Brasil prevê a não aplicação do instituto da retenção do INSS quando o órgão público efetuar contratação de obra de construção civil, reforma ou acréscimo e, por consequência, afasta a responsabilidade solidária da Administração Pública nesses casos (art. 135, § 2°,II)"" DADOS BANCÁRIOS: BANCO: (033) SANTANDER AGÊNCIA: 3132 CONTA: 13013643-8 CNPJ: 25.025.604/0001-13"
1642;1;DINAMICA EMPREENDIMENTOS E SOLUCOES LTDA;NFSE;1792;30/04/2026;6;INSTITUTO FEDERAL DE EDUCAÇÃO, CIÊNCIA E TECNOLOGIA DO CEARÁ;CR;Não;Não;Não;Não;R$ 0,00;R$ 0,00;R$ 26.766,29;R$ 0,00;R$ 26.766,29;R$ 26.766,29;"REFERENTE A 11ª MEDIÇÃO DO OBJETO: CONTRATAÇÃO DE EMPRESA PARA EXECUÇÃO DE OBRA PARA CONSTRUÇÃO DE UNIDADES DE ALIMENTAÇÃO NUTRICIONAL NO CAMPUS MORADA NOVA DO IFCE NO SISTEMA CONSTRUTIVO STEEL FRAME. CONTRATO DE OBRA DE ENGENHARIA No 06/2025. PROCESSO No 23255.007479/2024-02. MATERIAL 40% - R$ 10.706,52. MÃO DE OBRA - 60% - R$ 16.059,77. ""Considerando que o inciso VII do art. 114 e o anexo VI da Instrução Normativa no 2.110/22 da Receita Federal do Brasil prevê a não aplicação do instituto da retenção do INSS quando o órgão público efetuar contratação de obra de construção civil, reforma ou acréscimo e, por consequência, afasta a responsabilidade solidária da Administração Pública nesses casos (art. 135, § 2°,II)"" DADOS BANCÁRIOS: BANCO: (033) SANTANDER AGÊNCIA: 3132 CONTA: 13013643 - 8 CNPJ / PIX: 25.025.604/0001-13"
1643;1;DINAMICA EMPREENDIMENTOS E SOLUCOES LTDA;NFSE;1793;30/04/2026;6;INSTITUTO FEDERAL DE EDUCAÇÃO, CIÊNCIA E TECNOLOGIA DO CEARÁ;CR;Não;Não;Não;Não;R$ 0,00;R$ 0,00;R$ 1.919,18;R$ 0,00;R$ 1.919,18;R$ 1.919,18;"MEDIÇÃO REFERENTE AO APOSTILAMENTO DO REAJUSTE CONTRATUAL - OBJETO: CONTRATAÇÃO DE EMPRESA PARA EXECUÇÃO DE OBRA PARA CONSTRUÇÃO DE UNIDADES DE ALIMENTAÇÃO NUTRICIONAL NO CAMPUS MORADA NOVA DO IFCE NO SISTEMA CONSTRUTIVO STEEL FRAME. CONTRATO DE OBRA DE ENGENHARIA No 06/2025. PROCESSO No 23255.007479/2024-02. ""Considerando que o inciso VII do art. 114 e o anexo VI da Instrução Normativa no 2.110/22 da Receita Federal do Brasil prevê a não aplicação do instituto da retenção do INSS quando o órgão público efetuar contratação de obra de construção civil, reforma ou acréscimo e, por consequência, afasta a responsabilidade solidária da Administração Pública nesses casos (art. 135, § 2°,II)"" DADOS BANCÁRIOS: BANCO: (033) SANTANDER AGÊNCIA: 3132 CONTA: 13013643-8 CNPJ: 25.025.604/0001-13"
1644;1;DINAMICA EMPREENDIMENTOS E SOLUCOES LTDA;NFSE;1794;30/04/2026;6;INSTITUTO FEDERAL DE EDUCAÇÃO, CIÊNCIA E TECNOLOGIA DO CEARÁ;CR;Não;Não;Não;Não;R$ 0,00;R$ 0,00;R$ 17.248,90;R$ 0,00;R$ 17.248,90;R$ 17.248,90;"2ª MEDIÇÃO - OBJETO: CONTRATAÇÃO DE SERVIÇO COMUM DE ENGENHARIA DE MANUTENÇÃO PREVENTIVA E CORRETIVA DAS SUBESTAÇÕES DO IFCE - GRUPO 01 - CAMPUS MARACANAU ""SERVIÇO DE EXECUÇÃO PREVENTIVA"" CONTRATO Nº 29 / 2023. PROCESSO Nº 23255.001512/2023-00. DADOS BANCÁRIOS: BANCO: (104) CAIXA ECONÔMICA FEDERAL AGÊNCIA: 1977. OPERAÇÃO: 003."
1645;1;DINAMICA EMPREENDIMENTOS E SOLUCOES LTDA;NFSE;1795;30/04/2026;6;INSTITUTO FEDERAL DE EDUCAÇÃO, CIÊNCIA E TECNOLOGIA DO CEARÁ;CR;Não;Não;Não;Não;R$ 0,00;R$ 0,00;R$ 695,51;R$ 0,00;R$ 695,51;R$ 695,51;MEDIÇÃO REFERENTE AO APOSTILAMENTO DO REAJUSTE CONTRATUAL - OBJETO: CONTRATAÇÃO DE SERVIÇO COMUM DE ENGENHARIA DE MANUTENÇÃO PREVENTIVA E CORRETIVA DAS SUBESTAÇÕES DO IFCE - GRUPO 01 - CAMPUS MARACANAU CONTRATO Nº 29 / 2023. PROCESSO Nº 23255.001512/2023-00. DADOS BANCÁRIOS: BANCO: (104) CAIXA ECONÔMICA FEDERAL AGÊNCIA: 1977. OPERAÇÃO: 003. CONTA: 3274-3.
1646;1;DINAMICA EMPREENDIMENTOS E SOLUCOES LTDA;NFSE;1796;30/04/2026;68;PREFEITURA MUNICIPAL DE VARZEA ALEGRE;CR;Não;Não;Não;Não;R$ 0,00;R$ 0,00;R$ 500.975,10;R$ 0,00;R$ 500.975,10;R$ 500.975,10;REFERENTE A 11° MEDIÇÃO DO OBJETO: CONTRATAÇÃO DE EMPRESA PARA EXECUÇÃO DAS OBRAS DE CONSTRUÇÃO DE UMA ESCOLA (ESPAÇO EDUCATIVO URBANO - 12 SALAS DE AULA) ATRAVÉS DA SECRETARIA DE EDUCAÇÃO DO MUNICÍPIO DE VÁRZEA ALEGRE-CE. CONTRATO Nº 2024.09.26.1 CONCORRÊNCIA Nº 2023.12.28.1 MATERIAL 50% - R$ 250.487,55. MÃO DE OBRA 50% - R$ 250.487,55. DADOS BANCÁRIOS: BANCO: (104) CAIXA ECONÔMICA FEDERAL AGÊNCIA: 1977. OPERAÇÃO: 003. CONTA: 3274-
1648;1;DINAMICA EMPREENDIMENTOS E SOLUCOES LTDA;NFSE;1798;04/05/2026;93;UNIVERSIDADE DA INTEGRACAO INTERNACIONAL DA LUSOFONIA AFRO-BRASILEIRA - UNILAB;CR;Não;Não;Não;Não;R$ 0,00;R$ 0,00;R$ 97.837,25;R$ 0,00;R$ 97.837,25;R$ 97.837,25;"REFERENTE A 24ª MEDIÇÃO DO OBJETO: CONTRATAÇÃO DE SERVIÇOS COMUNS DE ENGENHARIA DE EMPRESA ESPECIALIZADA PARA A OBRA DE CONSTRUÇÃO DOS BLOCOS ANEXOS DO CAMPUS DOS MALÊS. PERÍODO DE 01/02/2026 À 28/02/2026. CONTRATO Nº 16/2023. PROCESSO Nº 23804.000809/2023-86. ""Conforme art 114 da IN 2110/2022, não se aplica a retenção referente ao recolhimento de INSS na fonte: Art. 114. Não se aplica a retenção de que trata o art. 110 à contratação de serviços: II - por órgãos públicos da administração direta, autarquias e fundações de direito público, quando contratantes de obra de construção civil, reforma ou acréscimo, por meio de empreitada total, observado o disposto no inciso II do § 2º do art. 135."" DADOS BANCÁRIOS: BANCO: (104) CAIXA ECONÔMICA FEDERAL AGÊNCIA: 1977. OPERAÇÃO: 003. CONTA: 3274-3"
1649;1;DINAMICA EMPREENDIMENTOS E SOLUCOES LTDA;NFSE;1799;04/05/2026;93;UNIVERSIDADE DA INTEGRACAO INTERNACIONAL DA LUSOFONIA AFRO-BRASILEIRA - UNILAB;CR;Não;Não;Não;Não;R$ 0,00;R$ 0,00;R$ 72.853,28;R$ 0,00;R$ 72.853,28;R$ 72.853,28;"REFERENTE A 25ª MEDIÇÃO DO OBJETO: CONTRATAÇÃO DE SERVIÇOS COMUNS DE ENGENHARIA DE EMPRESA ESPECIALIZADA PARA A OBRA DE CONSTRUÇÃO DOS BLOCOS ANEXOS DO CAMPUS DOS MALÊS. PERÍODO DE 01/03/2026 À 31/03/2026. CONTRATO Nº 16/2023. PROCESSO Nº 23804.000809/2023-86. ""Conforme art 114 da IN 2110/2022, não se aplica a retenção referente ao recolhimento de INSS na fonte: Art. 114. Não se aplica a retenção de que trata o art. 110 à contratação de serviços: II - por órgãos públicos da administração direta, autarquias e fundações de direito público, quando contratantes de obra de construção civil, reforma ou acréscimo, por meio de empreitada total, observado o disposto no inciso II do § 2º do art. 135."" DADOS BANCÁRIOS: BANCO: (104) CAIXA ECONÔMICA FEDERAL AGÊNCIA: 1977. OPERAÇÃO: 003. CONTA: 3274-3"
1650;1;DINAMICA EMPREENDIMENTOS E SOLUCOES LTDA;NFSE;1800;05/05/2026;6;INSTITUTO FEDERAL DE EDUCAÇÃO, CIÊNCIA E TECNOLOGIA DO CEARÁ;CR;Não;Não;Não;Não;R$ 0,00;R$ 0,00;R$ 26.131,82;R$ 0,00;R$ 26.131,82;R$ 26.131,82;"4ª MEDIÇÃO - OBJETO: CONTRATAÇÃO DE SERVIÇO COMUM DE ENGENHARIA DE MANUTENÇÃO PREVENTIVA E CORRETIVA DAS SUBESTAÇÕES DO IFCE - GRUPO 04 - CAMPUS JUAZEIRO DO NORTE. ""SERVIÇO DE EXECUÇÃO PREVENTIVA"" CONTRATO Nº 29 / 2023. PROCESSO Nº 23255.001512/2023-00. DADOS BANCÁRIOS: BANCO: (104) CAIXA ECONÔMICA FEDERAL AGÊNCIA: 1977. OPERAÇÃO: 003. CONTA: 3274-3."
1651;1;DINAMICA EMPREENDIMENTOS E SOLUCOES LTDA;NFSE;1801;05/05/2026;6;INSTITUTO FEDERAL DE EDUCAÇÃO, CIÊNCIA E TECNOLOGIA DO CEARÁ;CR;Não;Não;Não;Não;R$ 0,00;R$ 0,00;R$ 1.053,69;R$ 0,00;R$ 1.053,69;R$ 1.053,69;MEDIÇÃO REFERENTE AO APOSTILAMENTO DO REAJUSTE CONTRATUAL - OBJETO: CONTRATAÇÃO DE SERVIÇO COMUM DE ENGENHARIA DE MANUTENÇÃO PREVENTIVA DAS SUBESTAÇÕES DO IFCE - GRUPO 04 - CAMPUS JUAZEIRO DO NORTE. CONTRATO Nº 29/2023. PROCESSO Nº 23255.001512/2023-00. DADOS BANCÁRIOS: BANCO: (104) CAIXA ECONÔMICA FEDERAL AGÊNCIA: 1977. OPERAÇÃO: 003. CONTA: 3274-3.
1647;1;DINAMICA EMPREENDIMENTOS E SOLUCOES LTDA;NFSE;1797;30/05/2026;6;INSTITUTO FEDERAL DE EDUCAÇÃO, CIÊNCIA E TECNOLOGIA DO CEARÁ;CR;Não;Não;Não;Não;R$ 0,00;R$ 0,00;R$ 941.955,44;R$ 0,00;R$ 941.955,44;R$ 941.955,44;"REFERENTE A 02ª MEDIÇÃO DO OBJETO: CONTRATAÇÃO DE OBRA DE ENGENHARIA DA CONSTRUÇÃO DO CAMPUS CAMPOS SALES PERTENCENTE A EXPANSÃO IV DO IFCE. CONTRATO DE OBRA DE ENGENHARIA No 02/2026. PROCESSO No 23255.000507/2025-33. MATERIAL 40% - R$ 376.782,18. MÃO DE OBRA 60% - R$ 565.173,26. ""Considerando que o inciso VII do art. 114 e o anexo VI da Instrução Normativa no 2.110/22 da Receita Federal do Brasil prevê a não aplicação do instituto da retenção do INSS quando o órgão público efetuar contratação de obra de construção civil, reforma ou acréscimo e, por consequência, afasta a responsabilidade solidária da Administração Pública nesses casos (art. 135, § 2°,II)"" DADOS BANCÁRIOS: BANCO: (033) SANTANDER AGÊNCIA: 3132 CONTA: 13013643 - 8 CNPJ / PIX: 25.025.604/0001-13"
TOTAL;1;DINAMICA EMPREENDIMENTOS E SOLUCOES LTDA;;;;;;;;;;;R$ 0,00;R$ 0,00;R$ 3.354.157,55;R$ 151.913.640,62;R$ 155.267.798,17;R$ 155.267.798,17;
